{"type":"FeatureCollection","features":[{"type":"Feature","id":0,"geometry":{"type":"Polygon","coordinates":[[[101.49328332132842,3.0666719998264647],[101.49329333434909,3.0666786238247612],[101.49321138162594,3.0667970855617335],[101.49321078900837,3.0667975710644466],[101.4932101880319,3.0667980461810145],[101.49320957887853,3.0667985107675499],[101.49320896173276,3.0667989646833544],[101.49320833678146,3.0667994077909611],[101.49320770421392,3.0667998399561762],[101.49320706422169,3.0668002610481202],[101.49320641699862,3.066800670939267],[101.49320576274069,3.0668010695054821],[101.49320510164604,3.0668014566260613],[101.4932044339149,3.0668018321837667],[101.49320375974948,3.0668021960648617],[101.49320307935393,3.0668025481591461],[101.49320239293435,3.0668028883599896],[101.49320170069858,3.0668032165643631],[101.49320100285628,3.0668035326728718],[101.49320029961878,3.066803836589783],[101.49319959119906,3.066804128223056],[101.49319887781165,3.0668044074843714],[101.49319815967262,3.0668046742891555],[101.49319743699942,3.0668049285566075],[101.49319671001095,3.0668051702097232],[101.49319597892736,3.066805399175319],[101.49319524397004,3.0668056153840535],[101.49319450536159,3.0668058187704488],[101.49319376332569,3.0668060092729097],[101.49319301808706,3.0668061868337433],[101.49319226987139,3.0668063513991757],[101.49319151890528,3.066806502919369],[101.49319076541614,3.0668066413484358],[101.4931900096322,3.0668067666444538],[101.49318925178231,3.0668068787694769],[101.493188492096,3.066806977689549],[101.49318773080334,3.066807063374712],[101.49318696813486,3.0668071357990163],[101.49318620432157,3.0668071949405289],[101.49318543959477,3.0668072407813392],[101.49318467418604,3.0668072733075635],[101.49318390832721,3.0668072925093526],[101.49318314225019,3.0668072983808905],[101.49318237618699,3.0668072909203992],[101.49318161036963,3.0668072701301381],[101.49318084503003,3.0668072360164031],[101.49318008039994,3.0668071885895265],[101.49317931671095,3.06680712786387],[101.49317855419434,3.0668070538578251],[101.49317779308105,3.0668069665938038],[101.49317703360154,3.0668068660982342],[101.49317627598586,3.0668067524015505],[101.49317552046342,3.0668066255381854],[101.49317476726304,3.0668064855465595],[101.49317401661281,3.0668063324690684],[101.49317326874009,3.0668061663520709],[101.49317252387135,3.0668059872458753],[101.49317178223218,3.0668057952047234],[101.49317104404717,3.0668055902867737],[101.49317030953989,3.0668053725540854],[101.49316957893278,3.0668051420725981],[101.4931688524471,3.0668048989121117],[101.49316813030285,3.0668046431462672],[101.49316741271876,3.0668043748525218],[101.49316669991212,3.0668040941121277],[101.49316599209881,3.0668038010101064],[101.49316528949321,3.0668034956352224],[101.49316459230806,3.0668031780799572],[101.49316390075452,3.0668028484404819],[101.49316321504205,3.0668025068166265],[101.49316253537827,3.0668021533118504],[101.49316186196904,3.0668017880332115],[101.4931611950183,3.0668014110913329],[101.49316053472803,3.0668010226003704],[101.4931598812982,3.0668006226779769],[101.49315923492669,3.0668002114452682],[101.49315859580925,3.0667997890267835],[101.49315796413946,3.0667993555504518],[101.49315734010858,3.0667989111475498],[101.49315672390563,3.0667984559526626],[101.4931561157172,3.0667979901036455],[101.49315551572748,3.0667975137415784],[101.4931549241182,3.0667970270107259],[101.4931543410685,3.0667965300584932],[101.49315376675497,3.0667960230353803],[101.49315320135153,3.0667955060949379],[101.49315264502941,3.0667949793937188],[101.49315209795711,3.0667944430912333],[101.49315156030028,3.066793897349898],[101.49315103222176,3.0667933423349898],[101.49315051388147,3.0667927782145923],[101.49315000543641,3.0667922051595471],[101.49314950704054,3.0667916233434029],[101.4931490188448,3.0667910329423602],[101.49314854099704,3.0667904341352199],[101.49314807364199,3.0667898271033289],[101.49314761692116,3.0667892120305242],[101.49314717097288,3.0667885891030786],[101.4931467359322,3.0667879585096443],[101.49314631193089,3.0667873204411928],[101.49314589909731,3.0667866750909627],[101.49314549755654,3.0667860226543948],[101.49314510743015,3.0667853633290774],[101.49314472883631,3.0667846973146857],[101.49314436188966,3.066784024812919],[101.49314400670134,3.0667833460274423],[101.4931436633789,3.0667826611638236],[101.49314333202634,3.0667819704294716],[101.49314301274399,3.0667812740335725],[101.49314270562853,3.0667805721870272],[101.493142410773,3.0667798651023883],[101.4931421282667,3.0667791529937931],[101.49314185819514,3.0667784360769015],[101.49314160064016,3.0667777145688295],[101.49314135567973,3.0667769886880829],[101.49314112338804,3.0667762586544924],[101.49314090383545,3.0667755246891466],[101.49314069708845,3.0667747870143232],[101.49314050320963,3.0667740458534256],[101.49314032225773,3.0667733014309113],[101.49314015428754,3.0667725539722261],[101.49313999934994,3.0667718037037353],[101.49313985749184,3.0667710508526551],[101.4931397287562,3.0667702956469842],[101.49313961318202,3.0667695383154334],[101.49313951080428,3.0667687790873583],[101.49313942165402,3.066768018192688],[101.49313934575819,3.0667672558618575],[101.49313928313983,3.0667664923257356],[101.49313923381786,3.0667657278155569],[101.49313919780724,3.0667649625628508],[101.49313917511886,3.0667641967993706],[101.4931391657596,3.0667634307570255],[101.4931391697323,3.0667626646678094],[101.49313918703575,3.0667618987637288],[101.49313921766472,3.0667611332767355],[101.49313926160991,3.0667603684386551],[101.49313931885803,3.0667596044811152],[101.49313938939173,3.0667588416354783],[101.49313947318967,3.0667580801327694],[101.49313957022646,3.0667573202036071],[101.49313968047271,3.0667565620781327],[101.49313980389503,3.066755805985943],[101.49313994045605,3.066755052156017],[101.49314009011441,3.0667543008166493],[101.49314025282479,3.0667535521953813],[101.49314042853791,3.06675280651893],[101.49314061720055,3.0667520640131203],[101.49314081875558,3.0667513249028184],[101.49314103314197,3.066750589411861],[101.49314126029478,3.0667498577629884],[101.49314150014521,3.0667491301777789],[101.49314175262064,3.06674840687658],[101.49314186461129,3.0667484851709195],[101.49314189580888,3.0667484299595826],[101.49290344526412,3.0665814612841396],[101.49298567100233,3.0664625946028745],[101.49326062233058,3.0666558972156128],[101.49327331683052,3.0666365669543394],[101.4932635074442,3.0666299311930065],[101.49326783511465,3.0666234396873548],[101.49325225550108,3.0666130532783122],[101.49328254919412,3.066568478272838],[101.49298018928647,3.0663565666772312],[101.49306255928045,3.0662384212743712],[101.49336794855741,3.0664536507506441],[101.49330793819406,3.0665429450172743],[101.49331947864856,3.0665504463126938],[101.49334832978479,3.066507458119712],[101.49336051938984,3.0665154643100156],[101.49336434216538,3.0665099825941322],[101.49337992177895,3.0665200804918125],[101.49340062246918,3.0664893179678074],[101.49340238960127,3.0664905441410975],[101.49345830670966,3.0664104371581606],[101.49348573332104,3.0664291002369088],[101.49351283535714,3.0663912060726695],[101.49353717850333,3.0664088142817496],[101.49350985332168,3.0664469721634093],[101.4936178760329,3.0665220099115529],[101.49362097978404,3.0665175064295069],[101.49362910430915,3.0665230140663335],[101.49363494666423,3.0665139766733089],[101.49354557688879,3.066449984627754],[101.49357652311339,3.0664045238022379],[101.49366936178718,3.0664692917855789],[101.4936634737887,3.0664783291786031],[101.49366840327581,3.066481478573142],[101.49366648625305,3.0664844910374831],[101.49367607136686,3.0664909267567579],[101.49368237015594,3.066481615503339],[101.49374494725608,3.0665261178174741],[101.49374802818551,3.0665222153068497],[101.49377883747991,3.0665431656270425],[101.49377596194577,3.0665470681376665],[101.49387167615372,3.0666138216088683],[101.49386263876069,3.0666277884889968],[101.49390207465757,3.0666551060633651],[101.49385339597241,3.066726172835784],[101.49386263876073,3.0667329508805521],[101.493828132351,3.0667820403562978],[101.49381683560972,3.0667744407303457],[101.49379259896483,3.0668079201635954],[101.49371393256644,3.0667549281772262],[101.49370961926523,3.0667623224078824],[101.49363999025988,3.0667132329321367],[101.49365868123181,3.0666869423342478],[101.4935781662758,3.0666314856043271],[101.4936151374291,3.0665782882226615],[101.49359069538887,3.0665604188319087],[101.49359377631832,3.0665563109259888],[101.49349066787971,3.0664845252700346],[101.49347516053486,3.0665069133572995],[101.49345338863348,3.0664920221983389],[101.49341128259785,3.0665496355788688],[101.49344522417053,3.0665735641308531],[101.49338037060579,3.066668148664665],[101.49339130790531,3.0666744645700175],[101.49342196315324,3.0666304072790234],[101.49373036419021,3.0668463804327759],[101.49364841146708,3.0669646881232766],[101.4933409347089,3.0667485609230516],[101.49337205209625,3.066705119817946],[101.49329641527854,3.0666539763892402],[101.49328332132842,3.0666719998264647]]]},"properties":{"FID":0,"id":0,"NAME":" ","Height":0}},{"type":"Feature","id":1,"geometry":{"type":"Polygon","coordinates":[[[101.49440015823828,3.0669959980340424],[101.49439615303049,3.0670508385713755],[101.49402274442798,3.0670197211878323],[101.49403383817885,3.0668745973939071],[101.49440856099075,3.0669075464861049],[101.49440427175981,3.0669615518029034],[101.49441694448758,3.0669623316630736],[101.49442688770473,3.0668490569733269],[101.49446724546854,3.066852371379051],[101.49447025659529,3.0668143748585273],[101.49446735378244,3.0668143748585281],[101.49447012661859,3.0667795411042507],[101.49444395797732,3.0667771148726097],[101.49444612425559,3.0667499930689077],[101.49431961360573,3.0667408080491225],[101.49431926700122,3.0667442740943245],[101.49429223184863,3.0667427143739836],[101.49428772598986,3.0668077027215142],[101.49419033011969,3.0667992109107702],[101.49418738398127,3.0668317917356656],[101.49410402559418,3.0668248163196963],[101.4941040255942,3.0668216968790145],[101.49401100560611,3.0668141149051369],[101.49401113558281,3.0668087858606392],[101.49400827609551,3.0668087858606392],[101.49400836274665,3.0667970879580837],[101.49401330186109,3.0667972612603438],[101.49401323687277,3.0667903508327252],[101.4940066513869,3.0667902641815954],[101.49400708464255,3.0667685147479551],[101.4940149265698,3.0667686447246489],[101.4940150565465,3.066765351981708],[101.49399997924988,3.0667646587726676],[101.4940037918996,3.0667024432612986],[101.49401674624356,3.0667029631680784],[101.49402333172944,3.0666186516185485],[101.49406180483118,3.066621077850189],[101.49406267134246,3.0666049607400021],[101.49430208841473,3.0666262769179911],[101.49429671604467,3.0666912652655047],[101.49432479101078,3.0666944713573137],[101.49432444440629,3.066698890564945],[101.49452039149494,3.0667157008841683],[101.49451033996388,3.0668501834379565],[101.49452963428216,3.0668511077166767],[101.49452905660796,3.066857346598038],[101.49454188097522,3.0668574621328766],[101.49453725958163,3.0669137275999687],[101.49455089269276,3.0669146518786889],[101.49456094422384,3.0668066268032663],[101.49493412175713,3.0668385914423406],[101.49492141292474,3.0669813925046121],[101.49454785027531,3.0669497359584463],[101.49454831241468,3.0669372581957237],[101.49453537251257,3.0669369501028161],[101.49452967279386,3.0670066561229645],[101.49451854293761,3.0670060784487645],[101.49451615521755,3.0670309569509846],[101.49485059006781,3.0670599176842179],[101.49483734207283,3.0672028727929415],[101.49454464820715,3.0671778433360561],[101.49454464659041,3.0671778655176603],[101.4945444121402,3.0671785527907467],[101.49454416579859,3.067179235891762],[101.49454390763972,3.0671799146149747],[101.4945436377414,3.0671805887559715],[101.49454335618486,3.0671812581117193],[101.49454306305495,3.0671819224806254],[101.49454275843992,3.0671825816626002],[101.49454244243151,3.0671832354591153],[101.49454211512491,3.0671838836732648],[101.49454177661869,3.0671845261098243],[101.49454142701481,3.0671851625753086],[101.49454106641853,3.0671857928780311],[101.49454069493848,3.0671864168281617],[101.49454031268652,3.0671870342377834],[101.49453991977781,3.0671876449209488],[101.49453951633065,3.0671882486937361],[101.49453910246655,3.0671888453743055],[101.49453867831015,3.0671894347829527],[101.49453824398923,3.0671900167421637],[101.49453779963456,3.0671905910766672],[101.49453734537998,3.0671911576134896],[101.49453688136229,3.067191716182005],[101.49453640772127,3.0671922666139873],[101.49453592459953,3.0671928087436613],[101.4945354321426,3.067193342407752],[101.49453493049877,3.0671938674455341],[101.49453441981916,3.0671943836988795],[101.49453390025754,3.0671948910123077],[101.49453337197039,3.0671953892330284],[101.49453283511683,3.0671958782109914],[101.49453228985854,3.0671963577989292],[101.49453173635973,3.0671968278524031],[101.49453117478711,3.0671972882298451],[101.49453060530982,3.0671977387926024],[101.49453002809935,3.067198179404977],[101.49452944332954,3.0671986099342683],[101.49452885117653,3.0671990302508125],[101.49452825181864,3.0671994402280216],[101.49452764543638,3.0671998397424209],[101.49452703221239,3.0672002286736877],[101.49452641233134,3.0672006069046867],[101.49452578597995,3.0672009743215036],[101.49452515334683,3.0672013308134836],[101.49452451462253,3.0672016762732599],[101.4945238699994,3.0672020105967901],[101.49452321967161,3.067202333683384],[101.49452256383499,3.0672026454357368],[101.49452190268708,3.0672029457599574],[101.49452123642699,3.0672032345655955],[101.4945205652554,3.0672035117656713],[101.49451988937443,3.0672037772766991],[101.49451920898764,3.0672040310187141],[101.49451852429995,3.067204272915296],[101.49451783551756,3.0672045028935919],[101.49451714284791,3.0672047208843387],[101.49451644649965,3.0672049268218835],[101.49451574668245,3.0672051206442026],[101.49451504360711,3.0672053022929231],[101.49451433748537,3.0672054717133364],[101.49451362852989,3.0672056288544178],[101.49451291695418,3.0672057736688405],[101.49451220297257,3.0672059061129908],[101.49451148680008,3.0672060261469793],[101.4945107686524,3.0672061337346554],[101.49451004874582,3.0672062288436166],[101.49450932729717,3.0672063114452186],[101.4945086045237,3.0672063815145836],[101.49450788064313,3.0672064390306093],[101.49450715587344,3.0672064839759727],[101.49450643043291,3.0672065163371376],[101.49450570454005,3.0672065361043583],[101.49450497841346,3.0672065432716806],[101.49450425227184,3.0672065378369462],[101.49450352633387,3.0672065198017924],[101.4945028008182,3.06720648917165],[101.49450207594333,3.0672064459557449],[101.49450135192757,3.0672063901670916],[101.49450062898897,3.0672063218224932],[101.49449990734527,3.0672062409425322],[101.49449918721382,3.0672061475515684],[101.49449846881147,3.0672060416777285],[101.49449775235462,3.0672059233528985],[101.49449703805902,3.0672057926127145],[101.49449632613981,3.0672056494965525],[101.49449561681141,3.0672054940475153],[101.49449491028743,3.0672053263124197],[101.49449420678066,3.0672051463417831],[101.49449350650299,3.0672049541898079],[101.49449280966533,3.0672047499143651],[101.49449211647753,3.0672045335769766],[101.49449142714836,3.0672043052427984],[101.49449074188544,3.0672040649805981],[101.49449006089515,3.0672038128627359],[101.49448938438259,3.0672035489651437],[101.49448871255149,3.0672032733673],[101.4944880456042,3.0672029861522079],[101.49448738374159,3.0672026874063683],[101.49448672716298,3.0672023772197554],[101.49448607606614,3.0672020556857902],[101.49448543064715,3.0672017229013089],[101.49448479110038,3.0672013789665384],[101.49448415761846,3.0672010239850618],[101.49448353039216,3.0672006580637903],[101.49448290961041,3.06720028131293],[101.49448229546016,3.0671998938459479],[101.49448168812637,3.0671994957795383],[101.49448108779197,3.0671990872335888],[101.49448049463774,3.0671986683311427],[101.49447990884235,3.0671982391983614],[101.49447933058219,3.067197799964489],[101.49447876003146,3.0671973507618104],[101.49447819736196,3.0671968917256143],[101.49447764274316,3.0671964229941491],[101.49447709634211,3.067195944708585],[101.49447655832336,3.0671954570129687],[101.49447602884894,3.0671949600541808],[101.49447550807832,3.0671944539818923],[101.49447499616835,3.0671939389485186],[101.4944744932732,3.0671934151091742],[101.49447399954433,3.067192882621625],[101.49447351513042,3.0671923416462423],[101.49447304017738,3.0671917923459535],[101.49447257482827,3.0671912348861934],[101.49447211922319,3.0671906694348539],[101.4944716734994,3.0671900961622334],[101.49447123779113,3.0671895152409867],[101.49447081222959,3.0671889268460721],[101.49447039694297,3.0671883311546977],[101.49446999205632,3.0671877283462705],[101.49446959769161,3.0671871186023396],[101.49446921396758,3.0671865021065443],[101.49446884099982,3.0671858790445565],[101.49446847890064,3.0671852496040257],[101.49446812777911,3.0671846139745225],[101.49446778774097,3.0671839723474816],[101.49446745888865,3.0671833249161442],[101.49446714132115,3.0671826718754991],[101.49446683513416,3.0671820134222245],[101.49446654041986,3.0671813497546294],[101.49446625726702,3.0671806810725926],[101.49446598576094,3.0671800075775035],[101.49446572598335,3.0671793294722001],[101.49446547801251,3.0671786469609104],[101.49446524192312,3.0671779602491882],[101.49446501778625,3.0671772695438531],[101.49446480566944,3.067176575052927],[101.49446460563654,3.0671758769855715],[101.49446441774781,3.0671751755520265],[101.49446424205982,3.0671744709635442],[101.49446407862551,3.0671737634323293],[101.4944639274941,3.0671730531714698],[101.49446378871109,3.0671723403948783],[101.49446366231828,3.0671716253172239],[101.49446354835375,3.0671709081538676],[101.49446901700283,3.0671123705015879],[101.49445638519366,3.0671111381299609],[101.49446085254081,3.0670536691749528],[101.49447437011709,3.0670541505701183],[101.49447621867451,3.0670269613711327],[101.4944880417398,3.0670274235104924],[101.49448896601852,3.0670037003567026],[101.49441340623325,3.0669976925450277],[101.49441348325648,3.0669963831501756],[101.49440015823828,3.0669959980340424]]]},"properties":{"FID":1,"id":0,"NAME":" ","Height":0}},{"type":"Feature","id":2,"geometry":{"type":"Polygon","coordinates":[[[101.49464466365706,3.0692850476980076],[101.49467881830401,3.0692252205771413],[101.49467466817889,3.0692228120224252],[101.49470260741357,3.069169749709352],[101.49492997497852,3.0692942534606917],[101.49491367091585,3.0693238972110106],[101.49493946097863,3.0693384226486669],[101.49499860026053,3.0692299265225005],[101.49503654426094,3.069250825366475],[101.49504395519853,3.0692346695225514],[101.49499385726051,3.069207841928514],[101.49501890622953,3.0691621905530231],[101.49503224591717,3.0691691568343482],[101.49508189919896,3.0690791880521311],[101.49505536804243,3.0690637733019646],[101.49503521029222,3.0691017173023729],[101.49484252591516,3.068996037332488],[101.49486438818103,3.0689571299101948],[101.4948338551182,3.0689429009100415],[101.4948723919936,3.0688676057842317],[101.49491967377536,3.0688916172219902],[101.49491582008781,3.0688991763783213],[101.4950046772294,3.0689480885663478],[101.49500919790134,3.0689403811912648],[101.49509694340227,3.0689888487230284],[101.49509279327722,3.0689961114418556],[101.49532109956087,3.0691215045056861],[101.49532302640463,3.0691188365681579],[101.49532618840468,3.0691200717244205],[101.4953277694047,3.0691163168493807],[101.49535701790501,3.069131533974542],[101.49536536756135,3.0691165144743819],[101.49527228618537,3.0690650825675863],[101.4953434311861,3.0689352429412118],[101.49543512918707,3.068985439691744],[101.49544797481221,3.0689646890665241],[101.49529619881061,3.0688814889406428],[101.49529264156057,3.0688876153157079],[101.4952199155598,3.0688486831902964],[101.49522347280983,3.0688417663152232],[101.49511260518368,3.0687820835645914],[101.49510964080864,3.0687874194396478],[101.49506537280817,3.0687633091893924],[101.49512564843384,3.0686504653131954],[101.49520272218466,3.0686923618136395],[101.49522367043488,3.068655998813254],[101.49521517255981,3.0686512558132049],[101.49523908518506,3.0686058020627232],[101.49524619968514,3.0686097545627651],[101.49529738456071,3.0685144993117541],[101.49526714793537,3.0684982940615826],[101.49526280018532,3.0685052109366557],[101.49521754405983,3.0684809030613982],[101.49527940068548,3.0683680591852012],[101.49549046418778,3.068484065061432],[101.4954937250003,3.0684778398738652],[101.49563858412681,3.068564794874777],[101.49563423637676,3.0685713164998454],[101.49568206162726,3.0685983911251293],[101.49570281225247,3.0685590637497171],[101.49561724062657,3.0685134123742381],[101.49568746337731,3.0683831116228721],[101.49577257387817,3.0684299487483622],[101.49577758037823,3.0684213849982722],[101.49581888400368,3.0684440459985112],[101.49581414100363,3.0684522803735974],[101.49589931737955,3.0684997103740934],[101.49582948987882,3.0686292206254522],[101.49574429154455,3.0685821858749605],[101.49572268454433,3.0686204812086917],[101.49574306187787,3.0686310212088013],[101.49574639954457,3.06862417020873],[101.49582246321206,3.0686665058758371],[101.49582597654543,3.0686598305424346],[101.49589747287951,3.068700233876188],[101.49589448654615,3.0687051525429059],[101.49596159121347,3.0687416912099517],[101.49599391388047,3.068682667209337],[101.49596747604684,3.0686686138758574],[101.4959651338246,3.0686722443203402],[101.49592964915756,3.0686538578757032],[101.49593199137981,3.0686494076534343],[101.4959166498241,3.0686416783200201],[101.49597684493585,3.0685315938744235],[101.49604636989962,3.0685698892081592],[101.49605167893671,3.0685611449117713],[101.49609672767789,3.0685849575046125],[101.4960914186408,3.0685944825417493],[101.4961623099008,3.068632894986596],[101.49610375434465,3.0687431355803412],[101.49608829567782,3.0687351720247027],[101.49608642190002,3.0687387243951103],[101.49605050782559,3.0687186593578639],[101.49605242064042,3.068715341209681],[101.49602630486238,3.0687012878762001],[101.49599351375095,3.0687595311360694],[101.49610562812249,3.0688235518774802],[101.49604457419592,3.0689341047675263],[101.49599956449177,3.068909277211711],[101.49600397567698,3.068901625952372],[101.49597337063962,3.0688863234336936],[101.49592137330576,3.068980402693938],[101.49592808767621,3.0689836037310085],[101.49590411893523,3.0690290428425944],[101.495892407824,3.0690233434351275],[101.49587148397188,3.0690605847688577],[101.49595143182458,3.0691038898557368],[101.49589147093506,3.0692154837334646],[101.49584629207038,3.0691917492146938],[101.49584983142844,3.0691850868936355],[101.49573927853839,3.0691245014115109],[101.49573573918033,3.0691305391399699],[101.49566432742648,3.069091606201285],[101.49566807498208,3.0690847356826936],[101.49551614283233,3.069001977163297],[101.49550417147414,3.0690242022499516],[101.49561836782105,3.069086036917275],[101.49554799705487,3.0692159521779128],[101.49543432120181,3.0691538052142886],[101.49542214164615,3.0691761864490945],[101.49543078184377,3.069181547535571],[101.49543400890552,3.0691751454614291],[101.49547897957267,3.0691996086715645],[101.49547741809117,3.0692022111407278],[101.49548106154801,3.0692042931160586],[101.4954789795727,3.0692076242765878],[101.49570612308129,3.0693320223025995],[101.49571018293319,3.0693245271914087],[101.49579929147733,3.0693733495129139],[101.4957956480205,3.0693807405253382],[101.4958849647622,3.0694298751431446],[101.4958884000215,3.0694235251183861],[101.49593430757751,3.069448508822354],[101.49590411893521,3.0695022237858871],[101.49592389770086,3.0695132582551401],[101.49592660426879,3.0695082615143461],[101.49591952555267,3.0695043057612179],[101.49593743054054,3.0694719830942088],[101.49593363093554,3.0694699011188784],[101.49595216051597,3.0694340911431901],[101.49595746955306,3.0694362772172874],[101.49596475646672,3.0694220156862722],[101.49607343557899,3.0694815601807304],[101.49603538747981,3.0695525034901263],[101.49604309078853,3.0695567194901705],[101.49601912493914,3.0696026617458099],[101.49600996424768,3.0695980351339633],[101.49597258122397,3.0696694700208735],[101.49586326980807,3.0696092623787106],[101.49587091913963,3.0695940870918546],[101.49586623083962,3.0695918663181683],[101.49588617667737,3.0695551413014646],[101.49589070047563,3.0695573620751517],[101.49590747965459,3.0695257777382765],[101.49591537573882,3.0695297257803857],[101.49591767876338,3.069524790727749],[101.4958972805458,3.0695142626154572],[101.49589300350019,3.0695221586996762],[101.49586405119139,3.0695070245382565],[101.49584233695978,3.069544530938296],[101.4956495409035,3.069439907822396],[101.49566928111405,3.0694014144118293],[101.49564690887543,3.0693892412819919],[101.49559722934552,3.0694800462505092],[101.4956084154648,3.0694861328154284],[101.49558291769287,3.069531206296177],[101.4955361169437,3.0695038990049204],[101.49552731609982,3.069520924936517],[101.49556293072969,3.0695409941505729],[101.49550519061381,3.069646567721056],[101.49553194956589,3.0696616287705849],[101.49554657194408,3.0696334075806919],[101.4957765819529,3.0697581364665925],[101.49578972381528,3.0697327118065276],[101.49579394602699,3.0697351427769002],[101.49580242700634,3.0697206666224992],[101.49591136372381,3.0697795948065765],[101.49587276064544,3.0698505133407652],[101.49588080295344,3.0698544613828744],[101.4958552137916,3.0699005218741506],[101.4958480488263,3.0698968662796049],[101.4958126626711,3.0699635443241196],[101.49569773077857,3.0699033001260059],[101.49572448973065,3.0698547538304393],[101.49572832810493,3.0698567826854117],[101.49574806831548,3.0698208116350529],[101.49573549307024,3.069814670236211],[101.49570917278945,3.0698667259025827],[101.49566316103945,3.0698423552722591],[101.49566647544516,3.0698359214258537],[101.4954894471865,3.0697403885549828],[101.49551206313146,3.0696959365252718],[101.49549081194181,3.0696848235178438],[101.49547648201121,3.0697136783441477],[101.49540025067957,3.0696726382026815],[101.4954045399105,3.0696636698107223],[101.49536544941944,3.0696429060336872],[101.4953606727759,3.0696511920479974],[101.49525695137326,3.0695942622555608],[101.49526202046437,3.0695850988985587],[101.49525929095377,3.0695837341432606],[101.49525636647813,3.0695894856120169],[101.49522010298024,3.0695702815553201],[101.49521620367939,3.0695757405765129],[101.49519397766453,3.0695622879885738],[101.49519651221009,3.0695560491072107],[101.49516375808292,3.0695388921834628],[101.49516648759352,3.0695322633720146],[101.49515907892192,3.0695285590362054],[101.49515459472596,3.0695371374980795],[101.4950532129038,3.0694809875658127],[101.49505652730952,3.0694739688242794],[101.49501753430104,3.0694524251870736],[101.49501382996523,3.0694596388936493],[101.49490084772303,3.0693976400101048],[101.49491702982159,3.0693691751138856],[101.49489519373681,3.0693578671414157],[101.49487179793169,3.0694007594507866],[101.4946951596031,3.0693028869994046],[101.49469067540711,3.0693107830836297],[101.49464466365706,3.0692850476980076]],[[101.49506463097737,3.0693469789983623],[101.49516747340972,3.0694033041452409],[101.4952629153576,3.0692290394941435],[101.49516007292524,3.0691727143472649],[101.49506463097737,3.0693469789983623]],[[101.49529041528689,3.069469486573249],[101.49542859243532,3.0695440357564161],[101.49546562960911,3.0694794581200422],[101.49550266678291,3.0694989263780665],[101.49552593372543,3.0694557163419636],[101.49549411974282,3.0694381474261849],[101.4955287827388,3.0693768936387413],[101.49538348305695,3.0692966464288354],[101.49537612310574,3.0693097044067787],[101.49541470349511,3.0693302410448169],[101.49539297976817,3.0693666846741676],[101.4953591477344,3.0693481660872663],[101.49529041528689,3.069469486573249]],[[101.49531213901379,3.0687470242663122],[101.49547571986474,3.0688393797830376],[101.49547963725813,3.0688322572496141],[101.49552154149643,3.0688548119387891],[101.49554100975445,3.0688220482850408],[101.49551251962077,3.0688063787115087],[101.49556047801249,3.0687190089681793],[101.49558801847506,3.0687342037061498],[101.49561128541758,3.0686919433411699],[101.49540568161942,3.0685775079708306],[101.49531213901379,3.0687470242663122]],[[101.49560748673308,3.0689094180283711],[101.49577035533071,3.0689967877717006],[101.49586294826518,3.0688296456540267],[101.49565710704923,3.0687194838037413],[101.49563763879121,3.0687574706486669],[101.49566280507597,3.0687724279688569],[101.49561294734201,3.0688602725477478],[101.49558445720831,3.0688465023164619],[101.49556783796366,3.0688787911346491],[101.49561152283532,3.0689015832416047],[101.49560748673308,3.0689094180283711]]]},"properties":{"FID":2,"id":0,"NAME":" ","Height":0}},{"type":"Feature","id":3,"geometry":{"type":"Polygon","coordinates":[[[101.4962448837385,3.0689582276553318],[101.49639295427137,3.0688896950100513],[101.4964069609434,3.0689157074009605],[101.49648449787784,3.0688766888145964],[101.49651701336647,3.068943720745017],[101.49643897619374,3.0689822390930943],[101.49645248262749,3.0690102524371503],[101.49630741352433,3.0690817865121511],[101.49628871711838,3.0690448939385031],[101.4962727094932,3.0690533979893777],[101.49624869805544,3.0690027488628386],[101.49626420544232,3.0689962457651099],[101.4962448837385,3.0689582276553318]]]},"properties":{"FID":3,"id":0,"NAME":" ","Height":0}},{"type":"Feature","id":4,"geometry":{"type":"Polygon","coordinates":[[[101.49208921670055,3.0668787370970425],[101.49209021717712,3.0668582273272831],[101.49196058511494,3.0668543113994495],[101.49196074925568,3.0668328089693375],[101.49192857768085,3.066831214459798],[101.49193383018282,3.0667002770882252],[101.49199948645796,3.0667004646775826],[101.49199929886859,3.066679829848252],[101.49218026006882,3.066685269939621],[101.49218138560497,3.0666665110038656],[101.49217250637538,3.0666660732953641],[101.49217450732851,3.0666229277431256],[101.49215324720133,3.0666226776239824],[101.49215687392891,3.0664876132865433],[101.49217838417525,3.0664891140014037],[101.49217988489011,3.0664464686874529],[101.49218901423885,3.0664463436278817],[101.49218901423885,3.0664258338581223],[101.49196190605664,3.066419330760394],[101.49196690843949,3.0662652573680558],[101.4922970657088,3.0662752621337921],[101.4922885616579,3.0664488448193157],[101.49237660359638,3.0664503455341761],[101.49237610335807,3.0664768581633757],[101.49239561265125,3.0664776085208061],[101.4923931114598,3.0665406385449439],[101.49240636777441,3.0665406385449439],[101.49240436682126,3.0666131730965325],[101.49237035061776,3.0666111721433853],[101.4923688499029,3.0666727014526627],[101.49221014930643,3.0666674489506502],[101.49220952400857,3.0666867081246925],[101.49221715264244,3.0666868957140498],[101.49221721517219,3.066691835567132],[101.49227661846875,3.0666938365202792],[101.49227624329004,3.0667103443837438],[101.49230388145538,3.0667104694433158],[101.49229769100658,3.0668438454765368],[101.49226567575623,3.0668425948808196],[101.49226417504137,3.0668638550080094],[101.49213561380165,3.0668599781612857],[101.49213486344422,3.066879237335328],[101.49215162142683,3.0668796125140441],[101.49214962047368,3.0669581499250733],[101.49207258377751,3.0669576496867865],[101.49207308401581,3.0668781117991832],[101.49208921670055,3.0668787370970425]]]},"properties":{"FID":4,"id":0,"NAME":" ","Height":0}},{"type":"Feature","id":5,"geometry":{"type":"Polygon","coordinates":[[[101.49272796627943,3.0693469284369188],[101.49273110840103,3.0691771600683104],[101.49283981643374,3.0691788014751897],[101.49283953504971,3.0691665612696077],[101.49286621963581,3.0691668426536438],[101.49286565686774,3.0691794111406012],[101.4929104907242,3.0691805366767468],[101.49291086590293,3.0691220087971822],[101.49290092366697,3.0691220087971822],[101.49290045469358,3.0691347648734975],[101.49273237462917,3.069130825496988],[101.49273199945046,3.0690954649030862],[101.49273453190679,3.0690954649030862],[101.49273471949614,3.0690582284156069],[101.49255369576608,3.0690533510923101],[101.49255857308943,3.0688824571875584],[101.49263023222399,3.0688839579024183],[101.49263098258142,3.0688336839545878],[101.49262047757739,3.0688336839545878],[101.49261878927318,3.0688657617347332],[101.49256251246591,3.0688638858411577],[101.49256420077012,3.0688201775208421],[101.49259627855027,3.0688207402889152],[101.49260021792679,3.0686667294263432],[101.49276979870604,3.0686716067496409],[101.49276679727629,3.0687612744625623],[101.49284520962776,3.0688468152096173],[101.49292887448124,3.068769528394296],[101.49296057708271,3.0688029192999449],[101.49287578669306,3.0688829261609509],[101.49288197714186,3.068890054556539],[101.49290786447325,3.0688919304501172],[101.49290673893711,3.0689150039410991],[101.49292043296023,3.0689281351961291],[101.49294547613947,3.0689045927317533],[101.49296761168371,3.0689286041695225],[101.49294660167565,3.0689488638201405],[101.49319018645647,3.068954679090226],[101.49318981127776,3.0689685607026869],[101.4932652221995,3.0689723124898385],[101.49326147041235,3.0691433939839485],[101.49296301574445,3.0691358904096457],[101.49296264056574,3.0691426436265186],[101.4930012839734,3.0691441443413794],[101.49299959566918,3.0691749089960219],[101.49296020190408,3.0691743462279493],[101.49296001431473,3.0691810994448221],[101.49304480470435,3.0691844760532585],[101.49304030255979,3.0693533064750764],[101.49272796627943,3.0693469284369188]]]},"properties":{"FID":5,"id":0,"NAME":" ","Height":0}},{"type":"Feature","id":6,"geometry":{"type":"Polygon","coordinates":[[[101.49343381813452,3.0693966396166745],[101.49342865942715,3.0693129747631951],[101.49344422934387,3.069311567843013],[101.4934431976024,3.0692944034167948],[101.49345163912349,3.0692937468540431],[101.49345051358735,3.0692791148841523],[101.49349609780123,3.0692758320703946],[101.49349553503316,3.0692638263515097],[101.49358201372701,3.0692583862601399],[101.49358276408444,3.0692702043896674],[101.49367543322708,3.0692638263515097],[101.49368406233752,3.0693797565744925],[101.49343381813452,3.0693966396166745]]]},"properties":{"FID":6,"id":0,"NAME":" ","Height":0}},{"type":"Feature","id":7,"geometry":{"type":"Polygon","coordinates":[[[101.49369616185109,3.0693631549163465],[101.4936925507559,3.0693052601508635],[101.49368162367584,3.0693046973827909],[101.49368002916628,3.0692811549184147],[101.49371342007194,3.0692798417929117],[101.49371229453583,3.0692620208039418],[101.49373471146404,3.0692598166289908],[101.49373428938799,3.0692496399063423],[101.49375529939601,3.0692487488568938],[101.49375529939601,3.0692449032750635],[101.4938085747736,3.0692424646134144],[101.49380923133634,3.0692550565490437],[101.49381490591442,3.0692551034463831],[101.4938158438612,3.0692678595226983],[101.49388337602993,3.0692642953249045],[101.49388825335321,3.0693543382165411],[101.49371923534207,3.0693642804524921],[101.49371923534207,3.0693617479961648],[101.49369616185109,3.0693631549163465]]]},"properties":{"FID":7,"id":0,"NAME":" ","Height":0}},{"type":"Feature","id":8,"geometry":{"type":"Polygon","coordinates":[[[101.49426694936872,3.0695885200808024],[101.49435173975834,3.069511233265481],[101.49455883840911,3.0697280865628396],[101.49453932911591,3.0697475958560276],[101.49455564939002,3.0697618526472032],[101.49461830423547,3.0697014488740626],[101.49490494077384,3.0700000911313245],[101.494857293077,3.0700484891855795],[101.49487830308506,3.0700687488361975],[101.49482540288622,3.0701250256434705],[101.49480472115955,3.0701044846088164],[101.49480078178304,3.0701084239853254],[101.4947870408626,3.0700947299622214],[101.4947903705737,3.0700914002511244],[101.49478202284729,3.0700825835513186],[101.49477587929583,3.0700890084868147],[101.49450589131294,3.0698101569067746],[101.49451398110399,3.0698017857316926],[101.49449871602,3.0697857468416196],[101.49447096451944,3.0698106493288377],[101.49426694936872,3.0695885200808024]]]},"properties":{"FID":8,"id":0,"NAME":" ","Height":0}},{"type":"Feature","id":9,"geometry":{"type":"Polygon","coordinates":[[[101.4937408784641,3.0685582441559816],[101.49374066742607,3.0686105815867455],[101.4937407201856,3.0686150133853114],[101.49364158507227,3.0686127974860309],[101.49364227094587,3.0685705898805704],[101.49353801816039,3.0685676353481885],[101.49353780712239,3.0684232853375342],[101.4934922229085,3.0684234963755617],[101.49349201187047,3.0683553310927523],[101.49353928438858,3.0683553310927523],[101.49354139476885,3.0682194226031871],[101.49358961695808,3.0682200557172687],[101.49359014455314,3.0682135135384234],[101.49363061109486,3.0682138300954644],[101.49363071661386,3.068206971359579],[101.49363198284205,3.0681474586358877],[101.4935952622253,3.0681470365598331],[101.4935952622253,3.0681022964980511],[101.49355432084801,3.0681027185741057],[101.4935572753804,3.0679744074535238],[101.49368220989254,3.067976095757742],[101.49368220989254,3.0679224920988144],[101.49372779410643,3.0679237583269781],[101.49372779410645,3.0679777840619598],[101.49377717700483,3.0679769399098507],[101.49377295624427,3.0681250886049978],[101.49372188504168,3.0681250886049978],[101.49372146296561,3.0682078155116881],[101.49376156019079,3.0682086596637972],[101.4937624043429,3.0681862896329064],[101.49383753388061,3.0681875558610701],[101.4938358455764,3.0683593408152707],[101.49386834543259,3.0683589187392162],[101.49386961166076,3.0682719710719795],[101.49385568315095,3.0682715489959249],[101.49385652730307,3.0681592767654151],[101.49396457877303,3.0681601209175242],[101.49396457877303,3.0682723931480345],[101.49395065026323,3.0682719710719799],[101.49394853988296,3.068423074299508],[101.4938924037677,3.068423074299508],[101.4938924037677,3.0684728792739446],[101.4940101629869,3.0684733013499992],[101.49400889675873,3.0684424897980174],[101.49409204574148,3.0684441781022351],[101.49409288989358,3.0684551520796535],[101.49410808463155,3.0684551520796535],[101.49410808463155,3.0684745675781628],[101.49421486987335,3.0684771000344901],[101.49421444779729,3.0685948592537096],[101.49416126621442,3.068594437177655],[101.49416253244259,3.0687771961092749],[101.49414691562856,3.0687769850712474],[101.4941471266666,3.0688242575893576],[101.49410787359353,3.0688255238175213],[101.49410745151748,3.0688407185554851],[101.49406334456978,3.0688417737456213],[101.4940634500888,3.068828161792863],[101.49394653502169,3.0688273176407539],[101.49394716813578,3.0685696402094527],[101.49392015526828,3.0685704843615618],[101.49391994423026,3.0685173027786892],[101.49386686816639,3.0685171972596756],[101.49386686816638,3.0684783135031504],[101.49387003373678,3.0684780497056168],[101.4938708778889,3.0684223356664164],[101.49385990391147,3.068422335666416],[101.49385652730304,3.0685578220799261],[101.4937408784641,3.0685582441559816]]]},"properties":{"FID":9,"id":0,"NAME":" ","Height":0}},{"type":"Feature","id":10,"geometry":{"type":"Polygon","coordinates":[[[101.49346468244592,3.0678810231264526],[101.49346510452197,3.0678118026535066],[101.49351195837063,3.0678120883477065],[101.49351153629458,3.0678813088206525],[101.49346468244592,3.0678810231264526]]]},"properties":{"FID":10,"id":0,"NAME":" ","Height":0}},{"type":"Feature","id":11,"geometry":{"type":"Polygon","coordinates":[[[101.49353923162909,3.067877620138264],[101.49353998889343,3.0678153081009523],[101.49366154679709,3.0678167853671425],[101.49366078953274,3.0678790974044543],[101.49353923162909,3.067877620138264]]]},"properties":{"FID":11,"id":0,"NAME":" ","Height":0}},{"type":"Feature","id":12,"geometry":{"type":"Polygon","coordinates":[[[101.49247707723831,3.0672725741143347],[101.49245210572624,3.0672715685500895],[101.49246730046421,3.0668942325574884],[101.49249227197627,3.0668952381217336],[101.49247707723831,3.0672725741143347]]]},"properties":{"FID":12,"id":0,"NAME":" ","Height":0}},{"type":"Feature","id":13,"geometry":{"type":"Polygon","coordinates":[[[101.49253405750565,3.0673428497773862],[101.49253764515213,3.0672120062005335],[101.49259019463139,3.0672134470733572],[101.49258660698491,3.06734429065021],[101.49253405750565,3.0673428497773862]]]},"properties":{"FID":13,"id":0,"NAME":" ","Height":0}},{"type":"Feature","id":14,"geometry":{"type":"Polygon","coordinates":[[[101.49231732145178,3.0663959221494221],[101.49231879871797,3.0663575132284748],[101.49235657193603,3.0663589660445592],[101.49235509466983,3.0663973749655065],[101.49231732145178,3.0663959221494221]]]},"properties":{"FID":14,"id":0,"NAME":" ","Height":0}},{"type":"Feature","id":15,"geometry":{"type":"Polygon","coordinates":[[[101.49192647902545,3.0662273027657032],[101.49192706811156,3.0661961990191364],[101.49198278215074,3.0661972542092721],[101.49198219306463,3.0662283579558389],[101.49192647902545,3.0662273027657032]]]},"properties":{"FID":15,"id":0,"NAME":" ","Height":0}},{"type":"Feature","id":16,"geometry":{"type":"Polygon","coordinates":[[[101.49199000147163,3.0662289910699205],[101.49199134073972,3.0661996387777739],[101.49204684374087,3.0662021712341003],[101.49204550447278,3.0662315235262469],[101.49199000147163,3.0662289910699205]]]},"properties":{"FID":16,"id":0,"NAME":" ","Height":0}},{"type":"Feature","id":17,"geometry":{"type":"Polygon","coordinates":[[[101.49195729057742,3.0668751895091533],[101.49192744974428,3.0668738470552337],[101.491929296327,3.066832800158946],[101.49195913716014,3.0668341426128656],[101.49195729057742,3.0668751895091533]]]},"properties":{"FID":17,"id":0,"NAME":" ","Height":0}},{"type":"Feature","id":18,"geometry":{"type":"Polygon","coordinates":[[[101.49225068619474,3.0669064231371763],[101.49225150491267,3.0668815341120834],[101.49237981603321,3.0668857548726267],[101.49237899731527,3.0669106438977196],[101.49225068619474,3.0669064231371763]]]},"properties":{"FID":18,"id":0,"NAME":" ","Height":0}},{"type":"Feature","id":19,"geometry":{"type":"Polygon","coordinates":[[[101.49224794270039,3.0669509521609117],[101.49224910628124,3.0669135950917163],[101.49237783947784,3.0669176048142321],[101.49237667589699,3.0669549618834275],[101.49224794270039,3.0669509521609117]]]},"properties":{"FID":19,"id":0,"NAME":" ","Height":0}},{"type":"Feature","id":20,"geometry":{"type":"Polygon","coordinates":[[[101.49237034475618,3.0668711797866375],[101.49237319376957,3.0667832824483159],[101.49239770584009,3.0667840769572092],[101.49239485682671,3.0668719742955308],[101.49237034475618,3.0668711797866375]]]},"properties":{"FID":20,"id":0,"NAME":" ","Height":0}},{"type":"Feature","id":21,"geometry":{"type":"Polygon","coordinates":[[[101.49354487689658,3.0681993476107063],[101.49349000820591,3.0681987913382676],[101.4934923296242,3.0679698150787758],[101.49354719831487,3.0679703713512145],[101.49354487689658,3.0681993476107063]]]},"properties":{"FID":21,"id":0,"NAME":" ","Height":0}},{"type":"Feature","id":22,"geometry":{"type":"Polygon","coordinates":[[[101.49383294380368,3.0681362472405795],[101.49379243400462,3.0681353697720044],[101.49379496646095,3.0680184547049456],[101.49383547626002,3.0680193321735207],[101.49383294380368,3.0681362472405795]]]},"properties":{"FID":22,"id":0,"NAME":" ","Height":0}},{"type":"Feature","id":23,"geometry":{"type":"Polygon","coordinates":[[[101.49424024719616,3.0687005629252644],[101.49419003830432,3.0686768881174959],[101.49427740804759,3.0684915967296305],[101.49432761693943,3.0685152715373989],[101.49424024719616,3.0687005629252644]]]},"properties":{"FID":23,"id":0,"NAME":" ","Height":0}},{"type":"Feature","id":24,"geometry":{"type":"Polygon","coordinates":[[[101.49317155062657,3.069401631251564],[101.49334460180886,3.0693898131220414],[101.49334767659985,3.0694348368472668],[101.49317462541757,3.0694466549767894],[101.49317155062657,3.069401631251564]]]},"properties":{"FID":24,"id":0,"NAME":" ","Height":0}},{"type":"Feature","id":25,"geometry":{"type":"Polygon","coordinates":[[[101.49347206877725,3.0691576712921411],[101.49346593393952,3.0691095199494614],[101.49375083527622,3.0690732214087859],[101.49375697011395,3.0691213727514657],[101.49347206877725,3.0691576712921411]]]},"properties":{"FID":25,"id":0,"NAME":" ","Height":0}},{"type":"Feature","id":26,"geometry":{"type":"Polygon","coordinates":[[[101.49391229410197,3.0692602357733532],[101.4940490467436,3.0693214368012356],[101.49402912941862,3.0693659417204842],[101.493892376777,3.0693047406926017],[101.49391229410197,3.0692602357733532]]]},"properties":{"FID":26,"id":0,"NAME":" ","Height":0}},{"type":"Feature","id":27,"geometry":{"type":"Polygon","coordinates":[[[101.49430028751495,3.0695552933151058],[101.49426611131706,3.069588227665462],[101.49407791815631,3.0693929383510601],[101.49411209435419,3.0693600040007039],[101.49430028751495,3.0695552933151058]]]},"properties":{"FID":27,"id":0,"NAME":" ","Height":0}},{"type":"Feature","id":28,"geometry":{"type":"Polygon","coordinates":[[[101.4948311009128,3.069877258205326],[101.49491213951525,3.0697405055637121],[101.495012525706,3.0697999936767602],[101.49493148710356,3.069936746318374],[101.4948311009128,3.069877258205326]]]},"properties":{"FID":28,"id":0,"NAME":" ","Height":0}},{"type":"Feature","id":29,"geometry":{"type":"Polygon","coordinates":[[[101.49494337314329,3.0699623065302792],[101.49499729335922,3.0698648069617209],[101.49502857353875,3.0698821058488828],[101.49497465332281,3.0699796054174411],[101.49494337314329,3.0699623065302792]]]},"properties":{"FID":29,"id":0,"NAME":" ","Height":0}},{"type":"Feature","id":30,"geometry":{"type":"Polygon","coordinates":[[[101.49464186362918,3.0687156347267779],[101.49453480352265,3.0686917520876316],[101.49455185400379,3.0686153188963532],[101.494716463665,3.0686520395130827],[101.49469941318387,3.0687284727043611],[101.49469012929603,3.0687264016832279],[101.49468084183746,3.0687656153971452],[101.49463272516728,3.0687542193436772],[101.49464186362918,3.0687156347267779]]]},"properties":{"FID":30,"id":0,"NAME":" ","Height":0}},{"type":"Feature","id":31,"geometry":{"type":"Polygon","coordinates":[[[101.49450272574256,3.0683798378834579],[101.49483785412973,3.0684541232690261],[101.49481298646221,3.0685663103599738],[101.49447785807504,3.0684920249744057],[101.49450272574256,3.0683798378834579]]]},"properties":{"FID":31,"id":0,"NAME":" ","Height":0}},{"type":"Feature","id":32,"geometry":{"type":"Polygon","coordinates":[[[101.49487731824081,3.0685212333616692],[101.49488723912141,3.0684738916156227],[101.4949446414648,3.0684859207831723],[101.4949347205842,3.0685332625292188],[101.49487731824081,3.0685212333616692]]]},"properties":{"FID":32,"id":0,"NAME":" ","Height":0}},{"type":"Feature","id":33,"geometry":{"type":"Polygon","coordinates":[[[101.49452847238187,3.0688880174529132],[101.49450226325993,3.0689353551593248],[101.49437838393797,3.0688667678004906],[101.49440459305991,3.068819430094079],[101.49452847238187,3.0688880174529132]]]},"properties":{"FID":33,"id":0,"NAME":" ","Height":0}},{"type":"Feature","id":34,"geometry":{"type":"Polygon","coordinates":[[[101.49313836489686,3.0687930503406804],[101.49311424739577,3.0687930503406804],[101.49311424739577,3.0686271744513154],[101.49313836489686,3.0686271744513154],[101.49313836489686,3.0687930503406804]]]},"properties":{"FID":34,"id":0,"NAME":" ","Height":0}},{"type":"Feature","id":35,"geometry":{"type":"Polygon","coordinates":[[[101.4956032890544,3.0696207414832877],[101.49579237912675,3.0697190852039542],[101.49577854623141,3.0697456823589482],[101.49558945615905,3.0696473386382817],[101.4956032890544,3.0696207414832877]]]},"properties":{"FID":35,"id":0,"NAME":" ","Height":0}},{"type":"Feature","id":36,"geometry":{"type":"Polygon","coordinates":[[[101.49557585411088,3.0696051246692773],[101.49564212005141,3.0694827226135115],[101.49566549214796,3.0694953757830246],[101.49559922620743,3.0696177778387903],[101.49557585411088,3.0696051246692773]]]},"properties":{"FID":36,"id":0,"NAME":" ","Height":0}},{"type":"Feature","id":37,"geometry":{"type":"Polygon","coordinates":[[[101.4956839055808,3.0694717486360981],[101.49586856385456,3.0695760014215261],[101.4958544347937,3.0696010275920602],[101.49566977651995,3.0694967748066322],[101.4956839055808,3.0694717486360981]]]},"properties":{"FID":37,"id":0,"NAME":" ","Height":0}},{"type":"Feature","id":38,"geometry":{"type":"Polygon","coordinates":[[[101.49565794790347,3.0695584852652704],[101.49567590699114,3.0695254592027439],[101.4958253219144,3.0696067088432089],[101.49580736282672,3.0696397349057354],[101.49565794790347,3.0695584852652704]]]},"properties":{"FID":38,"id":0,"NAME":" ","Height":0}},{"type":"Feature","id":39,"geometry":{"type":"Polygon","coordinates":[[[101.49564950638239,3.0695776897257439],[101.49579849922958,3.0696604166323991],[101.49578062563062,3.0696926073488973],[101.49563163278343,3.069609880442242],[101.49564950638239,3.0695776897257439]]]},"properties":{"FID":39,"id":0,"NAME":" ","Height":0}},{"type":"Feature","id":40,"geometry":{"type":"Polygon","coordinates":[[[101.49475808175559,3.0691568798995426],[101.49492522387312,3.0692467820991221],[101.49491047038222,3.0692742111244722],[101.49474332826469,3.0691843089248927],[101.49475808175559,3.0691568798995426]]]},"properties":{"FID":40,"id":0,"NAME":" ","Height":0}},{"type":"Feature","id":41,"geometry":{"type":"Polygon","coordinates":[[[101.49495434712087,3.0692539573920463],[101.4949287263579,3.0692393832623828],[101.49499499229844,3.0691228902713785],[101.49502061306141,3.0691374644010421],[101.49495434712087,3.0692539573920463]]]},"properties":{"FID":41,"id":0,"NAME":" ","Height":0}},{"type":"Feature","id":42,"geometry":{"type":"Polygon","coordinates":[[[101.49481379579477,3.0691155164462152],[101.4949328212421,3.0691784057783154],[101.49491567563955,3.0692108558448932],[101.49479665019221,3.069147966512793],[101.49481379579477,3.0691155164462152]]]},"properties":{"FID":42,"id":0,"NAME":" ","Height":0}},{"type":"Feature","id":43,"geometry":{"type":"Polygon","coordinates":[[[101.49484376319461,3.0690576920267674],[101.49496278864193,3.069122691739139],[101.49494451021003,3.0691561626339072],[101.49482548476271,3.0690911629215356],[101.49484376319461,3.0690576920267674]]]},"properties":{"FID":43,"id":0,"NAME":" ","Height":0}},{"type":"Feature","id":44,"geometry":{"type":"Polygon","coordinates":[[[101.49484460734669,3.0690013448735094],[101.49500795077975,3.0690912470730884],[101.49499641434403,3.0691122076394093],[101.49483307091097,3.0690223054398302],[101.49484460734669,3.0690013448735094]]]},"properties":{"FID":44,"id":0,"NAME":" ","Height":0}},{"type":"Feature","id":45,"geometry":{"type":"Polygon","coordinates":[[[101.49477876348227,3.0690583251408485],[101.49480271629835,3.0690136905980996],[101.49482766809109,3.0690270808036582],[101.49480371527501,3.0690717153464071],[101.49477876348227,3.0690583251408485]]]},"properties":{"FID":45,"id":0,"NAME":" ","Height":0}},{"type":"Feature","id":46,"geometry":{"type":"Polygon","coordinates":[[[101.49473639759829,3.0691361981728784],[101.4947602448954,3.0690918801871714],[101.49478507331989,3.069105240244185],[101.49476122602277,3.069149558229892],[101.49473639759829,3.0691361981728784]]]},"properties":{"FID":46,"id":0,"NAME":" ","Height":0}},{"type":"Feature","id":47,"geometry":{"type":"Polygon","coordinates":[[[101.49509980508114,3.068929802982296],[101.49526525889443,3.0690186499917389],[101.49524259149293,3.0690608619698465],[101.49507713767963,3.0689720149604036],[101.49509980508114,3.068929802982296]]]},"properties":{"FID":47,"id":0,"NAME":" ","Height":0}},{"type":"Feature","id":48,"geometry":{"type":"Polygon","coordinates":[[[101.49515446393015,3.0688295599193847],[101.49532118397163,3.0689203062710728],[101.49529670492194,3.0689652794088613],[101.49512998488046,3.0688745330571732],[101.49515446393015,3.0688295599193847]]]},"properties":{"FID":48,"id":0,"NAME":" ","Height":0}},{"type":"Feature","id":49,"geometry":{"type":"Polygon","coordinates":[[[101.49509959404313,3.0685961518613207],[101.49515657431047,3.0684927432280014],[101.49518188795876,3.0685066915648171],[101.49512490769142,3.0686101001981365],[101.49509959404313,3.0685961518613207]]]},"properties":{"FID":49,"id":0,"NAME":" ","Height":0}},{"type":"Feature","id":50,"geometry":{"type":"Polygon","coordinates":[[[101.49513842504014,3.0686176777400931],[101.49519456115536,3.0685100483462304],[101.4952275382289,3.0685272481532122],[101.49517140211368,3.0686348775470749],[101.49513842504014,3.0686176777400931]]]},"properties":{"FID":50,"id":0,"NAME":" ","Height":0}},{"type":"Feature","id":51,"geometry":{"type":"Polygon","coordinates":[[[101.4952034247525,3.0686603074215837],[101.49517834985885,3.0686465162300705],[101.49523870673463,3.0685367764559359],[101.49526378162828,3.0685505676474492],[101.4952034247525,3.0686603074215837]]]},"properties":{"FID":51,"id":0,"NAME":" ","Height":0}},{"type":"Feature","id":52,"geometry":{"type":"Polygon","coordinates":[[[101.49528889515355,3.0683378413160507],[101.49539694662346,3.068398620267879],[101.49538352023151,3.0684224894091119],[101.4952754687616,3.0683617104572836],[101.49528889515355,3.0683378413160507]]]},"properties":{"FID":52,"id":0,"NAME":" ","Height":0}},{"type":"Feature","id":53,"geometry":{"type":"Polygon","coordinates":[]},"properties":{"FID":53,"id":0,"NAME":" ","Height":0}},{"type":"Feature","id":54,"geometry":{"type":"Polygon","coordinates":[[[101.49529430300281,3.0683317409980777],[101.49530808312653,3.0683077420174039],[101.49535939504439,3.06833561882183],[101.49535686258805,3.0683402088989258],[101.49539508685072,3.0683610225243743],[101.49539750059816,3.0683569072828405],[101.49541411984283,3.0683668788296341],[101.49540050789008,3.0683903040506713],[101.49529430300281,3.0683317409980777]]]},"properties":{"FID":54,"id":0,"NAME":" ","Height":0}},{"type":"Feature","id":55,"geometry":{"type":"Polygon","coordinates":[[[101.49547826235849,3.0684072628011534],[101.49548125631526,3.0684016803192722],[101.49539745799926,3.0683556605304076],[101.49539488268901,3.0683603303385052],[101.49535747619869,3.068339701371348],[101.49536001496867,3.0683350978216959],[101.49534524214656,3.0683274590582661],[101.49540570470155,3.0682172330835153],[101.49547690229721,3.0682565026921651],[101.49548095294818,3.068248512876032],[101.49552632612406,3.068271516021015],[101.49552147405934,3.0682810866073869],[101.49552210536352,3.0682814348083012],[101.49559268439363,3.0683197975647256],[101.49553222183863,3.0684300235394764],[101.49551903212212,3.0684219399698818],[101.49551603816535,3.068427522451763],[101.49547826235849,3.0684072628011534]]]},"properties":{"FID":55,"id":0,"NAME":" ","Height":0}},{"type":"Feature","id":56,"geometry":{"type":"Polygon","coordinates":[[[101.49552017634409,3.0684818483899821],[101.49561451034232,3.0683096413596518],[101.49563961557241,3.0683233938570194],[101.49554528157418,3.0684956008873496],[101.49552017634409,3.0684818483899821]]]},"properties":{"FID":56,"id":0,"NAME":" ","Height":0}},{"type":"Feature","id":57,"geometry":{"type":"Polygon","coordinates":[[[101.49556227843055,3.0685052736110201],[101.49565471308655,3.0683336996947714],[101.49568018202596,3.0683474209684038],[101.49558774736997,3.0685189948846525],[101.49556227843055,3.0685052736110201]]]},"properties":{"FID":57,"id":0,"NAME":" ","Height":0}},{"type":"Feature","id":58,"geometry":{"type":"Polygon","coordinates":[[[101.49567093663488,3.068371844818218],[101.49569453562377,3.0683290610397789],[101.49579425109175,3.0683840628256616],[101.49577065210286,3.0684268466041007],[101.49567093663488,3.068371844818218]]]},"properties":{"FID":58,"id":0,"NAME":" ","Height":0}},{"type":"Feature","id":59,"geometry":{"type":"Polygon","coordinates":[[[101.49581829393753,3.0684516171925638],[101.4958412460397,3.0684107071956221],[101.49591741757773,3.0684534423961627],[101.49589446547556,3.0684943523931043],[101.49581829393753,3.0684516171925638]]]},"properties":{"FID":59,"id":0,"NAME":" ","Height":0}},{"type":"Feature","id":60,"geometry":{"type":"Polygon","coordinates":[[[101.49582719710435,3.0686442817216735],[101.49592042315295,3.0684725495269043],[101.49594611555784,3.068486496832421],[101.49585288950924,3.0686582290271902],[101.49582719710435,3.0686442817216735]]]},"properties":{"FID":60,"id":0,"NAME":" ","Height":0}},{"type":"Feature","id":61,"geometry":{"type":"Polygon","coordinates":[[[101.49589209129779,3.068681793731038],[101.49586776029793,3.0686686753777446],[101.49596146118208,3.0684948855622083],[101.49598579218194,3.0685080039155017],[101.49589209129779,3.068681793731038]]]},"properties":{"FID":61,"id":0,"NAME":" ","Height":0}},{"type":"Feature","id":62,"geometry":{"type":"Polygon","coordinates":[[[101.49611637196139,3.0688259854632354],[101.49600027466656,3.0687613286876028],[101.49601361745118,3.0687373704684502],[101.49612971474602,3.0688020272440828],[101.49611637196139,3.0688259854632354]]]},"properties":{"FID":62,"id":0,"NAME":" ","Height":0}},{"type":"Feature","id":63,"geometry":{"type":"Polygon","coordinates":[[[101.49601760616456,3.0687291190086774],[101.49603074328179,3.0687047639013323],[101.49605127991983,3.0687156653344316],[101.49604894531167,3.0687192266011443],[101.49608677387808,3.0687408316191962],[101.49608819838475,3.0687382991628684],[101.49610339312272,3.0687467670637165],[101.49610560902201,3.0687430475184843],[101.49614850250107,3.0687667892965629],[101.49613409915571,3.0687922721383671],[101.49601760616456,3.0687291190086774]]]},"properties":{"FID":63,"id":0,"NAME":" ","Height":0}},{"type":"Feature","id":64,"geometry":{"type":"Polygon","coordinates":[[[101.49589636481787,3.0690620776614166],[101.49598254747229,3.0689063315972205],[101.49600681596834,3.0689197606582979],[101.49592063331392,3.069075506722494],[101.49589636481787,3.0690620776614166]]]},"properties":{"FID":64,"id":0,"NAME":" ","Height":0}},{"type":"Feature","id":65,"geometry":{"type":"Polygon","coordinates":[[[101.4959331645739,3.0690815459194409],[101.49597447526776,3.0690069967362739],[101.49599944090215,3.0690208311961],[101.49595813020829,3.0690953803792671],[101.4959331645739,3.0690815459194409]]]},"properties":{"FID":65,"id":0,"NAME":" ","Height":0}},{"type":"Feature","id":66,"geometry":{"type":"Polygon","coordinates":[[[101.49598563390346,3.0689851543004414],[101.4960148362905,3.0689345843131335],[101.49603822138477,3.068948088381656],[101.49600901899773,3.0689986583689639],[101.49598563390346,3.0689851543004414]]]},"properties":{"FID":66,"id":0,"NAME":" ","Height":0}},{"type":"Feature","id":67,"geometry":{"type":"Polygon","coordinates":[[[101.49598088554785,3.0690732362971134],[101.4960062892504,3.0690267024120792],[101.49604603064024,3.069048397966744],[101.49602062693769,3.0690949318517782],[101.49598088554785,3.0690732362971134]]]},"properties":{"FID":67,"id":0,"NAME":" ","Height":0}},{"type":"Feature","id":68,"geometry":{"type":"Polygon","coordinates":[[[101.49568993005749,3.0692791962219466],[101.49571272216446,3.0692922541998899],[101.49570172825184,3.0693114435746298],[101.49567893614488,3.0692983855966864],[101.49568993005749,3.0692791962219466]]]},"properties":{"FID":68,"id":0,"NAME":" ","Height":0}},{"type":"Feature","id":69,"geometry":{"type":"Polygon","coordinates":[[[101.49566903729279,3.0692670879151267],[101.4956825701063,3.0692428713014861],[101.49570085065244,3.0692530869008037],[101.49568731783893,3.0692773035144443],[101.49566903729279,3.0692670879151267]]]},"properties":{"FID":69,"id":0,"NAME":" ","Height":0}},{"type":"Feature","id":70,"geometry":{"type":"Polygon","coordinates":[[[101.49570939831553,3.0691942006564252],[101.49572269371126,3.0691711711316887],[101.49574063038757,3.0691815263262678],[101.49572733499184,3.0692045558510044],[101.49570939831553,3.0691942006564252]]]},"properties":{"FID":70,"id":0,"NAME":" ","Height":0}},{"type":"Feature","id":71,"geometry":{"type":"Polygon","coordinates":[[[101.49575332060498,3.0691619118382381],[101.49577682496528,3.0691747323984004],[101.49576659936231,3.0691934793371756],[101.49574309500201,3.0691806587770132],[101.49575332060498,3.0691619118382381]]]},"properties":{"FID":71,"id":0,"NAME":" ","Height":0}},{"type":"Feature","id":72,"geometry":{"type":"Polygon","coordinates":[[[101.49649201791082,3.0696644759691765],[101.4961244741862,3.0694620217643944],[101.49611686658179,3.069475481372212],[101.49606772110117,3.0694477034918601],[101.49607502394525,3.069434783075399],[101.49557840305498,3.069161229262118],[101.49559397155616,3.0691329655621087],[101.49610647072295,3.0694152656105427],[101.49611947455885,3.0693916494487885],[101.49609531249079,3.0693784278161744],[101.49610156546937,3.0693674225738667],[101.49609549313222,3.0693645462036878],[101.49611031500739,3.0693353471096145],[101.49611272356209,3.0693366069690038],[101.49617071414868,3.0692282961162416],[101.49623178027436,3.0692614971166092],[101.49622555508678,3.069272317085479],[101.49624378599324,3.069281358429329],[101.49638740996359,3.0693618412114709],[101.49640727127631,3.0693215257110258],[101.49635628402575,3.0692927712732074],[101.49636784508837,3.0692746885855073],[101.4963628056508,3.0692720206479778],[101.49639889691687,3.0692056927566198],[101.4964558129175,3.0692359293819544],[101.49656253041873,3.0690441343173309],[101.49674217154573,3.0691354370683426],[101.49673994826446,3.0691402541777708],[101.4967628110069,3.0691515558575833],[101.49665609350569,3.069345870640984],[101.49672323660019,3.0693818877976327],[101.49679304763222,3.0692542714524698],[101.49678848990561,3.0692521593352589],[101.49682450706227,3.0691836822720018],[101.49683006526546,3.0691863502095313],[101.49683428949987,3.0691781240688152],[101.49685452135947,3.0691879065064236],[101.49685096410943,3.06919435402212],[101.49702771497078,3.0692939570232216],[101.49691610625079,3.0694913844004077],[101.49697657950146,3.0695225103382522],[101.49694056234482,3.0695883194639806],[101.49693558775296,3.069585401407307],[101.49692458251064,3.0696054943118236],[101.49689198364896,3.0695874023604541],[101.49681127853871,3.0697349726550343],[101.49662518989605,3.0696309230913967],[101.49661018274743,3.06965943667374],[101.4965734287951,3.0696392453529091],[101.49653785961671,3.0697054645680035],[101.49654740640216,3.0697107717266845],[101.49652510645585,3.0697508859979261],[101.49645079469046,3.0697095753040693],[101.49647309463677,3.0696694610328277],[101.49648560467872,3.069676415497042],[101.49649201791082,3.0696644759691765]],[[101.49650728788265,3.0696360478301585],[101.4965210319875,3.0696104604009209],[101.49648224680563,3.0695891531944555],[101.49648424775877,3.0695851512881607],[101.49616296971909,3.0694085671729492],[101.49616021840852,3.0694139447345314],[101.49613810907857,3.0694018463728718],[101.49612507671058,3.069425514351519],[101.49650728788265,3.0696360478301585]]]},"properties":{"FID":72,"id":0,"NAME":" ","Height":0}},{"type":"Feature","id":73,"geometry":{"type":"Polygon","coordinates":[[[101.49642254197457,3.0691318191345247],[101.49643476899027,3.0691081960653364],[101.49645326248863,3.0691177680770445],[101.49644103547293,3.0691413911462329],[101.49642254197457,3.0691318191345247]]]},"properties":{"FID":73,"id":0,"NAME":" ","Height":0}},{"type":"Feature","id":74,"geometry":{"type":"Polygon","coordinates":[[[101.49639832536093,3.0691194734099239],[101.49642147359454,3.0691313739761861],[101.4964124314597,3.0691489621686303],[101.49638928322609,3.0691370616023681],[101.49639832536093,3.0691194734099239]]]},"properties":{"FID":74,"id":0,"NAME":" ","Height":0}},{"type":"Feature","id":75,"geometry":{"type":"Polygon","coordinates":[[[101.49564286198236,3.0689237224496639],[101.49561034645498,3.0689068534918431],[101.49562672828186,3.0688752769269985],[101.49565924380924,3.0688921458848193],[101.49564286198236,3.0689237224496639]]]},"properties":{"FID":75,"id":0,"NAME":" ","Height":0}},{"type":"Feature","id":76,"geometry":{"type":"Polygon","coordinates":[[[101.49576085861941,3.0689370178453883],[101.49577866495297,3.0689033045205165],[101.49581098075819,3.0689203727275065],[101.49579317442463,3.0689540860523783],[101.49576085861941,3.0689370178453883]]]},"properties":{"FID":76,"id":0,"NAME":" ","Height":0}},{"type":"Feature","id":77,"geometry":{"type":"Polygon","coordinates":[[[101.49580774863112,3.0688456713542305],[101.49582579238246,3.0688121954471392],[101.4958599355417,3.0688305988521205],[101.49584189179036,3.0688640747592117],[101.49580774863112,3.0688456713542305]]]},"properties":{"FID":77,"id":0,"NAME":" ","Height":0}},{"type":"Feature","id":78,"geometry":{"type":"Polygon","coordinates":[[[101.49564772904685,3.0687569958131067],[101.49566589150709,3.0687253598938167],[101.49569868318184,3.068744185883459],[101.49568052072161,3.068775821802749],[101.49564772904685,3.0687569958131067]]]},"properties":{"FID":78,"id":0,"NAME":" ","Height":0}},{"type":"Feature","id":79,"geometry":{"type":"Polygon","coordinates":[[[101.49589404999443,3.0698615226837731],[101.49594651932399,3.0697608575447193],[101.49598995545716,3.0697834976046967],[101.4959374861276,3.0698841627437505],[101.49589404999443,3.0698615226837731]]]},"properties":{"FID":79,"id":0,"NAME":" ","Height":0}},{"type":"Feature","id":80,"geometry":{"type":"Polygon","coordinates":[[[101.49583113428253,3.0699745335474273],[101.49588479070098,3.0698757677506201],[101.49592622147927,3.0698982758176712],[101.49587256506081,3.0699970416144784],[101.49583113428253,3.0699745335474273]]]},"properties":{"FID":80,"id":0,"NAME":" ","Height":0}},{"type":"Feature","id":81,"geometry":{"type":"Polygon","coordinates":[[[101.4959685991776,3.0700592916951686],[101.49611579820169,3.0701421505006632],[101.49610157957254,3.070167409956464],[101.49595438054845,3.0700845511509693],[101.4959685991776,3.0700592916951686]]]},"properties":{"FID":81,"id":0,"NAME":" ","Height":0}},{"type":"Feature","id":82,"geometry":{"type":"Polygon","coordinates":[[[101.495938921955,3.0700545433395532],[101.49596669983535,3.070000412085534],[101.49599046480184,3.0700126072657001],[101.49596268692149,3.0700667385197193],[101.495938921955,3.0700545433395532]]]},"properties":{"FID":82,"id":0,"NAME":" ","Height":0}},{"type":"Feature","id":83,"geometry":{"type":"Polygon","coordinates":[[[101.49601513306263,3.0700189306724353],[101.49612505749514,3.0700797096243164],[101.49610717994317,3.0701120428530739],[101.49599725551066,3.0700512639011928],[101.49601513306263,3.0700189306724353]]]},"properties":{"FID":83,"id":0,"NAME":" ","Height":0}},{"type":"Feature","id":84,"geometry":{"type":"Polygon","coordinates":[[[101.49613360453523,3.0701827489411784],[101.49610779910131,3.0701687311746015],[101.49619137016015,3.0700148844526516],[101.49621717559407,3.0700289022192284],[101.49613360453523,3.0701827489411784]]]},"properties":{"FID":84,"id":0,"NAME":" ","Height":0}},{"type":"Feature","id":85,"geometry":{"type":"Polygon","coordinates":[[[101.49604504770299,3.069964324582855],[101.4961549721355,3.070024391281394],[101.49613839596375,3.0700547263308628],[101.49602847153125,3.0699946596323238],[101.49604504770299,3.069964324582855]]]},"properties":{"FID":85,"id":0,"NAME":" ","Height":0}},{"type":"Feature","id":86,"geometry":{"type":"Polygon","coordinates":[[[101.49598355649775,3.0699685981029092],[101.4960113343781,3.0699163661911362],[101.4960352804259,3.0699291011347403],[101.49600750254555,3.0699813330465133],[101.49598355649775,3.0699685981029092]]]},"properties":{"FID":86,"id":0,"NAME":" ","Height":0}},{"type":"Feature","id":87,"geometry":{"type":"Polygon","coordinates":[[[101.49613645354856,3.0694973238080467],[101.49637054748041,3.0696269539163565],[101.49635682269135,3.069651738974978],[101.4961227287595,3.0695221088666682],[101.49613645354856,3.0694973238080467]]]},"properties":{"FID":87,"id":0,"NAME":" ","Height":0}},{"type":"Feature","id":88,"geometry":{"type":"Polygon","coordinates":[[[101.49623474450979,3.0696074856583322],[101.4963496547157,3.069669689116898],[101.49633590493556,3.0696950894740906],[101.49622099472965,3.0696328860155249],[101.49623474450979,3.0696074856583322]]]},"properties":{"FID":88,"id":0,"NAME":" ","Height":0}},{"type":"Feature","id":89,"geometry":{"type":"Polygon","coordinates":[[[101.4961136614416,3.0695376848307805],[101.49620530470499,3.0695908664136771],[101.49619067121927,3.0696160830453203],[101.49609902795588,3.0695629014624237],[101.4961136614416,3.0695376848307805]]]},"properties":{"FID":89,"id":0,"NAME":" ","Height":0}},{"type":"Feature","id":90,"geometry":{"type":"Polygon","coordinates":[[[101.4950391038429,3.0701606521877602],[101.4949952697709,3.0701353549123707],[101.49497880444942,3.0701625684298115],[101.49492229901759,3.0701283802693782],[101.49493805665442,3.0701023363973885],[101.49492229901759,3.0700932424378218],[101.49497737994274,3.0699978004899453],[101.49499487020957,3.0700078943752813],[101.49499803528965,3.0700023114277806],[101.49507256361946,3.0700445629682878],[101.49515633359498,3.0699054449732199],[101.49529612688974,3.0699896215808091],[101.49527285969974,3.0700282617356476],[101.4953286296336,3.0700580793240544],[101.49535142762294,3.0700183062821771],[101.49545358065654,3.0700768606109481],[101.49537410505442,3.0702155125949271],[101.49536884426617,3.0702247922035983],[101.49539082648478,3.070237702395477],[101.49540751246006,3.070209291140277],[101.49545340996937,3.0702362468203503],[101.49543672399409,3.0702646580755504],[101.49541013524707,3.0703099308069617],[101.4953429477919,3.0702704715078895],[101.49534060140286,3.0702746103500176],[101.49541974408464,3.0703216163064702],[101.49533540595617,3.070463614175849],[101.49502201448553,3.0702774786357119],[101.4950847818056,3.0701717989641435],[101.495046421401,3.0701479726258802],[101.4950391038429,3.0701606521877602]],[[101.49537385349838,3.0702153699829751],[101.49537410505442,3.0702155125949271],[101.49537385416032,3.0702153687819114],[101.49537385349838,3.0702153699829751]]]},"properties":{"FID":90,"id":0,"NAME":" ","Height":0}},{"type":"Feature","id":91,"geometry":{"type":"Polygon","coordinates":[[[101.4952989317221,3.0705441674318328],[101.49536543837804,3.0705917103425091],[101.49532887986953,3.0706428511774551],[101.49526237321359,3.0705953082667787],[101.4952989317221,3.0705441674318328]]]},"properties":{"FID":91,"id":0,"NAME":" ","Height":0}},{"type":"Feature","id":92,"geometry":{"type":"Polygon","coordinates":[[[101.49588953089234,3.0704458948385098],[101.49588502811868,3.0704533458568299],[101.49586927715421,3.0704438272883765],[101.49586202669897,3.0704562213470794],[101.49590592088342,3.0704818359905248],[101.49589432653057,3.070501704495169],[101.49590354670559,3.0705070022752885],[101.49587885525639,3.0705499748936109],[101.49586934644981,3.0705445112699379],[101.49573403786282,3.0707763809849116],[101.49574423937469,3.0707821694832198],[101.49572026017883,3.0708244298482001],[101.49570954629682,3.0708183506230133],[101.49569699323632,3.0708398620039516],[101.49565402624405,3.0708147884275623],[101.49558968039942,3.0709205840494191],[101.4953351685384,3.0707657876563466],[101.49535689955165,3.0707301957804951],[101.49529145306198,3.0706867961638604],[101.49532350446245,3.0706396538956908],[101.49532911345753,3.0706436603207479],[101.49533732662891,3.0706321084618322],[101.49535545570231,3.0706455967595248],[101.49533195134198,3.0706807197525237],[101.49534550641343,3.0706897342089019],[101.49538884257778,3.0706192211278989],[101.49541426486353,3.0706358904241204],[101.49541992973995,3.0706264256807936],[101.4955146195034,3.0706840168428884],[101.49568216522357,3.0703969044042254],[101.49554604279157,3.0703161065864024],[101.49560088659304,3.0702237096400928],[101.49557148234993,3.0702062562443313],[101.49560012678174,3.0701579981375318],[101.49562953102485,3.0701754515332982],[101.49592491430586,3.0703507813755304],[101.49590894156243,3.0703776911206284],[101.49592491430585,3.0703873437137714],[101.49590252903603,3.0704243860054925],[101.49598426875104,3.0704747134571009],[101.49597109300768,3.07049611294133],[101.49588953089234,3.0704458948385098]]]},"properties":{"FID":92,"id":0,"NAME":" ","Height":0}},{"type":"Feature","id":93,"geometry":{"type":"Polygon","coordinates":[[[101.49360253901963,3.0672887243173603],[101.49366865059278,3.0673013002169576],[101.49367612925288,3.0672615030613914],[101.4936108084441,3.0672482875903215],[101.49363812570482,3.0671147086915993],[101.49385511285543,3.0671590831745559],[101.49385935642549,3.0671385725858911],[101.49390583095615,3.0671481880060281],[101.49390160946855,3.0671685918627931],[101.49414032022545,3.0672174088843738],[101.49414461388955,3.0671967992967195],[101.49418307557009,3.0672048121468336],[101.49417881134512,3.0672252804266713],[101.49420757225292,3.0672311621132557],[101.49414514807955,3.0675364105940508],[101.49377963159201,3.0674616614436903],[101.49377802599685,3.0674700374856072],[101.49367839956042,3.0674509401928356],[101.49368024063364,3.0674413357129908],[101.49367712616682,3.0674406987957612],[101.49367185573283,3.0674649626805346],[101.49360668455189,3.0674508066453332],[101.49361178271099,3.0674273358751512],[101.49357570153146,3.0674199571723944],[101.49360253901963,3.0672887243173603]]]},"properties":{"FID":93,"id":0,"NAME":" ","Height":0}},{"type":"Feature","id":94,"geometry":{"type":"Polygon","coordinates":[[[101.49432356754214,3.0672561611613158],[101.49445658085402,3.0672855416117342],[101.49444173400235,3.0673527573583721],[101.49430872069047,3.0673233769079538],[101.49432356754214,3.0672561611613158]]]},"properties":{"FID":94,"id":0,"NAME":" ","Height":0}},{"type":"Feature","id":95,"geometry":{"type":"Polygon","coordinates":[[[101.49428350329157,3.0674238968237022],[101.49430380251185,3.0673330845224105],[101.49436917629131,3.0673476974848737],[101.49434887707103,3.0674385097861654],[101.49428350329157,3.0674238968237022]]]},"properties":{"FID":95,"id":0,"NAME":" ","Height":0}},{"type":"Feature","id":96,"geometry":{"type":"Polygon","coordinates":[[[101.49474290669811,3.0676936627775393],[101.49498222382151,3.0677743254686867],[101.49496802133562,3.0678164626453541],[101.49472870421222,3.0677357999542068],[101.49474290669811,3.0676936627775393]]]},"properties":{"FID":96,"id":0,"NAME":" ","Height":0}},{"type":"Feature","id":97,"geometry":{"type":"Polygon","coordinates":[[[101.49518201088436,3.0675123052699593],[101.49519643401456,3.0674658307392981],[101.49523214154816,3.06747691238765],[101.49521771841796,3.0675233869183112],[101.49518201088436,3.0675123052699593]]]},"properties":{"FID":97,"id":0,"NAME":" ","Height":0}},{"type":"Feature","id":98,"geometry":{"type":"Polygon","coordinates":[[[101.49516838903916,3.0674992176147731],[101.49500172175679,3.0674428605689714],[101.49502469644533,3.0673749164663993],[101.4951913637277,3.0674312735122009],[101.49518982426656,3.0674358262313852],[101.49519536563454,3.0674375186688954],[101.49517880574432,3.0674917389546668],[101.49517165624286,3.0674895553630899],[101.49516838903916,3.0674992176147731]]]},"properties":{"FID":98,"id":0,"NAME":" ","Height":0}},{"type":"Feature","id":99,"geometry":{"type":"Polygon","coordinates":[]},"properties":{"FID":99,"id":0,"NAME":" ","Height":0}},{"type":"Feature","id":100,"geometry":{"type":"Polygon","coordinates":[[[101.49611754452228,3.0716980512351451],[101.49613534324544,3.0716863466400244],[101.49619998023636,3.0717846376014228],[101.49618218151319,3.0717963421965435],[101.49611754452228,3.0716980512351451]]]},"properties":{"FID":100,"id":0,"NAME":" ","Height":0}},{"type":"Feature","id":101,"geometry":{"type":"Polygon","coordinates":[[[101.49610873038715,3.0717031260402172],[101.49617069642804,3.0717958080065357],[101.49612888457671,3.0718237629042564],[101.49606691853582,3.0717310809379379],[101.49610873038715,3.0717031260402172]]]},"properties":{"FID":101,"id":0,"NAME":" ","Height":0}},{"type":"Feature","id":102,"geometry":{"type":"Polygon","coordinates":[[[101.49655905256354,3.0705658355140391],[101.49666215123501,3.0707191480462201],[101.49662179072425,3.0707462894349913],[101.49651869205277,3.0705929769028102],[101.49655905256354,3.0705658355140391]]]},"properties":{"FID":102,"id":0,"NAME":" ","Height":0}},{"type":"Feature","id":103,"geometry":{"type":"Polygon","coordinates":[[[101.49657000345871,3.0706809534606765],[101.49661861474939,3.0707517336366834],[101.49657926645112,3.0707787577509609],[101.49653065516044,3.070707977574954],[101.49657000345871,3.0706809534606765]]]},"properties":{"FID":103,"id":0,"NAME":" ","Height":0}},{"type":"Feature","id":104,"geometry":{"type":"Polygon","coordinates":[[[101.49668031369528,3.0706486349652171],[101.49671316638076,3.0706969791609051],[101.49667247392964,3.0707246320420656],[101.49663962124416,3.0706762878463776],[101.49668031369528,3.0706486349652171]]]},"properties":{"FID":104,"id":0,"NAME":" ","Height":0}},{"type":"Feature","id":105,"geometry":{"type":"Polygon","coordinates":[[[101.49649595136891,3.0705787896217234],[101.4965368169045,3.0705512788363318],[101.49654788484214,3.0705677195592518],[101.49650701930656,3.0705952303446433],[101.49649595136891,3.0705787896217234]]]},"properties":{"FID":105,"id":0,"NAME":" ","Height":0}},{"type":"Feature","id":106,"geometry":{"type":"Polygon","coordinates":[]},"properties":{"FID":106,"id":0,"NAME":" ","Height":0}},{"type":"Feature","id":107,"geometry":{"type":"Polygon","coordinates":[[[101.49592837448589,3.0714826391145813],[101.49599835337688,3.07158306683601],[101.49598257371612,3.0715940622379247],[101.49591259482513,3.071493634516496],[101.49592837448589,3.0714826391145813]]]},"properties":{"FID":107,"id":0,"NAME":" ","Height":0}},{"type":"Feature","id":108,"geometry":{"type":"Polygon","coordinates":[[[101.49587682515016,3.0714310897788488],[101.49591435199818,3.0714884484309146],[101.49589783035968,3.0714992576984694],[101.49586030351166,3.0714418990464036],[101.49587682515016,3.0714310897788488]]]},"properties":{"FID":108,"id":0,"NAME":" ","Height":0}},{"type":"Feature","id":109,"geometry":{"type":"Polygon","coordinates":[[[101.49589111473286,3.0715056092849093],[101.49587442632732,3.0715166432659835],[101.49583689947929,3.0714598855776765],[101.49585358788482,3.0714488515966023],[101.49589111473286,3.0715056092849093]]]},"properties":{"FID":109,"id":0,"NAME":" ","Height":0}},{"type":"Feature","id":110,"geometry":{"type":"Polygon","coordinates":[[[101.49613630794639,3.0718325335695611],[101.49615306196435,3.0718218452727712],[101.49627966499615,3.0720202968605945],[101.49626291097819,3.0720309851573844],[101.49613630794639,3.0718325335695611]]]},"properties":{"FID":110,"id":0,"NAME":" ","Height":0}},{"type":"Feature","id":111,"geometry":{"type":"Polygon","coordinates":[[[101.49633903305428,3.0721324812588273],[101.49659143783286,3.072523241249387],[101.49657048687318,3.0725367741659273],[101.4963180820946,3.0721460141753676],[101.49633903305428,3.0721324812588273]]]},"properties":{"FID":111,"id":0,"NAME":" ","Height":0}},{"type":"Feature","id":112,"geometry":{"type":"Polygon","coordinates":[[[101.49638711015496,3.0721060388534509],[101.49644506977077,3.0721944472997089],[101.49640312697312,3.0722219445416687],[101.4963451673573,3.0721335360954107],[101.49638711015496,3.0721060388534509]]]},"properties":{"FID":112,"id":0,"NAME":" ","Height":0}},{"type":"Feature","id":113,"geometry":{"type":"Polygon","coordinates":[[[101.49645041167086,3.0721899066846445],[101.49638337082487,3.0720901467007256],[101.49640164219767,3.0720778679468452],[101.49646868304366,3.0721776279307642],[101.49645041167086,3.0721899066846445]]]},"properties":{"FID":113,"id":0,"NAME":" ","Height":0}},{"type":"Feature","id":114,"geometry":{"type":"Polygon","coordinates":[[[101.49642383571799,3.0722132774974793],[101.49649969069911,3.0723310663941548],[101.49648334258013,3.0723415944345027],[101.49640748759901,3.0722238055378273],[101.49642383571799,3.0722132774974793]]]},"properties":{"FID":114,"id":0,"NAME":" ","Height":0}},{"type":"Feature","id":115,"geometry":{"type":"Polygon","coordinates":[[[101.49651224416428,3.072349763044421],[101.49658115467525,3.0724595390909828],[101.4965645866653,3.0724699394475912],[101.49649567615432,3.0723601634010294],[101.49651224416428,3.072349763044421]]]},"properties":{"FID":115,"id":0,"NAME":" ","Height":0}},{"type":"Feature","id":116,"geometry":{"type":"Polygon","coordinates":[[[101.4965854281953,3.0724642132535509],[101.49660879900813,3.072448588195829],[101.49661981288172,3.0724650619383702],[101.49659644206889,3.0724806869960921],[101.4965854281953,3.0724642132535509]]]},"properties":{"FID":116,"id":0,"NAME":" ","Height":0}},{"type":"Feature","id":117,"geometry":{"type":"Polygon","coordinates":[[[101.49662936532343,3.0724338979706181],[101.49664628393354,3.0724225286646187],[101.49665750192371,3.0724392221023562],[101.49664058331359,3.0724505914083555],[101.49662936532343,3.0724338979706181]]]},"properties":{"FID":117,"id":0,"NAME":" ","Height":0}},{"type":"Feature","id":118,"geometry":{"type":"Polygon","coordinates":[[[101.49659864939801,3.0724907892064279],[101.4966619509139,3.0724472527208087],[101.49667379159189,3.072464468921321],[101.49661049007599,3.0725080054069402],[101.49659864939801,3.0724907892064279]]]},"properties":{"FID":118,"id":0,"NAME":" ","Height":0}},{"type":"Feature","id":119,"geometry":{"type":"Polygon","coordinates":[[[101.49583849701722,3.0709611361196671],[101.49587054841768,3.0710076106503283],[101.49584493309702,3.0710252763887258],[101.49581288169655,3.0709788018580646],[101.49583849701722,3.0709611361196671]]]},"properties":{"FID":119,"id":0,"NAME":" ","Height":0}},{"type":"Feature","id":120,"geometry":{"type":"Polygon","coordinates":[[[101.49572364616559,3.0710562219410202],[101.49569100499832,3.0710231396768983],[101.49577113349946,3.0709440795557739],[101.49580377466673,3.0709771618198958],[101.49572364616559,3.0710562219410202]]]},"properties":{"FID":120,"id":0,"NAME":" ","Height":0}},{"type":"Feature","id":121,"geometry":{"type":"Polygon","coordinates":[[[101.49601691647973,3.070816103532604],[101.49598908053579,3.0707792882519094],[101.49603288411642,3.0707461684714383],[101.49606072006036,3.070782983752133],[101.49601691647973,3.070816103532604]]]},"properties":{"FID":121,"id":0,"NAME":" ","Height":0}},{"type":"Feature","id":122,"geometry":{"type":"Polygon","coordinates":[[[101.49640473842524,3.0716310103891979],[101.49638752157962,3.071642310609858],[101.49633089743881,3.0715560389236307],[101.49634811428443,3.0715447387029706],[101.49640473842524,3.0716310103891979]]]},"properties":{"FID":122,"id":0,"NAME":" ","Height":0}},{"type":"Feature","id":123,"geometry":{"type":"Polygon","coordinates":[[[101.49633502662928,3.0715233711026668],[101.4963921849601,3.0714849094221197],[101.49640653075573,3.071506228868417],[101.49634937242492,3.0715446905489641],[101.49633502662928,3.0715233711026668]]]},"properties":{"FID":123,"id":0,"NAME":" ","Height":0}},{"type":"Feature","id":124,"geometry":{"type":"Polygon","coordinates":[[[101.49636761221976,3.0715479438430164],[101.49640821066033,3.0715198988676176],[101.49642009147793,3.0715370977654639],[101.49637949303735,3.0715651427408628],[101.49636761221976,3.0715479438430164]]]},"properties":{"FID":124,"id":0,"NAME":" ","Height":0}},{"type":"Feature","id":125,"geometry":{"type":"Polygon","coordinates":[[[101.496384973395,3.0715751875334041],[101.49643919368077,3.071535390377838],[101.49646758239486,3.0715740676191743],[101.49641336210908,3.0716138647747404],[101.496384973395,3.0715751875334041]]]},"properties":{"FID":125,"id":0,"NAME":" ","Height":0}},{"type":"Feature","id":126,"geometry":{"type":"Polygon","coordinates":[[[101.49684489887484,3.0710257198493109],[101.49684553607901,3.0710285331067548],[101.49684612411988,3.0710313570498351],[101.4968466628186,3.0710341908194634],[101.49684715201124,3.0710370335535617],[101.49684759154901,3.0710398843873259],[101.49684798129819,3.071042742453487],[101.49684832114019,3.0710456068825756],[101.49684861097167,3.0710484768031878],[101.49684885070441,3.0710513513422479],[101.49684904026552,3.0710542296252759],[101.49684917959731,3.071057110776652],[101.49684926865739,3.071059993919885],[101.49684930741867,3.0710628781778766],[101.49684929586938,3.0710657626731903],[101.49684923401301,3.0710686465283161],[101.49684912186838,3.0710715288659407],[101.4968489594696,3.0710744088092108],[101.49684973603406,3.0710755015971638],[101.49687673436287,3.0711134938695088],[101.49629289335944,3.071512964029758],[101.49636981575324,3.0716287400816507],[101.49634559050467,3.0716448355010351],[101.49636835020607,3.0716777548789711],[101.4963991962037,3.0716575863420612],[101.49639953464768,3.0716581039622781],[101.49641546157498,3.0716471150779423],[101.49640473842527,3.0716314778054543],[101.49643799175324,3.0716086745695046],[101.49644864968259,3.0716242167329519],[101.4965690686261,3.0715411329204039],[101.49658344499511,3.0715619695565],[101.49661225115396,3.0715421945177219],[101.49659778529295,3.0715215806657761],[101.49697184789186,3.07125908059639],[101.49699685644488,3.0712947177844536],[101.4969997022138,3.071295673671361],[101.49700253092756,3.0712966789070903],[101.49700534173051,3.0712977331875564],[101.49700813377235,3.0712988361938365],[101.49701090620849,3.07129998759227],[101.49701365820025,3.0713011870345559],[101.49701638891517,3.071302434157861],[101.49701909752719,3.0713037285849283],[101.49702178321694,3.0713050699241902],[101.497024445172,3.0713064577698899],[101.49702708258714,3.0713078917022005],[101.49702969466453,3.0713093712873554],[101.49703228061399,3.0713108960777769],[101.4970348396533,3.0713124656122126],[101.49703737100832,3.0713140794158762],[101.49703987391331,3.0713157370005879],[101.49704234761114,3.0713174378649257],[101.49704479135352,3.071319181494375],[101.49704720440121,3.0713209673614839],[101.49704958602426,3.071322794926024],[101.49705193550221,3.0713246636351546],[101.49705425212436,3.0713265729235864],[101.49705653518991,3.0713285222137561],[101.49705878400825,3.0713305109160003],[101.49706099789907,3.0713325384287318],[101.4970631761927,3.0713346041386247],[101.49706531823018,3.0713367074207976],[101.49706742336355,3.0713388476390033],[101.49706949095601,3.0713410241458217],[101.49707152038209,3.0713432362828552],[101.49707351102789,3.0713454833809282],[101.49707546229125,3.0713477647602891],[101.4970773735819,3.0713500797308164],[101.49707924432167,3.0713524275922266],[101.49708107394466,3.0713548076342874],[101.4970828618974,3.0713572191370311],[101.49708460763902,3.0713596613709733],[101.49708631064146,3.0713621335973342],[101.49708797038954,3.0713646350682597],[101.49708958638119,3.0713671650270506],[101.49709115812756,3.0713697227083889],[101.49709268515321,3.0713723073385713],[101.49709416699619,3.0713749181357421],[101.49709560320825,3.0713775543101298],[101.49709699335493,3.0713802150642868],[101.49709833701571,3.0713828995933299],[101.49709963378413,3.0713856070851837],[101.49710088326792,3.0713883367208266],[101.49710208508911,3.0713910876745385],[101.49710323888414,3.0713938591141501],[101.49710434430398,3.0713966502012964],[101.49710540101424,3.0713994600916674],[101.49710640869527,3.0714022879352658],[101.49710736704225,3.0714051328766638],[101.49710827576526,3.071407994055261],[101.49710913458942,3.0714108706055447],[101.49710994325494,3.0714137616573538],[101.4971107015172,3.0714166663361384],[101.4971114091468,3.0714195837632285],[101.4971120659297,3.0714225130560964],[101.49711267166721,3.0714254533286249],[101.49711322617611,3.0714284036913764],[101.49711372928866,3.0714313632518597],[101.49711418085263,3.0714343311148027],[101.49711458073148,3.0714373063824207],[101.49711492880419,3.0714402881546894],[101.49711522496551,3.0714432755296173],[101.49711546912583,3.071446267603517],[101.4971156612113,3.0714492634712811],[101.49711580116379,3.0714522622266527],[101.497115888941,3.0714552629625036],[101.49711592451634,3.0714582647711044],[101.49711590787908,3.0714612667444028],[101.49711583903424,3.0714642679742958],[101.49714278869428,3.0715026712398554],[101.49676872609537,3.0717651713092415],[101.49674997200461,3.0717384467299054],[101.49671959464435,3.0717593003772214],[101.4967378726685,3.0717857919438845],[101.49656225053153,3.0719069635493113],[101.49663530818707,3.0720186987871982],[101.49659412634847,3.0720456253739696],[101.49662441196566,3.0720897451619567],[101.49665184827121,3.0720701478008419],[101.4966454577972,3.0720608997977998],[101.49683562943989,3.0719294890559312],[101.49686203764384,3.0719677058063515],[101.49686308868984,3.0719680131104927],[101.49686581612704,3.0719688621673984],[101.49686852843017,3.0719697583944989],[101.49687122478352,3.0719707015222526],[101.49687390437613,3.0719716912670147],[101.49687656640214,3.0719727273311177],[101.49687921006094,3.0719738094029658],[101.49688183455744,3.0719749371571248],[101.49688443910232,3.0719761102544219],[101.49688702291226,3.0719773283420482],[101.4968895852102,3.071978591053663],[101.4968921252255,3.0719798980095048],[101.49689464219426,3.0719812488165066],[101.4968971353595,3.0719826430684121],[101.4968996039714,3.0719840803458993],[101.49690204728753,3.071985560216707],[101.49690446457306,3.0719870822357627],[101.49690685510097,3.0719886459453183],[101.49690921815234,3.0719902508750878],[101.49691155301646,3.0719918965423876],[101.49691385899112,3.0719935824522828],[101.49691613538279,3.0719953080977347],[101.49691838150687,3.0719970729597548],[101.49692059668781,3.0719988765075601],[101.49692278025941,3.072000718198733],[101.49692493156496,3.0720025974793832],[101.49692704995743,3.0720045137843166],[101.49692913479976,3.0720064665372036],[101.49693118546487,3.0720084551507529],[101.49693320133608,3.0720104790268876],[101.49693518180707,3.0720125375569265],[101.49693712628226,3.0720146301217657],[101.4969390341768,3.0720167560920646],[101.49694090491691,3.0720189148284374],[101.49694273793997,3.0720211056816424],[101.4969445326947,3.0720233279927802],[101.49694628864131,3.0720255810934889],[101.49694800525171,3.0720278643061478],[101.49694968200963,3.0720301769440796],[101.49695131841077,3.0720325183117576],[101.496952913963,3.0720348877050139],[101.49695446818643,3.0720372844112522],[101.49695598061366,3.0720397077096622],[101.49695745078982,3.0720421568714356],[101.49695887827274,3.0720446311599861],[101.4969602626331,3.0720471298311698],[101.49696160345457,3.0720496521335106],[101.49696290033388,3.0720521973084249],[101.49696415288102,3.0720547645904497],[101.49696536071926,3.0720573532074735],[101.49696652348534,3.072059962380969],[101.49696764082958,3.0720625913262261],[101.49696871241592,3.0720652392525878],[101.49696973792209,3.072067905363689],[101.49697071703966,3.0720705888576956],[101.49697164947418,3.0720732889275459],[101.49697253494519,3.0720760047611919],[101.49697337318639,3.072078735541846],[101.49697416394569,3.0720814804482237],[101.49697490698529,3.072084238654794],[101.49697560208168,3.0720870093320243],[101.49697624902582,3.0720897916466328],[101.49697684762316,3.0720925847618363],[101.49697739769364,3.0720953878376043],[101.49697789907187,3.0720982000309105],[101.49697835160701,3.0721010204959867],[101.496978755163,3.0721038483845757],[101.49697910961845,3.0721066828461896],[101.49697941486676,3.0721095230283626],[101.49697967081613,3.0721123680769078],[101.49697987738958,3.0721152171361763],[101.496980034525,3.0721180693493122],[101.49698014217509,3.0721209238585101],[101.49698020030752,3.0721237798052758],[101.49698020890479,3.0721266363306814],[101.4969801679643,3.072129492575626],[101.49698007749838,3.0721323476810922],[101.49697993753422,3.0721352007884062],[101.49697974811394,3.0721380510394942],[101.49700576887676,3.0721757071027573],[101.49682801145771,3.0722985394766136],[101.49686340415984,3.0723487773201281],[101.49668552204777,3.0724740957686802],[101.49663917669508,3.0724083112867113],[101.49659571135297,3.072437637300673],[101.49644613815083,3.0722159484475191],[101.49648512501605,3.0721896440565315],[101.49648493369992,3.0721893724946265],[101.49649250348911,3.0721839655023468],[101.49640747614882,3.0720600985127882],[101.49645405817994,3.0720281227117634],[101.49642755147416,3.0719875830440939],[101.4963724533164,3.0720256766441718],[101.49636844771234,3.0720198829832013],[101.49632921731268,3.0720464766675923],[101.49617857573054,3.0718242536244311],[101.4962157646129,3.0717990438532166],[101.49610626137748,3.0716406595963615],[101.4961053639919,3.0716412735970171],[101.49610007301015,3.071633100301383],[101.49605728121186,3.0716624274390023],[101.49588740878944,3.0714145632754764],[101.49594564387549,3.071374652160471],[101.49595256141471,3.0713847456768137],[101.49670845883111,3.0708675527076927],[101.49672984092011,3.0708988034531695],[101.49673131498216,3.0709009578515434],[101.4967327890442,3.0709031122499173],[101.49673499350358,3.0709063637859746],[101.4967371591604,3.0709070790010418],[101.49673988198199,3.0709080312033343],[101.49674258778195,3.0709090307498492],[101.49674527573711,3.0709100773365088],[101.49674794502977,3.070911170644925],[101.49675059484788,3.0709123103424956],[101.49675322438534,3.0709134960825066],[101.49675583284218,3.070914727504237],[101.49675841942489,3.0709160042330699],[101.49676098334658,3.0709173258806026],[101.49676352382725,3.0709186920447702],[101.49676604009407,3.0709201023099637],[101.49676853138153,3.0709215562471575],[101.49677099693176,3.0709230534140417],[101.49677343599468,3.0709245933551541],[101.49677584782832,3.0709261756020201],[101.49677823169893,3.0709277996732949],[101.49678058688131,3.070929465074911],[101.49678291265899,3.0709311713002267],[101.4967852083244,3.0709329178301807],[101.4967874731792,3.0709347041334518],[101.49678970653436,3.0709365296666173],[101.49679190771046,3.070938393874322],[101.49679407603787,3.0709402961894443],[101.49679621085696,3.070942236033269],[101.49679831151828,3.0709442128156659],[101.49680037738275,3.0709462259352658],[101.49680240782195,3.0709482747796462],[101.49680440221815,3.0709503587255162],[101.49680635996464,3.0709524771389063],[101.49680828046583,3.070954629375362],[101.49681016313748,3.0709568147801383],[101.49681200740686,3.0709590326884011],[101.4968138127129,3.0709612824254271],[101.49681557850641,3.0709635633068109],[101.4968173042502,3.0709658746386728],[101.49681898941928,3.0709682157178677],[101.49682063350097,3.0709705858322036],[101.49682223599515,3.0709729842606541],[101.49682379641429,3.0709754102735785],[101.4968253142837,3.0709778631329456],[101.49682678914159,3.070980342092557],[101.49682822053933,3.0709828463982736],[101.49682960804144,3.0709853752882461],[101.49683095122583,3.0709879279931465],[101.49683224968386,3.0709905037364011],[101.49683350302055,3.0709931017344285],[101.4968347108546,3.0709957211968759],[101.49683587281856,3.0709983613268621],[101.49683698855897,3.0710010213212171],[101.49683805773637,3.0710037003707287],[101.49683908002551,3.0710063976603879],[101.4968400551154,3.0710091123696364],[101.4968409827094,3.0710118436726166],[101.49684186252533,3.071014590738423],[101.49684269429551,3.0710173527313547],[101.49684347776693,3.0710201288111696],[101.49684421270123,3.0710229181333402],[101.49684489887484,3.0710257198493109]]]},"properties":{"FID":126,"id":0,"NAME":" ","Height":0}},{"type":"Feature","id":127,"geometry":{"type":"Polygon","coordinates":[[[101.49660259847784,3.0706254647703615],[101.49660336744509,3.0706249256094171],[101.49658342498267,3.0705940140369403],[101.49660040713037,3.0705830580804827],[101.49661992711944,3.0706133148032637],[101.49664345458476,3.0705968185344803],[101.49667604017522,3.0706432930651415],[101.4966351840683,3.0706719393010227],[101.49660259847784,3.0706254647703615]]]},"properties":{"FID":127,"id":0,"NAME":" ","Height":0}},{"type":"Feature","id":128,"geometry":{"type":"Polygon","coordinates":[[[101.49666916247904,3.0720229389203975],[101.49665376586881,3.0720331658658733],[101.49660515457812,3.0719599818348318],[101.49662055118834,3.071949754889356],[101.49666916247904,3.0720229389203975]]]},"properties":{"FID":128,"id":0,"NAME":" ","Height":0}},{"type":"Feature","id":129,"geometry":{"type":"Polygon","coordinates":[[[101.49661841442831,3.0719372014241784],[101.49660644522736,3.0719209177438138],[101.49666894545825,3.0718749774031604],[101.49668091465921,3.0718912610835249],[101.49661841442831,3.0719372014241784]]]},"properties":{"FID":129,"id":0,"NAME":" ","Height":0}},{"type":"Feature","id":130,"geometry":{"type":"Polygon","coordinates":[[[101.49663016660848,3.0719425433242544],[101.49667797661417,3.0719091564487795],[101.49668964791834,3.0719258697563596],[101.49664183791266,3.0719592566318346],[101.49663016660848,3.0719425433242544]]]},"properties":{"FID":130,"id":0,"NAME":" ","Height":0}},{"type":"Feature","id":131,"geometry":{"type":"Polygon","coordinates":[[[101.49664645940371,3.071967116064604],[101.49669800873944,3.0719305240490833],[101.49672767873595,3.0719723219273867],[101.49667612940021,3.0720089139429074],[101.49664645940371,3.071967116064604]]]},"properties":{"FID":131,"id":0,"NAME":" ","Height":0}},{"type":"Feature","id":132,"geometry":{"type":"Polygon","coordinates":[[[101.49667263471409,3.072018665400337],[101.49671456862968,3.0719879494749001],[101.49672496544558,3.0720021433887656],[101.49668303152998,3.0720328593142026],[101.49667263471409,3.072018665400337]]]},"properties":{"FID":132,"id":0,"NAME":" ","Height":0}},{"type":"Feature","id":133,"geometry":{"type":"Polygon","coordinates":[[[101.4968688159944,3.0722952422767742],[101.49685761908684,3.0722789349857473],[101.49700932904901,3.0721747679342655],[101.49702052595657,3.0721910752252923],[101.4968688159944,3.0722952422767742]]]},"properties":{"FID":133,"id":0,"NAME":" ","Height":0}},{"type":"Feature","id":134,"geometry":{"type":"Polygon","coordinates":[[[101.49687415789448,3.0722973790368049],[101.49700436670884,3.0722068338305166],[101.49703331752652,3.0722484666435559],[101.49690310871216,3.0723390118498441],[101.49687415789448,3.0722973790368049]]]},"properties":{"FID":134,"id":0,"NAME":" ","Height":0}},{"type":"Feature","id":135,"geometry":{"type":"Polygon","coordinates":[[[101.49689165261721,3.0723526677025919],[101.49704977285947,3.0722447613210564],[101.49706314787636,3.0722643603557098],[101.4969050276341,3.0723722667372453],[101.49689165261721,3.0723526677025919]]]},"properties":{"FID":135,"id":0,"NAME":" ","Height":0}},{"type":"Feature","id":136,"geometry":{"type":"Polygon","coordinates":[[[101.49676424830045,3.0702634505828699],[101.4968368981415,3.0701317727459969],[101.49689096842884,3.070161604628677],[101.4968183185878,3.07029328246555],[101.49676424830045,3.0702634505828699]]]},"properties":{"FID":136,"id":0,"NAME":" ","Height":0}},{"type":"Feature","id":137,"geometry":{"type":"Polygon","coordinates":[[[101.49685359157924,3.0701381830260881],[101.49689646032732,3.0700572532399364],[101.49693918380582,3.0700798839933841],[101.49689631505774,3.0701608137795358],[101.49685359157924,3.0701381830260881]]]},"properties":{"FID":137,"id":0,"NAME":" ","Height":0}},{"type":"Feature","id":138,"geometry":{"type":"Polygon","coordinates":[[[101.49696216569829,3.0701924033118595],[101.49692272573833,3.0702044544107432],[101.49691097355816,3.0701659927301961],[101.49695041351812,3.0701539416313124],[101.49696216569829,3.0701924033118595]]]},"properties":{"FID":138,"id":0,"NAME":" ","Height":0}},{"type":"Feature","id":139,"geometry":{"type":"Polygon","coordinates":[[[101.49688350621966,3.0703356997813978],[101.49684682720958,3.0703471775668558],[101.49683454083942,3.070307914601297],[101.4968712198495,3.070296436815839],[101.49688350621966,3.0703356997813978]]]},"properties":{"FID":139,"id":0,"NAME":" ","Height":0}},{"type":"Feature","id":140,"geometry":{"type":"Polygon","coordinates":[[[101.49710198993277,3.0702715969804864],[101.49706301092169,3.0702839193775291],[101.49704992326652,3.0702425196519405],[101.4970889022776,3.0702301972548978],[101.49710198993277,3.0702715969804864]]]},"properties":{"FID":140,"id":0,"NAME":" ","Height":0}},{"type":"Feature","id":141,"geometry":{"type":"Polygon","coordinates":[[[101.49702560076173,3.0704120889524855],[101.49698491980635,3.070424667932099],[101.49697236634118,3.0703840694915212],[101.49701304729656,3.0703714905119077],[101.49702560076173,3.0704120889524855]]]},"properties":{"FID":141,"id":0,"NAME":" ","Height":0}},{"type":"Feature","id":142,"geometry":{"type":"Polygon","coordinates":[[[101.49708035523751,3.0704791297984393],[101.49702697194444,3.0704503461039341],[101.49713354285093,3.0702526958011225],[101.49718692614401,3.0702814794956277],[101.49708035523751,3.0704791297984393]]]},"properties":{"FID":142,"id":0,"NAME":" ","Height":0}},{"type":"Feature","id":143,"geometry":{"type":"Polygon","coordinates":[[[101.4971380477583,3.0702533009727273],[101.49716208630863,3.0702088296545944],[101.49721301606905,3.070236359254813],[101.49718897751872,3.0702808305729459],[101.4971380477583,3.0702533009727273]]]},"properties":{"FID":143,"id":0,"NAME":" ","Height":0}},{"type":"Feature","id":144,"geometry":{"type":"Polygon","coordinates":[[[101.49679002296837,3.070500230303741],[101.49680315708277,3.070476757950793],[101.49689957837914,3.0705307111415605],[101.49688644426475,3.0705541834945085],[101.49679002296837,3.070500230303741]]]},"properties":{"FID":144,"id":0,"NAME":" ","Height":0}},{"type":"Feature","id":145,"geometry":{"type":"Polygon","coordinates":[[[101.49694947868566,3.0698955272151389],[101.49701037634652,3.0697021504323878],[101.49714419737681,3.0697442929667833],[101.49708329971595,3.0699376697495344],[101.49694947868566,3.0698955272151389]]]},"properties":{"FID":145,"id":0,"NAME":" ","Height":0}},{"type":"Feature","id":146,"geometry":{"type":"Polygon","coordinates":[[[101.49730685180073,3.0700883698078822],[101.49719885404816,3.0699970453925558],[101.49732759384,3.0698448012403898],[101.49743559159256,3.0699361256557163],[101.49730685180073,3.0700883698078822]]]},"properties":{"FID":146,"id":0,"NAME":" ","Height":0}},{"type":"Feature","id":147,"geometry":{"type":"Polygon","coordinates":[[[101.49708249199757,3.0695664661704574],[101.49721390273945,3.0694115510682534],[101.4973208797628,3.0695022970949628],[101.49718946902092,3.0696572121971668],[101.49708249199757,3.0695664661704574]]]},"properties":{"FID":147,"id":0,"NAME":" ","Height":0}},{"type":"Feature","id":148,"geometry":{"type":"Polygon","coordinates":[[[101.49737522812173,3.0697603771432163],[101.49743398902255,3.0695648636004345],[101.49757085286251,3.0696059975414007],[101.49751209196168,3.0698015110841825],[101.49737522812173,3.0697603771432163]]]},"properties":{"FID":148,"id":0,"NAME":" ","Height":0}},{"type":"Feature","id":149,"geometry":{"type":"Polygon","coordinates":[[[101.49725797341503,3.0696620861818174],[101.4972900248155,3.0696043936609967],[101.49731940526591,3.0695752803055822],[101.49737602940671,3.0696057291360157],[101.49736855074661,3.0696457933865853],[101.49733569806114,3.0697037530024098],[101.49725797341503,3.0696620861818174]]]},"properties":{"FID":149,"id":0,"NAME":" ","Height":0}},{"type":"Feature","id":150,"geometry":{"type":"Polygon","coordinates":[[[101.49210143727169,3.0665822136930037],[101.49207844486273,3.0665810981377342],[101.49206297559114,3.0665640512327488],[101.4920640911464,3.0665410588237916],[101.49208113805139,3.0665255895521981],[101.49210413046035,3.0665267051074676],[101.49211959973194,3.066543752012453],[101.49211848417667,3.0665667444214102],[101.49210143727169,3.0665822136930037]]]},"properties":{"FID":150,"id":0,"NAME":" ","Height":0}},{"type":"Feature","id":151,"geometry":{"type":"Polygon","coordinates":[[[101.49353520325209,3.0665947671581826],[101.49355670439989,3.0665659208977716],[101.49358339434499,3.0665858147920302],[101.4935618931972,3.0666146610524412],[101.49353520325209,3.0665947671581826]]]},"properties":{"FID":151,"id":0,"NAME":" ","Height":0}},{"type":"Feature","id":152,"geometry":{"type":"Polygon","coordinates":[[[101.49351557176931,3.0665680576578018],[101.4935356038946,3.0665405468724103],[101.49355616157558,3.066555516057595],[101.49353612945029,3.0665830268429866],[101.49351557176931,3.0665680576578018]]]},"properties":{"FID":152,"id":0,"NAME":" ","Height":0}},{"type":"Feature","id":153,"geometry":{"type":"Polygon","coordinates":[[[101.49348058232381,3.06654401910746],[101.4935006144491,3.0665157070370572],[101.49352097493826,3.0665301130435432],[101.49350094281297,3.0665584251139459],[101.49348058232381,3.06654401910746]]]},"properties":{"FID":153,"id":0,"NAME":" ","Height":0}},{"type":"Feature","id":154,"geometry":{"type":"Polygon","coordinates":[[[101.49348245198884,3.0665787414579539],[101.49350942858422,3.066598239393231],[101.49349393826935,3.0666196711987279],[101.49346696167397,3.0666001732634509],[101.49348245198884,3.0665787414579539]]]},"properties":{"FID":154,"id":0,"NAME":" ","Height":0}},{"type":"Feature","id":155,"geometry":{"type":"Polygon","coordinates":[[[101.49440686779698,3.066802834166142],[101.49438617783007,3.0668009838439056],[101.49438911587509,3.066768131158438],[101.49440980584201,3.0667699814806744],[101.49440686779698,3.066802834166142]]]},"properties":{"FID":155,"id":0,"NAME":" ","Height":0}},{"type":"Feature","id":156,"geometry":{"type":"Polygon","coordinates":[[[101.49437735379905,3.0668005638586098],[101.49435646360553,3.0667989438027852],[101.49435900100806,3.0667662246648195],[101.49437989120159,3.0667678447206441],[101.49437735379905,3.0668005638586098]]]},"properties":{"FID":156,"id":0,"NAME":" ","Height":0}},{"type":"Feature","id":157,"geometry":{"type":"Polygon","coordinates":[[[101.49435184622619,3.0668052380211761],[101.49431586422932,3.0668027207621344],[101.49431813453685,3.0667702687191727],[101.49435411653373,3.0667727859782143],[101.49435184622619,3.0668052380211761]]]},"properties":{"FID":157,"id":0,"NAME":" ","Height":0}},{"type":"Feature","id":158,"geometry":{"type":"Polygon","coordinates":[[[101.49435211332121,3.0668501099818148],[101.49435364757116,3.0668274572326224],[101.49438716799413,3.066829727540155],[101.49438563374419,3.0668523802893475],[101.49435211332121,3.0668501099818148]]]},"properties":{"FID":158,"id":0,"NAME":" ","Height":0}},{"type":"Feature","id":159,"geometry":{"type":"Polygon","coordinates":[[[101.49477585954476,3.0664772453565101],[101.49488536849633,3.0665263908372093],[101.4948614041115,3.0665797897381881],[101.49475189515994,3.0665306442574889],[101.49477585954476,3.0664772453565101]]]},"properties":{"FID":159,"id":0,"NAME":" ","Height":0}},{"type":"Feature","id":160,"geometry":{"type":"Polygon","coordinates":[[[101.49477692792478,3.0664339759658947],[101.49480781014613,3.0663687372732822],[101.49489808825741,3.0664114724738898],[101.49486720603606,3.0664767111665023],[101.49477692792478,3.0664339759658947]]]},"properties":{"FID":160,"id":0,"NAME":" ","Height":0}},{"type":"Feature","id":161,"geometry":{"type":"Polygon","coordinates":[[[101.49824916297425,3.070072878297665],[101.49832394957531,3.0699334547056814],[101.49838165744914,3.0699644091207614],[101.49830687084808,3.070103832712745],[101.49824916297425,3.070072878297665]]]},"properties":{"FID":161,"id":0,"NAME":" ","Height":0}},{"type":"Feature","id":162,"geometry":{"type":"Polygon","coordinates":[[[101.49774261729954,3.0703704221318979],[101.4977641251772,3.0703337223718012],[101.49817384891301,3.070573840780217],[101.49815234103535,3.0706105405403137],[101.49774261729954,3.0703704221318979]]]},"properties":{"FID":162,"id":0,"NAME":" ","Height":0}},{"type":"Feature","id":163,"geometry":{"type":"Polygon","coordinates":[[[101.49774368567954,3.0704166295675552],[101.49775729380346,3.0703917702823413],[101.49805590601771,3.0705552324246668],[101.49804229789379,3.0705800917098807],[101.49774368567954,3.0704166295675552]]]},"properties":{"FID":163,"id":0,"NAME":" ","Height":0}},{"type":"Feature","id":164,"geometry":{"type":"Polygon","coordinates":[[[101.49812930409131,3.0705157885877172],[101.49815040459661,3.0704778610971779],[101.49817828775912,3.0704933735608257],[101.49815718725381,3.0705313010513651],[101.49812930409131,3.0705157885877172]]]},"properties":{"FID":164,"id":0,"NAME":" ","Height":0}},{"type":"Feature","id":165,"geometry":{"type":"Polygon","coordinates":[[[101.49816362579931,3.0705347523329869],[101.49818526049461,3.0704969583899495],[101.498213627906,3.0705131969787969],[101.4981919932107,3.0705509909218343],[101.49816362579931,3.0705347523329869]]]},"properties":{"FID":165,"id":0,"NAME":" ","Height":0}},{"type":"Feature","id":166,"geometry":{"type":"Polygon","coordinates":[[[101.49776578779114,3.0705203292027829],[101.49796710631476,3.0706308449383761],[101.49800617329457,3.0706517399446525],[101.49799053451272,3.0706803474724094],[101.49775014900929,3.0705489367305399],[101.49776578779114,3.0705203292027829]]]},"properties":{"FID":166,"id":0,"NAME":" ","Height":0}},{"type":"Feature","id":167,"geometry":{"type":"Polygon","coordinates":[[[101.49805117563524,3.0702959117388828],[101.4982603809644,3.0704147599025293],[101.49820805735746,3.0705068637859836],[101.4981486543455,3.0704731173278237],[101.49812790184252,3.0705109141038958],[101.49780241210348,3.0703322023861741],[101.49780120743844,3.0703315530063051],[101.49780121045164,3.0703315474165214],[101.49776895498094,3.0703141586648286],[101.4977323341419,3.0703819072170608],[101.4976829215662,3.070355197716681],[101.49771951250054,3.070287504488149],[101.49767811385608,3.0702651867004009],[101.49770222288434,3.0702204653731764],[101.49753495093404,3.0701300366284774],[101.49761826157335,3.0699759315022397],[101.49756486557446,3.0699484120258935],[101.49760065630497,3.0698789673249056],[101.49765542230207,3.0699071928772597],[101.49776251587727,3.069709094902489],[101.49794530813246,3.0698079140658203],[101.49790364038334,3.0698849896205203],[101.49791849935953,3.0698933904551118],[101.49788618718846,3.0699505426076872],[101.49795919696848,3.0699929589967798],[101.49799435434063,3.0699318521356584],[101.49801138577031,3.0699416510404061],[101.49804846531416,3.0698728647534965],[101.49822726118394,3.0699692454361904],[101.4981199529737,3.0701683129697375],[101.49811996109021,3.0701683173453054],[101.49811796071599,3.070172027963133],[101.49817223961314,3.0702000155194735],[101.49813698307264,3.0702683918404463],[101.4980814484594,3.0702397568055004],[101.49805117563524,3.0702959117388828]]]},"properties":{"FID":167,"id":0,"NAME":" ","Height":0}},{"type":"Feature","id":168,"geometry":{"type":"Polygon","coordinates":[[[101.49735419439031,3.0704714508170881],[101.49737663037062,3.0705045705975595],[101.49734378561396,3.0705268202714215],[101.49732134963365,3.0704937004909501],[101.49735419439031,3.0704714508170881]]]},"properties":{"FID":168,"id":0,"NAME":" ","Height":0}},{"type":"Feature","id":169,"geometry":{"type":"Polygon","coordinates":[[[101.49737582908558,3.0706863287476458],[101.49746143303429,3.0706572153922309],[101.4974769935382,3.0707029689840102],[101.4973913895895,3.0707320823394251],[101.49737582908558,3.0706863287476458]]]},"properties":{"FID":169,"id":0,"NAME":" ","Height":0}},{"type":"Feature","id":170,"geometry":{"type":"Polygon","coordinates":[[[101.49747665744951,3.0706534760621778],[101.49756212785073,3.070622493041737],[101.49757935290445,3.070670010431312],[101.49749388250324,3.0707009934517528],[101.49747665744951,3.0706534760621778]]]},"properties":{"FID":170,"id":0,"NAME":" ","Height":0}},{"type":"Feature","id":171,"geometry":{"type":"Polygon","coordinates":[]},"properties":{"FID":171,"id":0,"NAME":" ","Height":0}},{"type":"Feature","id":172,"geometry":{"type":"Polygon","coordinates":[[[101.49750899263894,3.0709273569484328],[101.49754932398452,3.0709132009132314],[101.49756370377506,3.0709541697504283],[101.49752337242948,3.0709683257856297],[101.49750899263894,3.0709273569484328]]]},"properties":{"FID":172,"id":0,"NAME":" ","Height":0}},{"type":"Feature","id":173,"geometry":{"type":"Polygon","coordinates":[[[101.49760247589028,3.0708958397379842],[101.49764360852086,3.0708808824177716],[101.49765845401744,3.0709217075333499],[101.49761732138685,3.0709366648535625],[101.49760247589028,3.0708958397379842]]]},"properties":{"FID":173,"id":0,"NAME":" ","Height":0}},{"type":"Feature","id":174,"geometry":{"type":"Polygon","coordinates":[[[101.49763452729077,3.0709906584643334],[101.49767699539638,3.0709762353341286],[101.49769079400342,3.0710168645659763],[101.49764832589781,3.0710312876961812],[101.49763452729077,3.0709906584643334]]]},"properties":{"FID":174,"id":0,"NAME":" ","Height":0}},{"type":"Feature","id":175,"geometry":{"type":"Polygon","coordinates":[[[101.49754211241945,3.0710269833848503],[101.49758431343005,3.0710106905896186],[101.4975996552014,3.0710504282924469],[101.4975574541908,3.0710667210876785],[101.49754211241945,3.0710269833848503]]]},"properties":{"FID":175,"id":0,"NAME":" ","Height":0}},{"type":"Feature","id":176,"geometry":{"type":"Polygon","coordinates":[[[101.49755439248467,3.0704112430365385],[101.49754858690576,3.0704140037314094],[101.49756883136637,3.0704550794485805],[101.49752933972235,3.070474543187415],[101.49753581899289,3.0704874765173154],[101.49746730912442,3.0705217982253035],[101.49746060641574,3.0705084188885285],[101.49741925816423,3.0705287976696289],[101.4974021805301,3.0704941473975036],[101.49738544450572,3.0705021667425241],[101.49736087176537,3.0704508845017946],[101.49737703983909,3.0704431372997965],[101.49735926919534,3.0704070809211714],[101.49750884239748,3.070333362700123],[101.49752988812625,3.0703760641787916],[101.49753535460106,3.0703734647362273],[101.49752785882261,3.0703585903008652],[101.49759912050877,3.0703226788999709],[101.49763330866925,3.0703905210309359],[101.49756204698309,3.0704264324318302],[101.49755439248467,3.0704112430365385]]]},"properties":{"FID":176,"id":0,"NAME":" ","Height":0}},{"type":"Feature","id":177,"geometry":{"type":"Polygon","coordinates":[[[101.49764026983341,3.0713535738007458],[101.49768247084401,3.0713402190505557],[101.49769501394195,3.0713798552400551],[101.49765281293135,3.0713932099902452],[101.49764026983341,3.0713535738007458]]]},"properties":{"FID":177,"id":0,"NAME":" ","Height":0}},{"type":"Feature","id":178,"geometry":{"type":"Polygon","coordinates":[[[101.49779925813448,3.0717675710566379],[101.49792185474122,3.0717237674760147],[101.49793157591944,3.0717509749199228],[101.49780897931269,3.0717947785005459],[101.49779925813448,3.0717675710566379]]]},"properties":{"FID":178,"id":0,"NAME":" ","Height":0}},{"type":"Feature","id":179,"geometry":{"type":"Polygon","coordinates":[[[101.49786763445545,3.071806032737185],[101.49791651284116,3.071945189234166],[101.49788122900819,3.0719575825958496],[101.49783235062247,3.0718184260988686],[101.49786763445545,3.071806032737185]]]},"properties":{"FID":179,"id":0,"NAME":" ","Height":0}},{"type":"Feature","id":180,"geometry":{"type":"Polygon","coordinates":[[[101.49783771981504,3.0720004778999526],[101.49777388410912,3.0718103062572477],[101.49780125073111,3.0718011199894706],[101.49786508643703,3.0719912916321754],[101.49783771981504,3.0720004778999526]]]},"properties":{"FID":180,"id":0,"NAME":" ","Height":0}},{"type":"Feature","id":181,"geometry":{"type":"Polygon","coordinates":[[[101.49803376754782,3.0719361080040373],[101.49800579000808,3.0719453949118067],[101.49794208784965,3.0717534871515766],[101.4979700653894,3.0717442002438071],[101.49803376754782,3.0719361080040373]]]},"properties":{"FID":181,"id":0,"NAME":" ","Height":0}},{"type":"Feature","id":182,"geometry":{"type":"Polygon","coordinates":[[[101.49797540728947,3.0719272938689124],[101.49794139801823,3.0719391397948534],[101.49789171834752,3.0717965110628245],[101.49792572761876,3.0717846651368834],[101.49797540728947,3.0719272938689124]]]},"properties":{"FID":182,"id":0,"NAME":" ","Height":0}},{"type":"Feature","id":183,"geometry":{"type":"Polygon","coordinates":[[[101.497873644093,3.0719903282898078],[101.49791811541114,3.0719731006620625],[101.49792863213236,3.0720002484773175],[101.49788416081422,3.0720174761050627],[101.497873644093,3.0719903282898078]]]},"properties":{"FID":183,"id":0,"NAME":" ","Height":0}},{"type":"Feature","id":184,"geometry":{"type":"Polygon","coordinates":[[[101.49795350549914,3.0719621497669065],[101.49800024712481,3.0719447885916593],[101.49801098235443,3.0719736911329689],[101.49796424072876,3.0719910523082161],[101.49795350549914,3.0719621497669065]]]},"properties":{"FID":184,"id":0,"NAME":" ","Height":0}},{"type":"Feature","id":185,"geometry":{"type":"Polygon","coordinates":[[[101.49787524666301,3.0710107573633709],[101.49792679599875,3.0709923278081086],[101.49794576152232,3.0710453763015475],[101.49789421218658,3.0710638058568098],[101.49787524666301,3.0710107573633709]]]},"properties":{"FID":185,"id":0,"NAME":" ","Height":0}},{"type":"Feature","id":186,"geometry":{"type":"Polygon","coordinates":[[[101.49797834533449,3.0709752337278653],[101.49803309981027,3.0709568041726034],[101.49805055964694,3.0710086776003833],[101.49799580517116,3.0710271071556452],[101.49797834533449,3.0709752337278653]]]},"properties":{"FID":186,"id":0,"NAME":" ","Height":0}},{"type":"Feature","id":187,"geometry":{"type":"Polygon","coordinates":[[[101.49783812045744,3.0707401901245235],[101.49789421040825,3.0707182883342119],[101.49791413645423,3.0707693184519664],[101.49785804650342,3.070791220242278],[101.49783812045744,3.0707401901245235]]]},"properties":{"FID":187,"id":0,"NAME":" ","Height":0}},{"type":"Feature","id":188,"geometry":{"type":"Polygon","coordinates":[[[101.49826680793859,3.0716648730276783],[101.49821954530071,3.0716801896232857],[101.49816345534992,3.0715071120608233],[101.4982107179878,3.0714917954652159],[101.49826680793859,3.0716648730276783]]]},"properties":{"FID":188,"id":0,"NAME":" ","Height":0}},{"type":"Feature","id":189,"geometry":{"type":"Polygon","coordinates":[[[101.49828418817243,3.0706719453249547],[101.49847489390358,3.0706057057992893],[101.49848377939924,3.0706312874279247],[101.49829307366809,3.0706975269535901],[101.49828418817243,3.0706719453249547]]]},"properties":{"FID":189,"id":0,"NAME":" ","Height":0}},{"type":"Feature","id":190,"geometry":{"type":"Polygon","coordinates":[[[101.49829647453606,3.0707162830719721],[101.49848985121582,3.0706473725976915],[101.49849855539313,3.0706717982735392],[101.49830517871337,3.0707407087478198],[101.49829647453606,3.0707162830719721]]]},"properties":{"FID":190,"id":0,"NAME":" ","Height":0}},{"type":"Feature","id":191,"geometry":{"type":"Polygon","coordinates":[[[101.49813140991162,3.0707996166687774],[101.49826388896295,3.0707518066885595],[101.49827346544284,3.070778342632801],[101.4981409863915,3.0708261526130189],[101.49813140991162,3.0707996166687774]]]},"properties":{"FID":191,"id":0,"NAME":" ","Height":0}},{"type":"Feature","id":192,"geometry":{"type":"Polygon","coordinates":[[[101.49814610012902,3.070839413803149],[101.49827911337006,3.0707953431509925],[101.49828835920563,3.0708232487638201],[101.49815534596459,3.0708673194159766],[101.49814610012902,3.070839413803149]]]},"properties":{"FID":192,"id":0,"NAME":" ","Height":0}},{"type":"Feature","id":193,"geometry":{"type":"Polygon","coordinates":[[[101.49852350516838,3.0709336982892768],[101.49869885294498,3.0708759390254659],[101.49870781105189,3.0709031343881548],[101.49853246327528,3.0709608936519657],[101.49852350516838,3.0709336982892768]]]},"properties":{"FID":193,"id":0,"NAME":" ","Height":0}},{"type":"Feature","id":194,"geometry":{"type":"Polygon","coordinates":[[[101.49854821144308,3.071005212938458],[101.49853886091348,3.0709769016127608],[101.49871354095293,3.0709192091226654],[101.49872289148253,3.0709475204483625],[101.49854821144308,3.071005212938458]]]},"properties":{"FID":194,"id":0,"NAME":" ","Height":0}},{"type":"Feature","id":195,"geometry":{"type":"Polygon","coordinates":[[[101.49834381710025,3.070998602340635],[101.49833099915898,3.0709587385432813],[101.49837253240995,3.0709453838002041],[101.49838535035121,3.0709852475975579],[101.49834381710025,3.070998602340635]]]},"properties":{"FID":195,"id":0,"NAME":" ","Height":0}},{"type":"Feature","id":196,"geometry":{"type":"Polygon","coordinates":[[[101.49826205268573,3.0711908104803802],[101.49824656118378,3.0711515475357327],[101.49828608132592,3.0711359545544932],[101.49830157282787,3.0711752174991407],[101.49826205268573,3.0711908104803802]]]},"properties":{"FID":196,"id":0,"NAME":" ","Height":0}},{"type":"Feature","id":197,"geometry":{"type":"Polygon","coordinates":[[[101.49844314300186,3.0713008535633399],[101.49842991649538,3.0712599836583037],[101.49847118265149,3.071246628915226],[101.49848440915797,3.0712874988202623],[101.49844314300186,3.0713008535633399]]]},"properties":{"FID":197,"id":0,"NAME":" ","Height":0}},{"type":"Feature","id":198,"geometry":{"type":"Polygon","coordinates":[[[101.4983508617272,3.0714559021304706],[101.49839226143075,3.0714424138399625],[101.49840592151178,3.0714843408213373],[101.49836452180823,3.0714978291118453],[101.4983508617272,3.0714559021304706]]]},"properties":{"FID":198,"id":0,"NAME":" ","Height":0}},{"type":"Feature","id":199,"geometry":{"type":"Polygon","coordinates":[[[101.49863585194446,3.0712619912609842],[101.49881106617363,3.0712002923479655],[101.49882063287023,3.0712274601097653],[101.49864541864106,3.071289159022784],[101.49863585194446,3.0712619912609842]]]},"properties":{"FID":199,"id":0,"NAME":" ","Height":0}},{"type":"Feature","id":200,"geometry":{"type":"Polygon","coordinates":[[[101.49865134344644,3.071306329008002],[101.49882442091673,3.0712470339487377],[101.49883394863363,3.0712748445818354],[101.49866087116334,3.0713341396410998],[101.49865134344644,3.071306329008002]]]},"properties":{"FID":200,"id":0,"NAME":" ","Height":0}},{"type":"Feature","id":201,"geometry":{"type":"Polygon","coordinates":[[[101.49875764183243,3.0711039621452469],[101.49876464429151,3.0711016832384441],[101.49874353820795,3.0710368299998763],[101.49873590459541,3.0710393143116503],[101.49870932118993,3.070957630756658],[101.49871695480248,3.0709551464448839],[101.49875444206299,3.0709429464488585],[101.49882789314992,3.0711686416068704],[101.49879040588941,3.0711808416028958],[101.49878340343032,3.0711831205096987],[101.49875764183243,3.0711039621452469]]]},"properties":{"FID":201,"id":0,"NAME":" ","Height":0}},{"type":"Feature","id":202,"geometry":{"type":"Polygon","coordinates":[[[101.49890615194437,3.0709389400259366],[101.49888026166131,3.0709475536191531],[101.4987873126495,3.0706681723939684],[101.49881320293255,3.0706595588007519],[101.49890615194437,3.0709389400259366]]]},"properties":{"FID":202,"id":0,"NAME":" ","Height":0}},{"type":"Feature","id":203,"geometry":{"type":"Polygon","coordinates":[[[101.49886608771513,3.0709517605792911],[101.4988367705794,3.0709612718637813],[101.49874595832648,3.0706813564488735],[101.49877527546221,3.0706718451643833],[101.49886608771513,3.0709517605792911]]]},"properties":{"FID":203,"id":0,"NAME":" ","Height":0}},{"type":"Feature","id":204,"geometry":{"type":"Polygon","coordinates":[[[101.49808857210355,3.0716719760854247],[101.49811928802899,3.0717670619067774],[101.49811449552338,3.0717686100476338],[101.49814774116174,3.0718656201911396],[101.49815189031294,3.0718642594480063],[101.49816818310818,3.0719139391187129],[101.49816469250393,3.0719150838867741],[101.49816573215934,3.0719181175815771],[101.49804730592543,3.0719587025720041],[101.49796338801414,3.071713283997112],[101.49799250136957,3.0717038021244769],[101.49798609108947,3.0716843041891995],[101.4979569104112,3.0716949301724354],[101.49790234297475,3.0717128120688395],[101.49790547847839,3.0717225905886441],[101.49785633299769,3.0717383491938683],[101.49785329803576,3.0717288842278987],[101.49776854642425,3.0717566575600519],[101.49775064684356,3.0717627633465647],[101.49772213445195,3.0717728461829594],[101.49773054794457,3.07179608344829],[101.49775848298053,3.071786042741417],[101.49784299494105,3.0720303925403702],[101.49774838321626,3.0720631153925511],[101.49774696022695,3.0720590010973372],[101.4977196638231,3.0720683200309096],[101.49770270329036,3.072018640360203],[101.49770868310931,3.0720165988628731],[101.49764587882828,3.0718239281024324],[101.49766365292595,3.0718181343357864],[101.497662662626,3.0718152710772224],[101.49765935043226,3.0718164077087287],[101.49754464846662,3.0714821611817715],[101.49753955832306,3.0714837408814972],[101.49752994290291,3.0714527578610564],[101.49753411402969,3.071451463373438],[101.49743872995909,3.0711735100345812],[101.49746686895165,3.0711638398498251],[101.49745978792184,3.0711432776286873],[101.49741789906562,3.0711573802102805],[101.49735273345965,3.0709638190043895],[101.49734684927776,3.0709658436691263],[101.49732975519751,3.0709161639984202],[101.49733596970485,3.0709140256733116],[101.49733375679918,3.0709074526861531],[101.49730731921719,3.070917098830932],[101.49730521967045,3.0709113445176741],[101.4972874266782,3.070917337946645],[101.49724748993634,3.0707987757442483],[101.4973260184769,3.070772324025322],[101.4973228107274,3.0707632521087431],[101.49737115492309,3.0707461580284998],[101.49737461851083,3.0707559534875797],[101.49745048213923,3.070730399423276],[101.49749041888109,3.0708489616256727],[101.49747602766222,3.0708538091941362],[101.49747745873461,3.0708579372875908],[101.4974494148754,3.0708676591587851],[101.49753381578043,3.0711183549162961],[101.49754073744479,3.071138454364716],[101.49762524573927,3.0711088480035125],[101.4976410043445,3.0711537199641508],[101.49765849906724,3.0711474432315615],[101.497639051212,3.0710940492709518],[101.49768873088271,3.0710769551907084],[101.49769200484394,3.0710864701405232],[101.49774489563042,3.0710682938082976],[101.49766597242545,3.0708330310803955],[101.49770641023319,3.0708194654747549],[101.49769597225276,3.0707896979009077],[101.4977001350437,3.070788238220965],[101.49769727128292,3.0707794921407152],[101.49766687373996,3.0707899685784961],[101.49766776392492,3.0707924990116631],[101.49762676484184,3.0708069221418679],[101.49762578275985,3.070804130482871],[101.49760948167422,3.0708097486115999],[101.497568003941,3.0706894003401963],[101.49764631512578,3.0706624105846059],[101.49764359182709,3.0706544108946976],[101.4976938056878,3.0706373168144543],[101.49769646439394,3.0706451267637256],[101.49777259871391,3.0706188872591929],[101.49781407644713,3.0707392355305965],[101.49779666618744,3.0707452359334138],[101.49779770564427,3.0707482280147822],[101.49775834669457,3.0707619014161414],[101.49776008691289,3.0707672161369635],[101.49777823751393,3.0707608516404972],[101.49779703790679,3.0708144675757247],[101.49779030600989,3.0708168281110009],[101.49782172226803,3.0709104770523097],[101.49783176025733,3.0709071495420441],[101.49786381165778,3.0710038379334197],[101.49785411968659,3.0710070507415463],[101.49793816099503,3.0712575700595006],[101.49794522555403,3.0712552828393518],[101.49795153058955,3.071274757263549],[101.49796574799011,3.0712698782294066],[101.4979366785139,3.0711851704008537],[101.49808144400596,3.0711354907301471],[101.49810932029537,3.0712167216379909],[101.49813213934638,3.0712091401856898],[101.49809195947981,3.0710883125582522],[101.49808289880743,3.071091484578742],[101.49805592222638,3.0710144277111837],[101.49806619408348,3.0710108316710891],[101.49802637324601,3.0708910837046419],[101.49800829802965,3.070897094414256],[101.49799156102853,3.0708467634324141],[101.49800963624489,3.0708407527227983],[101.49803293195801,3.0708330059957887],[101.49812229529945,3.0708032892231265],[101.4981496259668,3.0708854771439444],[101.49818737544395,3.0708724012708393],[101.49818536307367,3.07086679102646],[101.4982345085282,3.0708491627655974],[101.49823671392174,3.0708553111354582],[101.49833492185067,3.0708212933287515],[101.49832445663517,3.070790430123064],[101.49831841496656,3.0707924787554921],[101.49830164099647,3.0707430102577393],[101.49830768266509,3.0707409616253112],[101.4983236550722,3.0707356877248126],[101.49842614909136,3.0707007915700024],[101.4984672181162,3.0708219091678535],[101.49852939760541,3.0707995185002064],[101.49850217714919,3.0707165400126835],[101.49861939222366,3.0706780885067708],[101.49864406049137,3.0707532869357457],[101.49865277908137,3.0707502041193906],[101.49866987315251,3.0707985482893316],[101.49866004780178,3.0708020224464985],[101.49868563174932,3.0708800122221049],[101.49856841667486,3.0709184637280176],[101.49854191625182,3.0708376801804063],[101.49848011227543,3.0708599356268955],[101.49850326666633,3.0709282207691975],[101.49850871479036,3.0709263865674421],[101.49853569137139,3.0710065150259078],[101.49853041708933,3.0710082907008673],[101.49856473115291,3.0711094870883717],[101.49859402299253,3.0710983829923055],[101.49856264618022,3.0710055245882861],[101.49870486257937,3.0709574697319546],[101.49873645551403,3.0710509677412801],[101.49874492680863,3.071048014890021],[101.49876121959518,3.0710947564907931],[101.498752302041,3.0710978648953962],[101.49878392265839,3.0711914448306756],[101.49864170625924,3.0712394996870072],[101.49861000672401,3.0711456861976125],[101.4985807645262,3.0711567714752119],[101.49862547258053,3.0712886210179007],[101.49863051004725,3.0712869646305392],[101.49865641824881,3.0713657576146982],[101.49865210883651,3.071367174607897],[101.49867630892082,3.0714385436284832],[101.49873642728456,3.071418258291029],[101.49872715462108,3.0713910773538173],[101.49872349244593,3.0713923669402803],[101.49870973706055,3.0713533043167769],[101.49871378252526,3.071351879759971],[101.49870822712977,3.0713355952418766],[101.49882719202591,3.0712950108632433],[101.49885315438964,3.0713711142805562],[101.49886164726308,3.0713681948553093],[101.49887927552393,3.0714194770687273],[101.49887066312024,3.0714224375824939],[101.49889717087964,3.0715001397169162],[101.4987782059835,3.0715407240955495],[101.49877226915476,3.0715233214830486],[101.49876823083525,3.0715247792178935],[101.49875340707044,3.0714837133829298],[101.49875817043086,3.0714819939259947],[101.49874920690853,3.0714557191734846],[101.4986890192325,3.0714760278985214],[101.49873063723354,3.0715987644945462],[101.49861217080726,3.0716389345498549],[101.49861115792957,3.0716359474491708],[101.49860597070688,3.0716376935706156],[101.49859001178889,3.0715902842326903],[101.49859509415586,3.0715885734077508],[101.49858347031279,3.0715542932670443],[101.49848438593799,3.0715900829408889],[101.49848651253009,3.071596360640791],[101.49844664757853,3.071609865028174],[101.49844911924947,3.0716169269451306],[101.49842508071193,3.0716253404332696],[101.49842078154616,3.0716130571024878],[101.49839470647643,3.0716224755223203],[101.49840490887973,3.0716540435142932],[101.49842133521372,3.0717023876842342],[101.498302116915,3.0717428955592117],[101.49828569058101,3.0716945513892706],[101.49829275874514,3.0716921497754917],[101.49818640317805,3.0713723206687216],[101.49816514189065,3.0713793845661717],[101.49818496693359,3.0714371543149626],[101.49814611869409,3.0714504859986294],[101.49815996993708,3.0714901928951925],[101.4980910594261,3.0715142314455348],[101.49807845475375,3.071476620301723],[101.4980770865902,3.0714741759826198],[101.49804020144153,3.0714868339856691],[101.49802082863806,3.0714303820529749],[101.49800092470647,3.0714372125534837],[101.49808209576351,3.0716740681615633],[101.49808857210355,3.0716719760854247]],[[101.49827297967124,3.0712282040845409],[101.49831352826091,3.0712144003093336],[101.49830288481274,3.0711820965105221],[101.49839529963485,3.071151647696305],[101.49840564340984,3.0711830419607598],[101.49845220970197,3.0711671896059953],[101.49837472072934,3.0709386651095496],[101.49818873597873,3.0710030875382262],[101.4982448084041,3.0711717067671671],[101.49824677709466,3.0711710526850293],[101.49825153826625,3.0711853831078506],[101.49825881416054,3.0711830981162533],[101.49827297967124,3.0712282040845409]],[[101.49842118601072,3.0712302151177719],[101.49843077210518,3.071259309755372],[101.49833835728307,3.0712897585695891],[101.49832907086177,3.0712615734663458],[101.49828215794653,3.0712775438204698],[101.49830099735156,3.0713342476454377],[101.49829907223575,3.071334887250198],[101.49835681423374,3.0715085271652853],[101.49854491364027,3.0714405849047335],[101.49846815847359,3.0712142244921128],[101.49842118601072,3.0712302151177719]],[[101.49789014747094,3.0715001171764054],[101.49788979803866,3.0715002343998874],[101.49787790664229,3.0714647872541301],[101.49769909750785,3.0715291219919911],[101.49768547566265,3.071486520338885],[101.49767826409754,3.0714886570989153],[101.49769373336665,3.0715311362029496],[101.49769144950668,3.0715319937821253],[101.49773008130727,3.071644568532728],[101.49791849195803,3.0715828258532514],[101.49789014747094,3.0715001171764054]],[[101.49759446912149,3.071249388713007],[101.49764635402187,3.0714005835739986],[101.49769698240944,3.0713823350549054],[101.49783371355855,3.0713330517849582],[101.49778381791626,3.0711843175195281],[101.49759446912149,3.071249388713007]]]},"properties":{"FID":204,"id":0,"NAME":" ","Height":0}},{"type":"Feature","id":205,"geometry":{"type":"Polygon","coordinates":[[[101.49830919492884,3.071743296201503],[101.49843913657899,3.0716976229801762],[101.49844846331492,3.071724157816579],[101.49831852166476,3.0717698310379058],[101.49830919492884,3.071743296201503]]]},"properties":{"FID":205,"id":0,"NAME":" ","Height":0}},{"type":"Feature","id":206,"geometry":{"type":"Polygon","coordinates":[[[101.49845569646041,3.0716925481778068],[101.49858336780423,3.0716466078616196],[101.49859441840508,3.0716773182523611],[101.49846674706126,3.0717232585685483],[101.49845569646041,3.0716925481778068]]]},"properties":{"FID":206,"id":0,"NAME":" ","Height":0}},{"type":"Feature","id":207,"geometry":{"type":"Polygon","coordinates":[[[101.49832214902963,3.071785497189627],[101.49845249132207,3.0717390226837167],[101.49846311877096,3.0717688284024445],[101.49833277647852,3.0718153029083548],[101.49832214902963,3.071785497189627]]]},"properties":{"FID":207,"id":0,"NAME":" ","Height":0}},{"type":"Feature","id":208,"geometry":{"type":"Polygon","coordinates":[[[101.49833496958298,3.0718330400749836],[101.49846103835765,3.0717881681382426],[101.49847095526528,3.0718160299263517],[101.49845958358463,3.0718197902424502],[101.49834488649061,3.0718609018630927],[101.49833496958298,3.0718330400749836]]]},"properties":{"FID":208,"id":0,"NAME":" ","Height":0}},{"type":"Feature","id":209,"geometry":{"type":"Polygon","coordinates":[[[101.49849255555131,3.07177908691295],[101.49861541918762,3.0717358175453784],[101.49862490545924,3.0717627538721866],[101.49850204182293,3.0718060232397582],[101.49849255555131,3.07177908691295]]]},"properties":{"FID":209,"id":0,"NAME":" ","Height":0}},{"type":"Feature","id":210,"geometry":{"type":"Polygon","coordinates":[[[101.49846744863432,3.0717347491659321],[101.49859992768565,3.0716909456086374],[101.49860948794648,3.0717198595682218],[101.49847700889515,3.0717636631255165],[101.49846744863432,3.0717347491659321]]]},"properties":{"FID":210,"id":0,"NAME":" ","Height":0}},{"type":"Feature","id":211,"geometry":{"type":"Polygon","coordinates":[[[101.49862984231014,3.0717320782173165],[101.49876392393064,3.0716872062805756],[101.49877272649057,3.0717135091679988],[101.49863864487007,3.0717583811047398],[101.49862984231014,3.0717320782173165]]]},"properties":{"FID":211,"id":0,"NAME":" ","Height":0}},{"type":"Feature","id":212,"geometry":{"type":"Polygon","coordinates":[[[101.49861595337735,3.0716848024268222],[101.49874869952355,3.0716396633952199],[101.49875842981974,3.0716682785266527],[101.49862568367355,3.071713417558255],[101.49861595337735,3.0716848024268222]]]},"properties":{"FID":212,"id":0,"NAME":" ","Height":0}},{"type":"Feature","id":213,"geometry":{"type":"Polygon","coordinates":[[[101.49860900891096,3.0716431356284186],[101.49873213964214,3.0715995323922707],[101.49874161105427,3.0716262786157897],[101.49861848032309,3.0716698818519377],[101.49860900891096,3.0716431356284186]]]},"properties":{"FID":213,"id":0,"NAME":" ","Height":0}},{"type":"Feature","id":214,"geometry":{"type":"Polygon","coordinates":[[[101.49872950208039,3.0715939234001772],[101.49869381152955,3.0714881204481443],[101.49871650486342,3.0714804652970265],[101.49875219541427,3.0715862682490593],[101.49872950208039,3.0715939234001772]]]},"properties":{"FID":214,"id":0,"NAME":" ","Height":0}},{"type":"Feature","id":215,"geometry":{"type":"Polygon","coordinates":[[[101.4987923695334,3.0716764223255386],[101.49872693129234,3.0714763682742356],[101.4987484887596,3.0714693167662519],[101.49881392700067,3.0716693708175549],[101.4987923695334,3.0716764223255386]]]},"properties":{"FID":215,"id":0,"NAME":" ","Height":0}},{"type":"Feature","id":216,"geometry":{"type":"Polygon","coordinates":[[[101.49888598628239,3.0715705192129334],[101.49884427617893,3.0715845089370752],[101.49882985305641,3.071541506664365],[101.49887156315987,3.0715275169402232],[101.49888598628239,3.0715705192129334]]]},"properties":{"FID":216,"id":0,"NAME":" ","Height":0}},{"type":"Feature","id":217,"geometry":{"type":"Polygon","coordinates":[[[101.49762583272556,3.0722208952008141],[101.49783202995869,3.0721501150625028],[101.49784180481956,3.0721785912609705],[101.49763560758643,3.0722493713992818],[101.49762583272556,3.0722208952008141]]]},"properties":{"FID":217,"id":0,"NAME":" ","Height":0}},{"type":"Feature","id":218,"geometry":{"type":"Polygon","coordinates":[[[101.49784832274523,3.0721461086395787],[101.49798026760683,3.0721012367028377],[101.49798935077067,3.0721279455298149],[101.49785740590906,3.0721728174665559],[101.49784832274523,3.0721461086395787]]]},"properties":{"FID":218,"id":0,"NAME":" ","Height":0}},{"type":"Feature","id":219,"geometry":{"type":"Polygon","coordinates":[[[101.49799602620369,3.0720958948056074],[101.49813171039332,3.0720488861099731],[101.49814073810809,3.0720749433775913],[101.49800505391846,3.0721219520732257],[101.49799602620369,3.0720958948056074]]]},"properties":{"FID":219,"id":0,"NAME":" ","Height":0}},{"type":"Feature","id":220,"geometry":{"type":"Polygon","coordinates":[[[101.49836301454343,3.0719714286001238],[101.49849656197421,3.0719244199044904],[101.49850662825281,3.0719530172868867],[101.49837308082203,3.0720000259825202],[101.49836301454343,3.0719714286001238]]]},"properties":{"FID":220,"id":0,"NAME":" ","Height":0}},{"type":"Feature","id":221,"geometry":{"type":"Polygon","coordinates":[[[101.49850831414813,3.0719217489558752],[101.49864292995835,3.0718747402602418],[101.49865263537664,3.071902533048998],[101.49851801956642,3.0719495417446314],[101.49850831414813,3.0719217489558752]]]},"properties":{"FID":221,"id":0,"NAME":" ","Height":0}},{"type":"Feature","id":222,"geometry":{"type":"Polygon","coordinates":[[[101.49865468213228,3.0718710009321804],[101.49878929794251,3.0718255948057163],[101.49879791104448,3.0718511301197884],[101.49866329523425,3.0718965362462525],[101.49865468213228,3.0718710009321804]]]},"properties":{"FID":222,"id":0,"NAME":" ","Height":0}},{"type":"Feature","id":223,"geometry":{"type":"Polygon","coordinates":[[[101.49880318687531,3.0718213212879313],[101.4989164350966,3.0717823254381447],[101.49892588620428,3.0718097724905791],[101.49881263798298,3.0718487683403657],[101.49880318687531,3.0718213212879313]]]},"properties":{"FID":223,"id":0,"NAME":" ","Height":0}},{"type":"Feature","id":224,"geometry":{"type":"Polygon","coordinates":[[[101.49814239418779,3.0720494202996962],[101.49825908159907,3.0720038443301956],[101.49825170209216,3.07198495069904],[101.49830968759316,3.0719623026224712],[101.49831706710007,3.0719811962536268],[101.49833523667783,3.071974099548739],[101.49834790652127,3.0720065379422428],[101.49815506403124,3.0720818586931999],[101.49814239418779,3.0720494202996962]]]},"properties":{"FID":224,"id":0,"NAME":" ","Height":0}},{"type":"Feature","id":225,"geometry":{"type":"Polygon","coordinates":[[[101.49838411503752,3.0705281815157237],[101.49842417926676,3.0704902540453829],[101.498455492489,3.070523331392816],[101.49841542825976,3.0705612588631568],[101.49838411503752,3.0705281815157237]]]},"properties":{"FID":225,"id":0,"NAME":" ","Height":0}},{"type":"Feature","id":226,"geometry":{"type":"Polygon","coordinates":[[[101.49874709695439,3.0704555317133813],[101.49870810110461,3.0703438860612517],[101.49873504461833,3.0703344751689019],[101.49873160545242,3.0703251894209433],[101.49881814418757,3.0702931380375569],[101.49884650385646,3.0703697091435775],[101.49883066283442,3.0703755761887725],[101.49884646693286,3.0704208235390889],[101.49881283844636,3.0704325693740859],[101.49882134932591,3.0704566000928275],[101.49877006711249,3.0704747625434128],[101.49876147728678,3.07045050891786],[101.49874709695439,3.0704555317133813]]]},"properties":{"FID":226,"id":0,"NAME":" ","Height":0}},{"type":"Feature","id":227,"geometry":{"type":"Polygon","coordinates":[[[101.49665467580888,3.0726494489061791],[101.49665792435772,3.0726414150276087],[101.49666131086313,3.072633438320556],[101.49666483431949,3.0726255211537845],[101.49666849368046,3.0726176658783779],[101.49667228785935,3.0726098748270405],[101.49667621572944,3.0726021503134038],[101.49668027612432,3.0725944946313413],[101.49668446783821,3.0725869100542855],[101.49668878962632,3.0725793988345544],[101.49669324020527,3.0725719632026802],[101.49669781825342,3.0725646053667504],[101.49670252241125,3.0725573275117486],[101.49670735128184,3.0725501317989083],[101.49671230343118,3.0725430203650701],[101.49671737738871,3.0725359953220464],[101.49672257164764,3.072529058755995],[101.49672788466548,3.0725222127268004],[101.4967333148645,3.0725154592674602],[101.49673886063212,3.0725088003834831],[101.49674452032149,3.0725022380522926],[101.49675029225189,3.0724957742226398],[101.4967561747093,3.072489410814025],[101.49676216594686,3.0724831497161267],[101.49676826418542,3.0724769927882418],[101.49677446761402,3.0724709418587328],[101.49678077439052,3.072464998724485],[101.49678718264202,3.0724591651503728],[101.49679369046557,3.0724534428687349],[101.49680029592857,3.0724478335788619],[101.49680699706948,3.0724423389464888],[101.49681379189832,3.0724369606033028],[101.4968206783973,3.0724317001464581],[101.4968276545214,3.0724265591381008],[101.49683471819898,3.0724215391049055],[101.49684186733244,3.0724166415376217],[101.49684909979874,3.0724118678906334],[101.49685641345015,3.072407219581522],[101.49686380611477,3.0724026979906514],[101.49687127559731,3.0723983044607537],[101.49687881967962,3.0723940402965324],[101.49688643612141,3.0723899067642741],[101.49689412266089,3.0723859050914739],[101.49690187701547,3.0723820364664691],[101.49690969688241,3.072378302038087],[101.49691757993953,3.0723747029153046],[101.49692552384589,3.0723712401669174],[101.49693352624243,3.0723679148212248],[101.49694158475278,3.0723647278657213],[101.49694969698386,3.0723616802468059],[101.49695786052669,3.0723587728695003],[101.49696607295702,3.0723560065971798],[101.49697433183607,3.0723533822513169],[101.49698263471129,3.0723509006112382],[101.49699097911706,3.0723485624138918],[101.49699936257541,3.072346368353629],[101.4970077825968,3.0723443190819988],[101.49701623668081,3.0723424152075527],[101.49702472231692,3.0723406572956664],[101.49703323698523,3.072339045868369],[101.49704177815723,3.0723375814041907],[101.49705034329652,3.0723362643380185],[101.49705892985961,3.0723350950609696],[101.49706753529661,3.0723340739202718],[101.49707615705206,3.0723332012191635],[101.49708479256566,3.0723324772168024],[101.49709343927297,3.0723319021281883],[101.49710209460629,3.0723314761240994],[101.49711075599534,3.072331199331042],[101.49711942086799,3.0723310718312078],[101.49711928732056,3.0723444265742859],[101.49711942086799,3.0723608529082713],[101.49712052375121,3.072361811614484],[101.49712160985729,3.0723627892864842],[101.49712267886015,3.0723637856307273],[101.49712373043883,3.072364800348061],[101.49712476427759,3.0723658331338179],[101.497125780066,3.0723668836779048],[101.49712677749909,3.0723679516648961],[101.49712775627738,3.0723690367741296],[101.49712871610697,3.0723701386798026],[101.49712965669971,3.0723712570510688],[101.49713057777316,3.0723723915521375],[101.49713147905078,3.0723735418423761],[101.49713236026196,3.0723747075764107],[101.49713322114212,3.0723758884042307],[101.49713406143277,3.0723770839712929],[101.49713488088162,3.0723782939186304],[101.49713567924263,3.0723795178829563],[101.49713645627611,3.0723807554967766],[101.49713721174872,3.0723820063884992],[101.49713794543366,3.0723832701825442],[101.49713865711064,3.072384546499459],[101.49713934656596,3.0723858349560298],[101.49714001359263,3.0723871351653993],[101.49714065799037,3.0723884467371798],[101.4971412795657,3.0723897692775735],[101.49714187813198,3.0723911023894881],[101.49714245350953,3.0723924456726586],[101.49714300552553,3.0723937987237648],[101.4971435340143,3.0723951611365541],[101.49714403881713,3.0723965325019633],[101.49714451978245,3.072397912408241],[101.49714497676587,3.072399300441071],[101.49714540963016,3.0724006961836983],[101.49714581824537,3.0724020992170518],[101.49714620248881,3.0724035091198716],[101.49714656224511,3.0724049254688359],[101.49714689740624,3.0724063478386867],[101.49714720787159,3.0724077758023594],[101.49714749354793,3.0724092089311079],[101.49714775434948,3.0724106467946366],[101.49714799019796,3.072412088961229],[101.49714820102253,3.0724135349978745],[101.4971483867599,3.0724149844704027],[101.4971485473543,3.0724164369436102],[101.49714868275753,3.0724178919813929],[101.4971487929289,3.0724193491468772],[101.49714887783536,3.0724208080025499],[101.4971489374514,3.0724222681103908],[101.49714897175913,3.0724237290320042],[101.49714898074825,3.0724251903287492],[101.49714896441606,3.0724266515618721],[101.49714892276745,3.0724281122926391],[101.49714885581494,3.0724295720824677],[101.49714876357864,3.072431030493056],[101.49714864608623,3.0724324870865178],[101.49714850337298,3.0724339414255124],[101.49714833548177,3.0724353930733752],[101.49714814246296,3.07243684159425],[101.49714792437456,3.0724382865532198],[101.497147681282,3.072439727516437],[101.4971474132583,3.072441164051253],[101.49714712038393,3.0724425957263497],[101.49714680274683,3.0724440221118678],[101.49714646044234,3.0724454427795358],[101.49714609357328,3.0724468573028001],[101.49714570224975,3.0724482652569503],[101.4971452865893,3.0724496662192493],[101.49714484671669,3.07245105976906],[101.49714438276402,3.0724524454879698],[101.49714389487058,3.0724538229599174],[101.49714338318286,3.0724551917713181],[101.49714284785448,3.0724565515111877],[101.4971422890462,3.0724579017712648],[101.49714170692576,3.0724592421461354],[101.49714110166799,3.0724605722333527],[101.49714047345459,3.0724618916335587],[101.49713982247418,3.0724631999506054],[101.49713914892223,3.0724644967916706],[101.49713845300097,3.0724657817673795],[101.49713773491933,3.072467054491919],[101.49713699489295,3.0724683145831548],[101.49713623314399,3.0724695616627447],[101.49713544990118,3.0724707953562547],[101.49713464539968,3.0724720152932692],[101.49713381988104,3.072473221107503],[101.49713297359314,3.072474412436911],[101.49713210679005,3.072475588923798],[101.49713121973205,3.0724767502149244],[101.49713031268547,3.0724778959616135],[101.49712938592265,3.072479025819856],[101.49712843972183,3.0724801394504127],[101.49712747436715,3.0724812365189162],[101.49712649014842,3.0724823166959738],[101.49712548736116,3.0724833796572621],[101.49712446630647,3.0724844250836285],[101.4971234272909,3.0724854526611844],[101.49712278317692,3.0725003145408851],[101.49712233799224,3.0725151837090414],[101.49712209181659,3.0725300575030636],[101.49713651493911,3.0725303245979254],[101.49714826711302,3.0725303245979254],[101.49714586325923,3.072615527858761],[101.49714833388671,3.0726155278587615],[101.49715254063078,3.0726159285010537],[101.49715198268645,3.0726221949214811],[101.49715152923947,3.072628469769104],[101.49715118041578,3.0726347513014707],[101.49715093631222,3.0726410377742734],[101.49715079699659,3.0726473274418322],[101.49715076250756,3.0726536185575801],[101.49715083285473,3.0726599093745479],[101.49715100801855,3.0726661981458494],[101.49715128795037,3.0726724831251668],[101.49715167257247,3.0726787625672345],[101.49714836085617,3.0726783772799169],[101.49714504301372,3.0726780489012033],[101.49714172002295,3.0726777775278773],[101.49713839286323,3.0726775632399184],[101.49713506251516,3.0726774061004822],[101.49713172996024,3.0726773061558816],[101.4971283961807,3.072677263435573],[101.49712506215904,3.0726772779521467],[101.4971217288779,3.072677349701324],[101.49711839731967,3.0726774786619595],[101.49711506846623,3.0726776647960445],[101.49711174329867,3.0726779080487217],[101.49710842279701,3.0726782083482989],[101.49710510793986,3.0726785656062701],[101.49710179970421,3.0726789797173435],[101.49709849906506,3.072679450559471],[101.49709520699518,3.072679977993884],[101.49709192446483,3.0726805618651354],[101.49708865244145,3.0726812020011445],[101.49708539188937,3.0726818982132489],[101.49708214376957,3.0726826502962576],[101.49707890903933,3.0726834580285147],[101.497075688652,3.0726843211719626],[101.49707248355672,3.0726852394722126],[101.49706929469809,3.0726862126586201],[101.49706612301595,3.0726872404443646],[101.49706296944507,3.0726883225265329],[101.49705983491488,3.0726894585862108],[101.49705672034919,3.0726906482885741],[101.49703188052706,3.0726179984862316],[101.49701959416343,3.0725820742273524],[101.49701555745256,3.0725836337012442],[101.4970115474142,3.0725852605343462],[101.49700756517228,3.0725869542707009],[101.49700361184291,3.0725887144355983],[101.49699968853412,3.0725905405357095],[101.49699579634549,3.0725924320592264],[101.49699193636791,3.0725943884760052],[101.49698810968322,3.0725964092377125],[101.49698431736395,3.0725984937779822],[101.49698056047299,3.072600641512572],[101.4969768400633,3.0726028518395276],[101.49697315717761,3.0726051241393524],[101.49696951284812,3.0726074577751801],[101.49696590809627,3.0726098520929539],[101.49696478337074,3.0726081017309022],[101.49696362866452,3.0726063710003189],[101.49696244432015,3.072604660414668],[101.49696123068902,3.0726029704814359],[101.4969599881312,3.0726013017019835],[101.49695871701529,3.0725996545713947],[101.49695741771841,3.0725980295783315],[101.49695609062603,3.0725964272048869],[101.49695473613187,3.0725948479264451],[101.49695335463777,3.0725932922115375],[101.49694998678522,3.0725951927342798],[101.49694665234956,3.0725971512940298],[101.49694335233082,3.0725991673033937],[101.4969400877187,3.0726012401577489],[101.49693685949229,3.0726033692354258],[101.49693366861979,3.0726055538978918],[101.49693051605814,3.0726077934899449],[101.49692740275286,3.0726100873399087],[101.49692432963764,3.0726124347598338],[101.49692129763415,3.0726148350457048],[101.4969183076517,3.0726172874776525],[101.49691536058704,3.0726197913201667],[101.49691245732402,3.0726223458223196],[101.49690959873334,3.0726249502179903],[101.49690678567234,3.0726276037260938],[101.49690401898467,3.072630305550816],[101.4969012995001,3.0726330548818521],[101.49689862803423,3.0726358508946503],[101.49689600538825,3.0726386927506568],[101.49689343234874,3.0726415795975708],[101.49689090968735,3.0726445105695972],[101.49688843816068,3.0726474847877077],[101.49688601850995,3.0726505013599037],[101.49688365146085,3.072653559381485],[101.49688133772327,3.0726566579353194],[101.49687907799112,3.0726597960921196],[101.49687687294214,3.0726629729107193],[101.49687472323761,3.0726661874383594],[101.49687262952229,3.0726694387109692],[101.49687059242407,3.0726727257534598],[101.49686861255393,3.0726760475800132],[101.49686669050563,3.07267940319438],[101.4968648268556,3.0726827915901773],[101.4968630221628,3.0726862117511904],[101.49686127696846,3.0726896626516784],[101.49685959179598,3.0726931432566809],[101.49685796715077,3.0726966525223287],[101.49685640352007,3.0727001893961581],[101.49685490137283,3.0727037528174241],[101.49685346115955,3.0727073417174204],[101.49687473302481,3.0727149563882552],[101.4968958719154,3.0727229327764376],[101.49691687168099,3.0727312685612551],[101.49693772621177,3.0727399613174295],[101.49695842944014,3.0727490085158227],[101.49695985370506,3.0727464569553242],[101.49696132223674,3.0727439306128517],[101.49696283458879,3.0727414302563072],[101.4969643903015,3.072738956645694],[101.49696598890205,3.0727365105328843],[101.49696762990449,3.0727340926613946],[101.49696931281004,3.0727317037661548],[101.49697103710716,3.0727293445732893],[101.49697280227174,3.0727270157998934],[101.49697460776726,3.0727247181538151],[101.49697645304491,3.0727224523334424],[101.49697833754379,3.0727202190274898],[101.49698026069113,3.0727180189147876],[101.49698222190234,3.0727158526640772],[101.49698422058131,3.072713720933808],[101.49698625612051,3.0727116243719359],[101.49698832790125,3.0727095636157276],[101.49699043529377,3.0727075392915659],[101.49699257765752,3.0727055520147601],[101.49699475434132,3.0727036023893586],[101.49699516978384,3.0727035307671082],[101.49699558641095,3.0727034663923671],[101.49699600409618,3.0727034092846703],[101.4969964227128,3.0727033594613471],[101.49699684213378,3.0727033169375155],[101.49699726223187,3.0727032817260804],[101.49699768287957,3.0727032538377257],[101.49699810394922,3.0727032332809143],[101.49699852531307,3.0727032200618849],[101.49699894684328,3.072703214184648],[101.49699936841188,3.072703215650987],[101.49699978989099,3.0727032244604571],[101.4970002111527,3.0727032406103856],[101.49700063206916,3.0727032640958711],[101.49700105251267,3.0727032949097874],[101.49700147235563,3.0727033330427842],[101.49700189147066,3.0727033784832893],[101.49700230973056,3.0727034312175148],[101.49700272700842,3.0727034912294577],[101.49700314317761,3.0727035585009084],[101.49700355811184,3.0727036330114523],[101.49700397168522,3.0727037147384801],[101.49700438377224,3.0727038036571921],[101.49700479424783,3.0727038997406049],[101.49700520298747,3.0727040029595631],[101.4970056098671,3.0727041132827448],[101.49700601476327,3.0727042306766723],[101.49700641755311,3.0727043551057229],[101.4970068181144,3.0727044865321389],[101.49700721632557,3.0727046249160384],[101.4970076120658,3.0727047702154295],[101.49700800521499,3.0727049223862211],[101.49700839565386,3.0727050813822374],[101.49700878326392,3.0727052471552314],[101.49700916792756,3.0727054196548989],[101.49700954952803,3.0727055988288958],[101.49700992794955,3.0727057846228512],[101.49701030307729,3.0727059769803868],[101.49701067479741,3.0727061758431318],[101.49701104299713,3.0727063811507414],[101.4970114075647,3.0727065928409152],[101.4970117683895,3.0727068108494167],[101.49701212536203,3.0727070351100907],[101.49701247837399,3.0727072655548859],[101.49701282731823,3.0727075021138739],[101.49701317208888,3.072707744715272],[101.49701351258133,3.0727079932854622],[101.49701384869223,3.0727082477490164],[101.49701418031962,3.0727085080287186],[101.49701450736283,3.0727087740455863],[101.49701482972266,3.0727090457188977],[101.49701514730127,3.0727093229662135],[101.49701546000227,3.0727096057034036],[101.49701576773082,3.0727098938446717],[101.4970160703935,3.0727101873025817],[101.49701636789848,3.0727104859880843],[101.49701666015548,3.0727107898105435],[101.49701694707582,3.072711098677765],[101.49701722857243,3.0727114124960231],[101.49701750455991,3.0727117311700902],[101.49701777495447,3.0727120546032651],[101.4970180396741,3.0727123826974028],[101.49701829863845,3.0727127153529432],[101.49701855176893,3.0727130524689423],[101.49701879898876,3.0727133939431028],[101.4970190402229,3.0727137396718045],[101.49701927539813,3.072714089550137],[101.49701950444313,3.0727144434719302],[101.49701972728836,3.0727148013297865],[101.49701994386621,3.0727151630151144],[101.49702015411097,3.0727155284181613],[101.49702035795882,3.0727158974280462],[101.49702055534792,3.0727162699327928],[101.49702074621837,3.0727166458193662],[101.49702093051224,3.072717024973703],[101.49702110817361,3.0727174072807495],[101.49702127914858,3.0727177926244957],[101.49702144338526,3.0727181808880091],[101.49702160083382,3.0727185719534713],[101.49702175144647,3.0727189657022147],[101.4970218951775,3.0727193620147566],[101.49702203198332,3.0727197607708363],[101.4970221618224,3.0727201618494515],[101.49702228465534,3.072720565128896],[101.49702240044488,3.0727209704867944],[101.49702250915587,3.0727213778001423],[101.49702261075534,3.07272178694534],[101.49702270521243,3.072722197798234],[101.49702279249848,3.0727226102341505],[101.49702287258704,3.0727230241279369],[101.49702294545378,3.0727234393539975],[101.49702301107659,3.0727238557863328],[101.49702306943556,3.0727242732985762],[101.49702312051298,3.072724691764035],[101.49702316429334,3.0727251110557257],[101.49702320076338,3.0727255310464154],[101.49702322991202,3.0727259516086578],[101.4970232517304,3.0727263726148344],[101.49702326621191,3.0727267939371914],[101.49702327335218,3.0727272154478786],[101.49702327314901,3.0727276370189891],[101.49702326560248,3.0727280585225984],[101.49702325071486,3.072728479830801],[101.49702322849069,3.0727289008157523],[101.4970231989367,3.072729321349704],[101.49702316206186,3.0727297413050461],[101.49702311787738,3.072730160554344],[101.49702306639664,3.0727305789703756],[101.49702073885373,3.0727329531324488],[101.49701845150467,3.0727353660426839],[101.49701620499442,3.0727378170207045],[101.49701399995645,3.0727403053753988],[101.49701183701252,3.0727428304051161],[101.49700971677252,3.0727453913978651],[101.49700763983429,3.0727479876315136],[101.4970056067835,3.0727506183739912],[101.49700361819339,3.0727532828834985],[101.4970016746247,3.0727559804087141],[101.49699977662547,3.0727587101890066],[101.49699792473088,3.0727614714546503],[101.49699611946312,3.0727642634270409],[101.49699436133122,3.0727670853189153],[101.49699265083093,3.0727699363345753],[101.49699098844457,3.0727728156701093],[101.49698937464088,3.0727757225136205],[101.49698780987492,3.0727786560454553],[101.49698667682007,3.0727820231231298],[101.49698559918573,3.0727854083453687],[101.49698457726228,3.0727888108000432],[101.49698361132505,3.0727922295703838],[101.49698270163431,3.0727956637352225],[101.49698184843518,3.0727991123692444],[101.49698105195756,3.0728025745432368],[101.49698031241603,3.0728060493243374],[101.49697963000987,3.0728095357762872],[101.49697900492295,3.0728130329596834],[101.49697843732369,3.0728165399322305],[101.49697792736502,3.0728200557489962],[101.49697792428222,3.0728201701557798],[101.4969779231722,3.0728202845987074],[101.49697792403531,3.0728203990437639],[101.4969779268713,3.0728205134569317],[101.49697793167931,3.0728206278042047],[101.49697793845793,3.0728207420515954],[101.49697794720512,3.0728208561651456],[101.49697795791832,3.0728209701109375],[101.4969779705943,3.0728210838551031],[101.49697798522932,3.072821197363834],[101.49697800181902,3.0728213106033926],[101.49697802035848,3.0728214235401201],[101.49697804084218,3.0728215361404487],[101.49697806326402,3.0728216483709101],[101.49697808761736,3.0728217601981456],[101.49697811389495,3.0728218715889177],[101.49697814208899,3.0728219825101171],[101.49697817219108,3.0728220929287748],[101.49697820419229,3.0728222028120711],[101.49697823808309,3.0728223121273452],[101.49697827385341,3.072822420842106],[101.49697831149264,3.0728225289240396],[101.49697835098958,3.0728226363410212],[101.49697839233249,3.0728227430611228],[101.49697843550908,3.0728228490526242],[101.4969784805065,3.0728229542840215],[101.49697852731141,3.0728230587240368],[101.49697857590986,3.0728231623416278],[101.49697862628744,3.0728232651059959],[101.49697867842917,3.0728233669865963],[101.49697873231953,3.0728234679531474],[101.49697878794252,3.0728235679756386],[101.49697884528162,3.0728236670243403],[101.49697890431975,3.0728237650698125],[101.49697896503937,3.0728238620829131],[101.49697902742247,3.0728239580348062],[101.49697909145047,3.0728240528969732],[101.49697915710436,3.0728241466412176],[101.49697922436461,3.0728242392396754],[101.49697929321124,3.0728243306648246],[101.49697936362378,3.0728244208894897],[101.4969794355813,3.0728245098868543],[101.49697950906241,3.0728245976304653],[101.49697958404529,3.0728246840942424],[101.49697966050762,3.0728247692524864],[101.4969797384267,3.0728248530798856],[101.49697981777936,3.0728249355515236],[101.49697989854202,3.0728250166428879],[101.49697998069067,3.0728250963298755],[101.49698006420088,3.0728251745888011],[101.49698014904786,3.0728252513964036],[101.49698023520635,3.0728253267298542],[101.49698032265077,3.0728254005667606],[101.49698041135512,3.0728254728851763],[101.49698050129305,3.0728255436636069],[101.49698059243781,3.0728256128810143],[101.49698068476231,3.0728256805168255],[101.49698077823911,3.0728257465509365],[101.49698087284042,3.0728258109637205],[101.49698096853814,3.0728258737360319],[101.4969810653038,3.0728259348492131],[101.49698116310867,3.0728259942850991],[101.49698126192365,3.0728260520260235],[101.49698136171939,3.0728261080548247],[101.49698146246622,3.0728261623548492],[101.49698156413419,3.0728262149099566],[101.49698166669309,3.0728262657045269],[101.49698465402712,3.0728278050605033],[101.49698761426906,3.0728293958933097],[101.49699054653198,3.0728310377263002],[101.49699344993731,3.0728327300675486],[101.49699632361512,3.0728344724099959],[101.49699916670441,3.0728362642316003],[101.49700197835334,3.0728381049954963],[101.49700475771947,3.0728399941501539],[101.49700750397004,3.0728419311295445],[101.49701021628223,3.0728439153533094],[101.49701289384339,3.072845946226936],[101.49701553585125,3.0728480231419324],[101.4970181415142,3.0728501454760142],[101.49702071005154,3.0728523125932865],[101.49702324069371,3.0728545238444371],[101.49702573268245,3.0728567785669316],[101.49702818527111,3.0728590760852086],[101.49703059772486,3.0728614157108858],[101.49703296932087,3.0728637967429639],[101.49703529934857,3.0728662184680378],[101.49703758710983,3.0728686801605098],[101.49703983191918,3.0728711810828071],[101.49704203310405,3.0728737204856031],[101.49704419000491,3.0728762976080413],[101.49704630197552,3.072878911677964],[101.49704836838308,3.0728815619121428],[101.49705038860844,3.0728842475165146],[101.49705236204633,3.0728869676864177],[101.49705428810546,3.0728897216068343],[101.49705616620872,3.0728925084526346],[101.49705799579341,3.0728953273888231],[101.49705977631136,3.07289817757079],[101.49706150722908,3.0729010581445633],[101.49706318802794,3.0729039682470645],[101.49706481820436,3.0729069070063684],[101.49706639726989,3.0729098735419633],[101.49706792475142,3.0729128669650159],[101.49706940019128,3.0729158863786354],[101.49707082314741,3.0729189308781453],[101.49707219319345,3.0729219995513519],[101.49707350991891,3.0729250914788184],[101.49707477292927,3.0729282057341414],[101.49707598184611,3.0729313413842272],[101.49707713630723,3.0729344974895718],[101.4970782359667,3.0729376731045419],[101.49707928049506,3.0729408672776595],[101.49708026957933,3.072944079051886],[101.49708120292318,3.0729473074649092],[101.49708208024695,3.0729505515494306],[101.4970829012878,3.0729538103334582],[101.49708366579969,3.0729570828405937],[101.49708437355359,3.0729603680903286],[101.49708502433742,3.0729636650983352],[101.49708561795622,3.0729669728767632],[101.49708615423209,3.0729702904345366],[101.49708663300439,3.0729736167776469],[101.49708705412964,3.0729769509094553],[101.49708741748168,3.0729802918309885],[101.49708772295163,3.0729836385412392],[101.49708797044798,3.0729869900374651],[101.49709365560309,3.0729882099213222],[101.49709936035289,3.0729893346146939],[101.49710508310362,3.0729903638033766],[101.49711082225656,3.0729912971998479],[101.49711657620836,3.0729921345433473],[101.49712234335153,3.0729928755999474],[101.49712812207494,3.0729935201626208],[101.49713391076421,3.0729940680512975],[101.49713682923782,3.0729938002628465],[101.49713974277492,3.0729934832448578],[101.49714265054516,3.072993117087683],[101.49714555171983,3.0729927018956773],[101.49714844547209,3.0729922377871697],[101.49715133097722,3.0729917248944312],[101.49715420741286,3.0729911633636351],[101.49715707395924,3.0729905533548183],[101.49715992979937,3.0729898950418328],[101.49716277411936,3.0729891886122966],[101.49716560610855,3.0729884342675424],[101.49716842495987,3.0729876322225582],[101.49717122986991,3.0729867827059252],[101.4971740200393,3.0729858859597563],[101.49717679467281,3.0729849422396227],[101.4971795529797,3.0729839518144848],[101.49718229417384,3.0729829149666128],[101.49718501747401,3.0729818319915077],[101.49718772210404,3.0729807031978162],[101.49719040729315,3.0729795289072448],[101.49719307227603,3.0729783094544647],[101.49719351958606,3.0729784909558542],[101.49719396367372,3.072978680204844],[101.49719440440481,3.0729788771442532],[101.49719484164616,3.072979081714577],[101.49719527526568,3.0729792938540048],[101.49719570513233,3.0729795134984399],[101.49719613111625,3.0729797405815167],[101.49719655308871,3.0729799750346229],[101.49719697092223,3.0729802167869189],[101.49719738449056,3.0729804657653608],[101.49719779366872,3.0729807218947194],[101.49719819833311,3.0729809850976064],[101.49719859836144,3.0729812552944957],[101.49719899363284,3.0729815324037482],[101.49719938402789,3.072981816341636],[101.49719976942863,3.0729821070223684],[101.49720014971862,3.0729824043581164],[101.49720052478294,3.0729827082590409],[101.49720089450828,3.0729830186333196],[101.49720125878294,3.0729833353871734],[101.49720161749681,3.0729836584248962],[101.49720197054155,3.0729839876488829],[101.49720231781048,3.0729843229596594],[101.49720265919866,3.0729846642559124],[101.49720299460294,3.0729850114345201],[101.49720332392199,3.072985364390584],[101.49720364705631,3.0729857230174589],[101.49720396390826,3.0729860872067869],[101.4972042743821,3.0729864568485294],[101.49720457838401,3.0729868318309994],[101.49720487582216,3.0729872120408981],[101.49720516660668,3.0729875973633449],[101.49720545064969,3.0729879876819171],[101.49720572786539,3.0729883828786795],[101.49720599816999,3.0729887828342259],[101.49720626148185,3.07298918742771],[101.49720651772139,3.072989596536885],[101.4972067668112,3.07299001003814],[101.49720700867601,3.0729904278065368],[101.49720724324276,3.0729908497158478],[101.49720747044054,3.0729912756385938],[101.49720769020074,3.0729917054460842],[101.49720790245694,3.0729921390084534],[101.497208107145,3.0729925761947015],[101.4972083042031,3.0729930168727346],[101.49720849357168,3.0729934609094025],[101.49720867519352,3.0729939081705409],[101.49720884901376,3.0729943585210111],[101.49720901497987,3.0729948118247408],[101.49720917304171,3.0729952679447661],[101.49720932315151,3.072995726743271],[101.49720946526394,3.072996188081631],[101.49720959933602,3.0729966518204539],[101.49720972532727,3.0729971178196225],[101.49720984319963,3.0729975859383361],[101.49720995291746,3.0729980560351544],[101.49721005444762,3.0729985279680392],[101.49721014775943,3.0729990015943964],[101.4972102328247,3.0729994767711215],[101.49721030961774,3.0729999533546413],[101.49721037811533,3.0730004312009576],[101.49721043829678,3.0730009101656899],[101.49721049014389,3.0730013901041207],[101.49721053364102,3.0730018708712379],[101.49721056877502,3.0730023523217791],[101.49721059553526,3.0730028343102753],[101.49721061391367,3.0730033166910951],[101.49721062390469,3.0730037993184882],[101.4972106255053,3.0730042820466301],[101.49721061871503,3.0730047647296663],[101.49721060353592,3.0730052472217553],[101.49721057997256,3.0730057293771127],[101.49721054803206,3.0730062110500578],[101.49721050772409,3.0730066920950536],[101.49721045906081,3.0730071723667542],[101.49721040205692,3.0730076517200464],[101.49721033672967,3.0730081300100953],[101.49721026309878,3.0730086070923868],[101.49721018118649,3.0730090828227716],[101.49721009101756,3.0730095570575093],[101.49720999261925,3.0730100296533114],[101.49720988602127,3.0730105004673836],[101.49720977125583,3.0730109693574716],[101.4972096483576,3.073011436181901],[101.49720951736373,3.0730119007996226],[101.4972093783138,3.0730123630702533],[101.4972092312498,3.0730128228541189],[101.49720907621619,3.0730132800122973],[101.4972089132598,3.0730137344066595],[101.49720874242986,3.0730141858999112],[101.49720856377802,3.0730146343556357],[101.49720392160337,3.0730166168681241],[101.49719924730115,3.0730185223969277],[101.49719454214794,3.0730203504216433],[101.4971898074287,3.0730221004430343],[101.49718504443648,3.0730237719831668],[101.49718025447208,3.0730253645855403],[101.49717543884366,3.0730268778152134],[101.49717059886635,3.0730283112589198],[101.49716573586197,3.0730296645251838],[101.49716085115861,3.0730309372444267],[101.49715594609029,3.073032129069067],[101.49715486063242,3.0730902319007711],[101.49715300804678,3.0731483153338419],[101.4971566226251,3.0731484140960612],[101.49716023837259,3.073148450157571],[101.4971638542017,3.0731484235075293],[101.49716746902483,3.0731483341539518],[101.49717108175471,3.073148182123715],[101.49717469130468,3.073147967462547],[101.49717829658903,3.073147690235015],[101.49718189652334,3.0731473505245051],[101.49718549002483,3.0731469484331968],[101.49718907601262,3.0731464840820335],[101.49719265340808,3.0731459576106848],[101.4971962211352,3.0731453691775061],[101.49719977812084,3.0731447189594885],[101.49720332329512,3.0731440071522087],[101.49720685559173,3.0731432339697675],[101.49721037394818,3.0731423996447269],[101.49721387730621,3.073141504428039],[101.49721736461204,3.0731405485889725],[101.49722083481677,3.0731395324150288],[101.49722428687662,3.0731384562118587],[101.49722771975323,3.0731373203031676],[101.49723113241404,3.0731361250306204],[101.4972345238326,3.0731348707537371],[101.49723789298882,3.0731335578497858],[101.49724123886929,3.0731321867136683],[101.49724456046762,3.0731307577578026],[101.49724785678474,3.0731292714119967],[101.49725112682914,3.073127728123322],[101.49725436961727,3.0731261283559768],[101.49725758417372,3.0731244725911471],[101.49726076953162,3.0731227613268626],[101.49726392473283,3.0731209950778462],[101.49726704882836,3.0731191743753592],[101.4972701408785,3.0731172997670426],[101.4972731999532,3.0731153718167503],[101.49727622513234,3.0731133911043815],[101.49727921550601,3.073111358225705],[101.49728217017473,3.0731092737921806],[101.49728508824978,3.0731071384307747],[101.49728796885346,3.0731049527837726],[101.49729081111931,3.073102717508585],[101.49729361419244,3.0731004332775487],[101.49729637722972,3.0730981007777274],[101.49729909940004,3.0730957207107017],[101.49730177988465,3.0730932937923612],[101.49729216446964,3.0730816751658838],[101.4972850864558,3.0730728610354525],[101.49728966434212,3.0730694121702782],[101.49729418382688,3.0730658871211292],[101.49729864364241,3.0730622868767634],[101.49730304253775,3.0730586124470318],[101.49730737927902,3.0730548648625926],[101.49731165264981,3.0730510451746245],[101.49731586145145,3.0730471544545308],[101.49732000450338,3.0730431937936378],[101.49732408064352,3.0730391643028914],[101.49732808872851,3.073035067112543],[101.49731324115356,3.0730231754359494],[101.49729856815937,3.0730110690039871],[101.49728407285184,3.0729987503793206],[101.49726975829934,3.0729862221695305],[101.49725562753193,3.0729734870265637],[101.49724168354079,3.0729605476461681],[101.497243555781,3.0729587050514922],[101.49724539623449,3.0729568307064077],[101.49724720436291,3.0729549251591894],[101.49724897963732,3.0729529889672387],[101.49725072153846,3.0729510226969214],[101.4972524295568,3.0729490269234017],[101.49725410319269,3.0729470022304741],[101.49725574195658,3.0729449492103926],[101.49725734536911,3.0729428684636964],[101.49725891296124,3.0729407605990362],[101.49726044427446,3.072938626232995],[101.4972619388608,3.072936465989907],[101.49726339628309,3.0729342805016766],[101.49726481611502,3.0729320704075924],[101.49726619794124,3.0729298363541417],[101.49726754135757,3.0729275789948183],[101.49726884597104,3.0729252989899347],[101.4972701114,3.0729229970064278],[101.49727133727433,3.0729206737176629],[101.49727252323542,3.0729183298032368],[101.49727366893637,3.072915965948781],[101.49727477404204,3.0729135828457594],[101.49727583822916,3.0729111811912659],[101.49727686118645,3.0729087616878212],[101.49727784261469,3.0729063250431672],[101.49727878222677,3.0729038719700599],[101.49727967974786,3.0729014031860604],[101.49728053491543,3.0728989194133267],[101.4972813474793,3.0728964213783994],[101.49728211720181,3.0728939098119925],[101.49728284385777,3.0728913854487776],[101.49728352723467,3.0728888490271697],[101.49728416713258,3.0728863012891114],[101.49728476336432,3.0728837429798541],[101.49728531575549,3.0728811748477436],[101.49728582414451,3.0728785976439972],[101.49728628838267,3.0728760121224865],[101.49729139330715,3.0728784278447923],[101.49729653784719,3.0728807580113071],[101.49730172056904,3.0728830019726296],[101.49730694002831,3.0728851591033832],[101.49731219477039,3.072887228802391],[101.49731748333079,3.0728892104928414],[101.49732280423564,3.0728911036224513],[101.49732815600206,3.0728929076636189],[101.4973335371385,3.0728946221135702],[101.49733894614533,3.0728962464944996],[101.49734438151506,3.0728977803537032],[101.49734384732534,3.0729012525869033],[101.49734291249332,3.0729040570829493],[101.49736933002396,3.0729131687944018],[101.49739586291928,3.0729219388957079],[101.49742250676204,3.0729303659268123],[101.49742050968581,3.0729370209523745],[101.49741841920905,3.072943647232298],[101.49741623574531,3.0729502434558156],[101.49741395972646,3.0729568083181062],[101.49745348976597,3.0729736352943839],[101.49747058383711,3.0729808468556459],[101.49747272059599,3.0729749707686915],[101.4974761928292,3.0729674921125683],[101.49747750342911,3.0729671982868489],[101.49747881892827,3.0729669272377111],[101.49748013893088,3.0729666790467061],[101.4974814630398,3.0729664537885073],[101.49748279085664,3.0729662515308886],[101.49748412198188,3.0729660723347041],[101.49748545601503,3.0729659162538687],[101.49748679255472,3.0729657833353432],[101.49748813119882,3.0729656736191182],[101.49748947154458,3.0729655871382056],[101.4974908131887,3.072965523918624],[101.49749215572754,3.0729654839793947],[101.49749349875717,3.0729654673325344],[101.49749484187349,3.0729654739830519],[101.4974961846724,3.0729655039289456],[101.4974975267499,3.0729655571612065],[101.49749886770219,3.0729656336638178],[101.49750020712581,3.0729657334137626],[101.49750154461776,3.0729658563810283],[101.49750287977564,3.0729660025286174],[101.49750421219774,3.0729661718125585],[101.49750554148315,3.0729663641819189],[101.49750686723193,3.0729665795788197],[101.49750818904522,3.0729668179384539],[101.49750950652532,3.0729670791891057],[101.4975108192758,3.0729673632521721],[101.49751212690174,3.0729676700421868],[101.49751342900967,3.0729679994668446],[101.49751472520785,3.0729683514270305],[101.49751601510627,3.0729687258168505],[101.49751729831685,3.0729691225236602],[101.49751857445349,3.0729695414281015],[101.49751984313227,3.0729699824041385],[101.49752110397144,3.0729704453190925],[101.49752235659167,3.0729709300336863],[101.49752360061608,3.0729714364020824],[101.49752483567038,3.072971964271928],[101.49752606138296,3.0729725134844026],[101.49752727738506,3.0729730838742628],[101.49752848331079,3.072973675269894],[101.49752967879735,3.0729742874933619],[101.49753086348504,3.0729749203604659],[101.49753203701741,3.0729755736807927],[101.49753319904138,3.0729762472577775],[101.49753434920736,3.0729769408887586],[101.49753548716924,3.0729776543650424],[101.4975366125847,3.0729783874719634],[101.49753772511508,3.0729791399889503],[101.49753882442569,3.0729799116895911],[101.49753991018575,3.0729807023417028],[101.4975409820686,3.0729815117074],[101.49754203975175,3.072982339543167],[101.49754308291695,3.0729831855999308],[101.49754411125035,3.0729840496231366],[101.49754512444255,3.0729849313528237],[101.49754612218871,3.0729858305237037],[101.49754710418864,3.0729867468652419],[101.49754807014689,3.0729876801017357],[101.49754901977282,3.0729886299524005],[101.4975499527807,3.0729895961314524],[101.49755086888985,3.0729905783481946],[101.49755176782459,3.0729915763071061],[101.4975526493145,3.072992589707928],[101.49755351309435,3.0729936182457562],[101.49755435890424,3.0729946616111321],[101.49755518648971,3.0729957194901365],[101.49755599560173,3.0729967915644827],[101.49755678599689,3.0729978775116127],[101.49755755743737,3.0729989770047959],[101.49755830969109,3.0730000897132248],[101.49755904253168,3.0730012153021162],[101.49755975573865,3.0730023534328117],[101.49756044909745,3.0730035037628798],[101.49756112239945,3.0730046659462169],[101.49756177544205,3.0730058396331557],[101.4975624080288,3.0730070244705652],[101.49756301996936,3.0730082201019608],[101.49756361107961,3.0730094261676109],[101.49756418118172,3.0730106423046428],[101.49756473010412,3.0730118681471552],[101.4975652576817,3.0730131033263262],[101.4975657637557,3.0730143474705236],[101.49756624817387,3.0730156002054199],[101.49756671079045,3.0730168611541018],[101.49756715146627,3.0730181299371844],[101.49756757006872,3.0730194061729259],[101.49756796647186,3.0730206894773429],[101.49756834055644,3.073021979464325],[101.49758096078865,3.0730275884564175],[101.49759444907917,3.0730338651856641],[101.49759168004934,3.0730414039144565],[101.49758878272586,3.0730488942732395],[101.49758575795317,3.0730563340789008],[101.49758260661289,3.0730637211630625],[101.49757932962346,3.0730710533727126],[101.49757592794002,3.0730783285708334],[101.49757240255396,3.073085544637022],[101.49756875449282,3.0730926994681109],[101.49756498481983,3.0730997909787798],[101.49756109463368,3.0731068171021638],[101.49755708506821,3.0731137757904552],[101.49755295729202,3.0731206650155003],[101.49754871250816,3.073127482769392],[101.49754435195383,3.0731342270650526],[101.49753987689994,3.0731408959368149],[101.49753528865074,3.0731474874409948],[101.49753058854353,3.0731539996564567],[101.49752577794817,3.0731604306851752],[101.49752085826675,3.0731667786527863],[101.49751583093314,3.0731730417091354],[101.49751069741259,3.0731792180288151],[101.49750545920129,3.0731853058116991],[101.49750011782596,3.0731913032834637],[101.49749467484337,3.0731972086961092],[101.49748913183991,3.0732030203284659],[101.49748349043112,3.0732087364866971],[101.49747775226123,3.0732143555047928],[101.49747191900266,3.0732198757450546],[101.49746599235556,3.0732252955985739],[101.49745997404729,3.073230613485701],[101.4974538658319,3.0732358278565042],[101.49744766948969,3.0732409371912226],[101.49744138682662,3.0732459400007079],[101.4974350196738,3.0732508348268603],[101.49742856988699,3.0732556202430525],[101.49742203934602,3.0732602948545455],[101.49741388668734,3.0732657167518123],[101.49740564118109,3.0732709963768299],[101.49739730530982,3.0732761321400268],[101.49738888158323,3.073281122495144],[101.49738037253756,3.0732859659397014],[101.49737178073464,3.0732906610154509],[101.49736310876129,3.0732952063088139],[101.49735435922842,3.0732996004513087],[101.49734553477033,3.0733038421199614],[101.49733663804385,3.0733079300377044],[101.49732767172758,3.0733118629737604],[101.49731863852107,3.0733156397440133],[101.49730954114398,3.0733192592113667],[101.49730038233535,3.0733227202860824],[101.4972911648527,3.0733260219261118],[101.49728189147116,3.0733291631374073],[101.49727256498274,3.0733321429742237],[101.49726318819545,3.0733349605394018],[101.49725376393239,3.0733376149846374],[101.49724429503101,3.0733401055107397],[101.49723478434217,3.0733424313678683],[101.49722523472931,3.0733445918557627],[101.49721564906761,3.0733465863239493],[101.49720603024309,3.0733484141719414],[101.49719638115174,3.0733500748494151],[101.49718670469868,3.0733515678563799],[101.49717700379728,3.0733528927433262],[101.49716728136822,3.0733540491113609],[101.49715754033875,3.073355036612329],[101.49714778364161,3.0733558549489164],[101.49713801421436,3.073356503874741],[101.49712823499833,3.0733569831944281],[101.49712884593609,3.0733470052790577],[101.497129311745,3.0733370195361136],[101.49712963232659,3.0733270280763842],[101.49712980761311,3.073317033011866],[101.49712983756748,3.0733070364553181],[101.49711879670855,3.0733069543458007],[101.49710775590331,3.0733070433845522],[101.49709671780465,3.0733073035501794],[101.49709590196125,3.0732859002221118],[101.49709545675866,3.0732644859780787],[101.49709538233034,3.0732430672359756],[101.49711301059121,3.0732425330462525],[101.49712876918804,3.0732421324039603],[101.49712823499834,3.0732298460403276],[101.49712836854577,3.073223569311081],[101.49712187675819,3.0732235478291501],[101.49711538632613,3.0732234134442113],[101.49710889921303,3.0732231661969185],[101.49710241738131,3.0732228061620663],[101.49709594279179,3.0732223334485687],[101.49708947740309,3.0732217481994262],[101.49708302317107,3.073221050591683],[101.49707658204819,3.0732202408363731],[101.49707015598297,3.0732193191784556],[101.49706374691935,3.0732182858967412],[101.49705735679615,3.0732171413038087],[101.49705098754643,3.0732158857459093],[101.49704464109698,3.0732145196028622],[101.49703831936763,3.0732130432879399],[101.49703202427081,3.0732114572477425],[101.49702575771083,3.0732097619620644],[101.49701952158338,3.0732079579437466],[101.49701331777497,3.0732060457385235],[101.49700714816233,3.073204025924857],[101.49700101461178,3.0732018991137613],[101.49699491897884,3.0731996659486196],[101.49698886310748,3.0731973271049866],[101.49698284882965,3.0731948832903875],[101.49697687796474,3.0731923352441011],[101.49697095231902,3.0731896837369375],[101.49696507368503,3.0731869295710061],[101.49695924384112,3.0731840735794695],[101.4969534645509,3.0731811166262957],[101.49694773756265,3.0731780596059934],[101.49694206460885,3.0731749034433427],[101.49693644740562,3.0731716490931156],[101.49693088765221,3.0731682975397869],[101.49692538703053,3.0731648497972359],[101.49691994720456,3.0731613069084411],[101.49691456981992,3.0731576699451622],[101.4969092565033,3.0731539400076193],[101.49690400886205,3.0731501182241532],[101.49691095332842,3.073140102166847],[101.49691682941537,3.0731311544889848],[101.49691239415525,3.0731281659468941],[101.4969080115938,3.0731251006457136],[101.4969036830593,3.0731219595144892],[101.49689940986369,3.0731187435052503],[101.49689519330209,3.0731154535927194],[101.49689103465248,3.0731120907740199],[101.49688693517528,3.0731086560683702],[101.49688289611299,3.0731051505167777],[101.49687891868977,3.0731015751817217],[101.49687500411115,3.0730979311468309],[101.49687115356353,3.073094219516558],[101.49686736821398,3.0730904414158409],[101.4968636492098,3.0730865979897639],[101.49685999767813,3.0730826904032118],[101.4968564147257,3.0730787198405145],[101.49685290143847,3.0730746875050885],[101.49684945888124,3.0730705946190731],[101.49684608809741,3.0730664424229603],[101.49684279010862,3.073062232175217],[101.49683956591441,3.0730579651519059],[101.49683641649202,3.0730536426462955],[101.49683334279597,3.0730492659684727],[101.49683034575784,3.0730448364449408],[101.49682742628602,3.0730403554182217],[101.49682458526533,3.0730358242464457],[101.49682182355686,3.0730312443029422],[101.49681914199763,3.0730266169758225],[101.49681654140038,3.0730219436675581],[101.49681402255331,3.0730172257945587],[101.49681158621985,3.0730124647867392],[101.49680923313842,3.0730076620870883],[101.49680696402218,3.0730028191512311],[101.4968047795589,3.072997937446988],[101.49680268041062,3.0729930184539289],[101.49680066721358,3.0729880636629261],[101.49679874057796,3.0729830745757005],[101.49679690108766,3.0729780527043689],[101.49679514930024,3.0729729995709842],[101.49679348574662,3.0729679167070736],[101.49679191093099,3.0729628056531761],[101.49679042533067,3.0729576679583737],[101.49678902939593,3.0729525051798241],[101.49678772354983,3.0729473188822869],[101.49678650818815,3.0729421106376491],[101.49678538367928,3.0729368820244507],[101.49678435036402,3.072931634627404],[101.49678024985684,3.0729328144140058],[101.49677616790434,3.0729340568791028],[101.49677210546457,3.0729353617310959],[101.49676806349095,3.0729367286637421],[101.4967640429321,3.0729381573562291],[101.49676004473164,3.07293964747325],[101.49675832123216,3.0729342606862633],[101.49675669025301,3.0729288451686094],[101.4967551522727,3.0729234025092356],[101.4967537077425,3.0729179343050523],[101.49675235708624,3.0729124421604657],[101.49675110070021,3.0729069276869052],[101.49674993895304,3.0729013925023532],[101.49674887218562,3.0728958382308673],[101.4967479007109,3.0728902665021067],[101.49674702481396,3.0728846789508508],[101.49674624475178,3.0728790772165238],[101.49674556075321,3.0728734629427095],[101.49674497301898,3.0728678377766712],[101.49674448172151,3.0728622033688686],[101.49674408700494,3.0728565613724728],[101.49674378898511,3.0728509134428812],[101.49674358774946,3.0728452612372319],[101.49674348335701,3.0728396064139183],[101.4967434758384,3.0728339506321012],[101.49674356519584,3.0728282955512229],[101.49674375140312,3.0728226428305199],[101.49674403440558,3.0728169941285368],[101.4967444141202,3.0728113511026378],[101.49674489043558,3.0728057154085233],[101.49674546321195,3.0728000886997409],[101.49674613228126,3.0727944726272032],[101.4967468974472,3.0727888688387015],[101.49674775848527,3.0727832789784224],[101.49674871514283,3.0727777046864673],[101.49674976713919,3.0727721475983674],[101.49675091416569,3.0727666093446091],[101.49675215588579,3.07276109155015],[101.49675349193515,3.0727555958339465],[101.49675492192178,3.0727501238084769],[101.4967564454261,3.0727446770792675],[101.49675806200111,3.0727392572444234],[101.49675977117249,3.072733865894159],[101.49676157243877,3.0727285046103305],[101.49676346527143,3.0727231749659718],[101.49676544911512,3.0727178785248355],[101.49676752338776,3.07271261684093],[101.49676031182649,3.0727096787974513],[101.49675483638183,3.0727071413962666],[101.49675410342157,3.072709484264037],[101.49675333055603,3.072711814272409],[101.49675251801068,3.0727141307417454],[101.4967516660225,3.0727164329963568],[101.49675077484004,3.0727187203647008],[101.49674984472321,3.0727209921795771],[101.49674887594334,3.0727232477783222],[101.496747868783,3.0727254865030025],[101.49674682353599,3.0727277077006065],[101.49673189159442,3.0727207394683207],[101.49671685118896,3.0727140085438771],[101.49670170609078,3.0727075166149556],[101.49668646009727,3.0727012653093126],[101.49668732100794,3.0726991403164217],[101.49668814624125,3.0726970012156909],[101.49668893556616,3.0726948486060723],[101.49668968876162,3.0726926830903016],[101.49669040561676,3.0726905052747275],[101.49669108593085,3.0726883157691436],[101.4966917295134,3.0726861151866158],[101.49669233618421,3.0726839041433118],[101.496686380415,3.0726816419317458],[101.49668046287374,3.0726792815306179],[101.49667458517911,3.0726768235855877],[101.49666874893886,3.0726742687689952],[101.49666295574944,3.0726716177796805],[101.49666722926723,3.0726620023646647],[101.49666990021585,3.0726569275622952],[101.49665467580888,3.0726494489061791]]]},"properties":{"FID":227,"id":0,"NAME":" ","Height":0}},{"type":"Feature","id":228,"geometry":{"type":"Polygon","coordinates":[[[101.49715868381249,3.0725912222263529],[101.49716302665746,3.0725918779762891],[101.49716735747053,3.0725926089815041],[101.49717167494772,3.0725934150218999],[101.4971759777891,3.0725942958547861],[101.4971802646991,3.0725952512149513],[101.497184534387,3.0725962808147469],[101.49718878556722,3.0725973843441703],[101.49719301695977,3.0725985614709592],[101.49719722729064,3.0725998118406928],[101.49720141529211,3.072601135076896],[101.49720557970325,3.0726025307811566],[101.49720971927016,3.072603998533241],[101.49721383274648,3.0726055378912234],[101.49721791889368,3.0726071483916182],[101.49722197648146,3.0726088295495195],[101.49722600428811,3.0726105808587474],[101.49723000110092,3.0726124017919996],[101.49723396571646,3.0726142918010106],[101.49723789694103,3.0726162503167171],[101.49724179359099,3.0726182767494299],[101.49724565449308,3.0726203704890098],[101.49724947848485,3.0726225309050514],[101.49725326441491,3.0726247573470755],[101.49725701114335,3.0726270491447218],[101.49726071754206,3.0726294056079526],[101.49726438249512,3.0726318260272594],[101.497268004899,3.0726343096738784],[101.49727158366305,3.072636855800007],[101.49727511770976,3.0726394636390322],[101.49727860597503,3.0726421324057589],[101.49728204740859,3.0726448612966477],[101.49728544097427,3.0726476494900559],[101.49728878565027,3.072650496146486],[101.49729208042957,3.0726534004088379],[101.49729532432013,3.0726563614026658],[101.49729851634527,3.0726593782364442],[101.49730165554386,3.0726624500018334],[101.49730474097075,3.0726655757739549],[101.49730777169694,3.0726687546116698],[101.49731074680992,3.0726719855578604],[101.49731366541387,3.0726752676397213],[101.49731652663007,3.0726785998690489],[101.49731932959703,3.0726819812425421],[101.4973220734708,3.072685410742102],[101.4973247574252,3.0726888873351399],[101.49732738065217,3.0726924099748878],[101.49732994236183,3.0726959776007137],[101.4973324417829,3.0726995891384394],[101.49733487816283,3.0727032435006669],[101.49733725076804,3.0727069395871034],[101.49733955888418,3.0727106762848932],[101.49734180181628,3.0727144524689534],[101.49734397888902,3.0727182670023114],[101.49734608944689,3.0727221187364493],[101.49734813285446,3.0727260065116471],[101.49735010849645,3.0727299291573336],[101.49735201577802,3.0727338854924389],[101.49735385412491,3.0727378743257487],[101.4973556229836,3.0727418944562648],[101.49735732182153,3.072745944673565],[101.49735895012715,3.0727500237581684],[101.49736050741025,3.0727541304819028],[101.49736199320191,3.0727582636082733],[101.49736340705478,3.0727624218928367],[101.49736474854316,3.0727666040835735],[101.49736601726315,3.0727708089212675],[101.49736721283276,3.072775035139883],[101.49736833489199,3.0727792814669468],[101.49736938310301,3.0727835466239313],[101.49737035715022,3.0727878293266393],[101.49737125674032,3.0727921282855917],[101.49737208160249,3.0727964422064131],[101.49737283148836,3.0728007697902244],[101.49737350617212,3.0728051097340328],[101.49737410545067,3.0728094607311229],[101.49737462914354,3.0728138214714527],[101.49737507709307,3.0728181906420455],[101.49737544916438,3.0728225669273872],[101.49737574524544,3.072826949009821],[101.4973759652471,3.0728313355699441],[101.49737610910314,3.0728357252870073],[101.49737617677023,3.0728401168393082],[101.49737616822799,3.0728445089045948],[101.49737608347901,3.0728489001604582],[101.49737592254878,3.0728532892847351],[101.49737568548579,3.0728576749559018],[101.49737537236139,3.0728620558534772],[101.49737498326988,3.0728664306584141],[101.49737451832839,3.0728707980535033],[101.49737397767692,3.0728751567237635],[101.49737336147825,3.0728795053568425],[101.49737266991792,3.0728838426434089],[101.49737190320415,3.0728881672775485],[101.49737106156779,3.072892477957156],[101.49737014526224,3.0728967733843282],[101.4973691545634,3.0729010522657547],[101.49736476898865,3.0729003334192235],[101.49736039652804,3.0728995386899536],[101.49735603849449,3.0728986683165722],[101.49735169619652,3.0728977225604184],[101.49734737093797,3.0728967017054671],[101.49734306401757,3.0728956060582422],[101.49733877672848,3.0728944359477244],[101.49733451035804,3.0728931917252527],[101.49733026618726,3.0728918737644202],[101.49732604549052,3.0728904824609597],[101.49732184953513,3.0728890182326265],[101.49731767958096,3.0728874815190723],[101.4973135368801,3.0728858727817134],[101.49730942267645,3.0728841925035919],[101.49730533820532,3.0728824411892313],[101.49730128469317,3.0728806193644842],[101.49729726335705,3.0728787275763749],[101.49729327540447,3.0728767663929353],[101.49728932203284,3.0728747364030329],[101.49728540442919,3.0728726382161966],[101.49728152376986,3.0728704724624314],[101.49727768122003,3.0728682397920304],[101.49727387793348,3.0728659408753796],[101.4972701150522,3.0728635764027548],[101.49726639370604,3.072861147084117],[101.49726271501237,3.0728586536488978],[101.49725908007576,3.0728560968457801],[101.49725548998767,3.0728534774424743],[101.49725194582601,3.0728507962254872],[101.49724844865501,3.072848053999885],[101.49724499952471,3.0728452515890536],[101.49724159947075,3.0728423898344497],[101.49723824951406,3.0728394695953489],[101.49723495066047,3.0728364917485869],[101.49723170390052,3.0728334571882971],[101.4972285102091,3.072830366825642],[101.49722537054512,3.0728272215885397],[101.49722228585132,3.0728240224213836],[101.49721925705393,3.0728207702847623],[101.49721628506235,3.072817466155167],[101.49721337076897,3.0728141110247016],[101.49721051504885,3.0728107059007841],[101.49720771875946,3.072807251805842],[101.49720498274039,3.0728037497770089],[101.49720230781317,3.0728002008658089],[101.49719969478099,3.0727966061378451],[101.49719714442844,3.072792966672476],[101.49719465752129,3.0727892835624946],[101.49719223480626,3.0727855579137975],[101.49718987701081,3.0727817908450543],[101.49718758484289,3.0727779834873723],[101.49718535899075,3.0727741369839543],[101.49718320012272,3.0727702524897591],[101.49718110888705,3.0727663311711506],[101.49717908591163,3.0727623742055519],[101.49717713180388,3.0727583827810876],[101.49717524715058,3.0727543580962298],[101.49717343251758,3.0727503013594379],[101.49717168844977,3.0727462137887942],[101.49717001547081,3.0727420966116399],[101.49716841408305,3.0727379510642057],[101.49716688476731,3.0727337783912407],[101.49716542798279,3.0727295798456398],[101.49716404416691,3.0727253566880646],[101.49716273373517,3.0727211101865683],[101.49716149708105,3.0727168416162125],[101.49716033457587,3.0727125522586856],[101.49715924656867,3.0727082434019182],[101.49715823338614,3.0727039163396941],[101.49715729533253,3.0726995723712647],[101.49715643268948,3.0726952128009581],[101.49715564571599,3.0726908389377865],[101.49715493464839,3.0726864520950525],[101.49715429970018,3.0726820535899586],[101.49715374106199,3.0726776447432065],[101.49715325890159,3.0726732268786048],[101.49715285336372,3.0726688013226688],[101.49715252457017,3.0726643694042242],[101.49715227261966,3.0726599324540058],[101.49715209758783,3.0726554918042601],[101.49715199952725,3.0726510487883449],[101.49715197846736,3.0726466047403274],[101.49715203441448,3.0726421609945849],[101.49715216735181,3.0726377188854048],[101.49715237723944,3.0726332797465825],[101.49715266401435,3.0726288449110211],[101.49715302759041,3.0726244157103326],[101.4971534678585,3.072619993474436],[101.49715398468636,3.0726155795311598],[101.49715457791886,3.072611175205842],[101.49715524737786,3.0726067818209328],[101.49715599286235,3.0726024006955988],[101.49715681414845,3.0725980331453218],[101.49715868381249,3.0725912222263529]]]},"properties":{"FID":228,"id":0,"NAME":" ","Height":0}},{"type":"Feature","id":229,"geometry":{"type":"Polygon","coordinates":[[[101.49669046652022,3.0728373501412727],[101.49656119260723,3.0726375631848311],[101.49661197305598,3.0726047052474099],[101.49669011170381,3.0727254649758859],[101.49671011468604,3.0727112813666202],[101.49675002867437,3.0727675716086913],[101.49672763272582,3.072783452009908],[101.49674124696897,3.0728044922038515],[101.49669046652022,3.0728373501412727]]]},"properties":{"FID":229,"id":0,"NAME":" ","Height":0}},{"type":"Feature","id":230,"geometry":{"type":"Polygon","coordinates":[[[101.49751740890474,3.0732672393209461],[101.4975028152905,3.0732475237139698],[101.4975675857944,3.0731995801863206],[101.49758217940864,3.0732192957932969],[101.49751740890474,3.0732672393209461]]]},"properties":{"FID":230,"id":0,"NAME":" ","Height":0}},{"type":"Feature","id":231,"geometry":{"type":"Polygon","coordinates":[[[101.49752929462605,3.0732684412478228],[101.49757737170113,3.0732323834415132],[101.49760688683145,3.0732717369486164],[101.49755880975637,3.0733077947549261],[101.49752929462605,3.0732684412478228]]]},"properties":{"FID":231,"id":0,"NAME":" ","Height":0}},{"type":"Feature","id":232,"geometry":{"type":"Polygon","coordinates":[[[101.49755193926225,3.0733506480381809],[101.49750286892819,3.0732771552176819],[101.49752126318795,3.0732648735762238],[101.49757033352201,3.0733383663967229],[101.49755193926225,3.0733506480381809]]]},"properties":{"FID":232,"id":0,"NAME":" ","Height":0}},{"type":"Feature","id":233,"geometry":{"type":"Polygon","coordinates":[[[101.49756425066606,3.0733288380733912],[101.49762518168136,3.0732827975966299],[101.4976382234596,3.073300057382931],[101.4975772924443,3.0733460978596923],[101.49756425066606,3.0733288380733912]]]},"properties":{"FID":233,"id":0,"NAME":" ","Height":0}},{"type":"Feature","id":234,"geometry":{"type":"Polygon","coordinates":[[[101.49749657550556,3.0738275375667681],[101.49747803947199,3.0738407737861499],[101.49721254717959,3.0734689777388682],[101.49723108321317,3.0734557415194863],[101.49749657550556,3.0738275375667681]]]},"properties":{"FID":234,"id":0,"NAME":" ","Height":0}},{"type":"Feature","id":235,"geometry":{"type":"Polygon","coordinates":[[[101.49729371695823,3.0735313293653062],[101.49723789413213,3.073453337665732],[101.49727890454776,3.07342398432028],[101.49733472737385,3.0735019760198541],[101.49729371695823,3.0735313293653062]]]},"properties":{"FID":235,"id":0,"NAME":" ","Height":0}},{"type":"Feature","id":236,"geometry":{"type":"Polygon","coordinates":[[[101.4973652983811,3.0734944702744111],[101.49734491960859,3.0735086026798637],[101.49729657543865,3.0734388909209986],[101.49731695421116,3.0734247585155461],[101.4973652983811,3.0734944702744111]]]},"properties":{"FID":236,"id":0,"NAME":" ","Height":0}},{"type":"Feature","id":237,"geometry":{"type":"Polygon","coordinates":[[[101.4976147649818,3.073856918001538],[101.49769035282765,3.0739681630113749],[101.4976673605068,3.0739837856447543],[101.49764928909642,3.0739960646582905],[101.49757370125057,3.0738848196484536],[101.4976147649818,3.073856918001538]]]},"properties":{"FID":237,"id":0,"NAME":" ","Height":0}},{"type":"Feature","id":238,"geometry":{"type":"Polygon","coordinates":[[[101.4975669550016,3.0738895035746481],[101.49760314635535,3.0739422548098032],[101.49758311023197,3.0739560011121658],[101.49754691887823,3.0739032498770107],[101.4975669550016,3.0738895035746481]]]},"properties":{"FID":238,"id":0,"NAME":" ","Height":0}},{"type":"Feature","id":239,"geometry":{"type":"Polygon","coordinates":[[[101.4976673605068,3.0739837856447543],[101.49768813911041,3.073969825084264],[101.49775974269605,3.0740763983500425],[101.49773896409243,3.0740903589105328],[101.4976673605068,3.0739837856447543]]]},"properties":{"FID":239,"id":0,"NAME":" ","Height":0}},{"type":"Feature","id":240,"geometry":{"type":"Polygon","coordinates":[[[101.49773435575817,3.0736203520166105],[101.49783393992483,3.0737677828525731],[101.49801318643854,3.0736474090940944],[101.49803327028637,3.0736773156098551],[101.49806050477342,3.0736591225314576],[101.49803791001645,3.0736262148148681],[101.4983694096929,3.073398603925912],[101.49841291120207,3.0733687353683306],[101.49843642925403,3.073403470738703],[101.49843913180179,3.0734042769260066],[101.49844181991951,3.0734051299942555],[101.49844449279402,3.07340602968539],[101.49844714961678,3.0734069757272482],[101.49844978958404,3.0734079678336461],[101.49845241189725,3.0734090057044643],[101.49845501576308,3.0734100890257401],[101.49845760039389,3.0734112174697614],[101.4984601650078,3.0734123906951663],[101.49846270882898,3.073413608347046],[101.49846523108793,3.0734148700570532],[101.49846773102163,3.0734161754435112],[101.49847020787385,3.0734175241115325],[101.4984726608953,3.0734189156531353],[101.49847508934396,3.0734203496473689],[101.49847749248518,3.0734218256604411],[101.498479869592,3.0734233432458469],[101.49848221994534,3.0734249019445072],[101.49848454283419,3.0734265012849051],[101.49848683755587,3.0734281407832285],[101.4984891034162,3.0734298199435193],[101.49849133972975,3.073431538257819],[101.49849354582001,3.0734332952063261],[101.49849572101964,3.0734350902575525],[101.49849786467061,3.0734369228684821],[101.49849997612446,3.0734387924847386],[101.49850205474247,3.0734406985407499],[101.49850409989583,3.0734426404599211],[101.49850611096586,3.0734446176548089],[101.49850808734422,3.073446629527298],[101.49851002843303,3.0734486754687835],[101.4985119336451,3.0734507548603545],[101.49851380240409,3.0734528670729806],[101.49851563414468,3.0734550114677033],[101.49851742831277,3.073457187395829],[101.49851918436559,3.0734593941991246],[101.49852090177194,3.0734616312100167],[101.49852258001231,3.0734638977517945],[101.49852421857898,3.0734661931388145],[101.4985258169763,3.0734685166767055],[101.49852737472074,3.0734708676625826],[101.49852889134105,3.0734732453852556],[101.49853036637849,3.0734756491254482],[101.4985317993868,3.0734780781560125],[101.49853318993252,3.0734805317421499],[101.49853453759498,3.0734830091416341],[101.49853584196651,3.0734855096050353],[101.49853710265253,3.0734880323759466],[101.49853831927169,3.0734905766912122],[101.49853949145593,3.0734931417811593],[101.49854061885065,3.0734957268698313],[101.49854170111483,3.0734983311752213],[101.49854273792107,3.0735009539095097],[101.49854372895572,3.0735035942793005],[101.49854467391901,3.0735062514858651],[101.49854557252505,3.0735089247253797],[101.49854642450202,3.0735116131891722],[101.49854722959219,3.0735143160639629],[101.49854798755203,3.0735170325321151],[101.49854869815222,3.0735197617718777],[101.49854936117782,3.0735225029576378],[101.49854997642827,3.0735252552601682],[101.49855054371743,3.0735280178468782],[101.49855106287369,3.0735307898820672],[101.49855153374003,3.0735335705271756],[101.49855195617398,3.0735363589410398],[101.49855233004776,3.0735391542801449],[101.49855265524829,3.0735419556988823],[101.49855293167717,3.0735447623498042],[101.49855315925078,3.0735475733838795],[101.49855333790029,3.0735503879507511],[101.49855346757165,3.0735532051989933],[101.49855354822563,3.0735560242763702],[101.49855357983785,3.0735588443300914],[101.49855357546916,3.0735617358660869],[101.49855349591354,3.073564483954188],[101.4985533804024,3.0735673018185388],[101.49855321590026,3.073570117247701],[101.49855300245689,3.0735729293899889],[101.49858231478274,3.0736154600853993],[101.49838031776321,3.0737539263677398],[101.4983882677231,3.0737655026251312],[101.49821091673503,3.0738872978819991],[101.49818186926964,3.0738450006955467],[101.49815702519642,3.0738615969387886],[101.4981770664394,3.0738914400123893],[101.4981731805312,3.0738939257364302],[101.49817392409673,3.0738950102461264],[101.49818253475063,3.073907569109195],[101.4980246149137,3.0740158426886968],[101.49801613442123,3.0740034736694501],[101.4979803470958,3.0740286578374771],[101.49797482417496,3.074020809630416],[101.49796928259657,3.0740243544477273],[101.49796849689282,3.0740260497743632],[101.49796768201243,3.0740277312715252],[101.49796683819869,3.0740293984371285],[101.49796596570357,3.0740310507733657],[101.49796506478759,3.0740326877868585],[101.49796413571976,3.074034308988804],[101.4979631787775,3.0740359138951194],[101.49796219424654,3.0740375020265893],[101.49796118242085,3.0740390729090059],[101.49796014360258,3.074040626073312],[101.49795907810189,3.074042161055742],[101.49795798623694,3.0740436773979583],[101.49795686833377,3.0740451746471891],[101.49795572472615,3.0740466523563641],[101.49795455575558,3.0740481100842474],[101.49795336177111,3.0740495473955698],[101.49795214312923,3.0740509638611577],[101.49795090019384,3.0740523590580624],[101.49794963333608,3.0740537325696855],[101.49794834293421,3.074055083985904],[101.49794702937355,3.0740564129031926],[101.49794608081774,3.0740573399473368],[101.49795864563829,3.0740759336279724],[101.49795244593172,3.0740801231266563],[101.49794047631082,3.0740624102347587],[101.49794012815148,3.0740627063591353],[101.49793868410842,3.0740638921931986],[101.49793721979064,3.0740650528982494],[101.49793573563538,3.0740661881277078],[101.49793423208578,3.0740672975425998],[101.49793270959083,3.0740683808116613],[101.49793116860509,3.074069437611433],[101.49792960958874,3.074070467626361],[101.49792803300724,3.0740714705488879],[101.49792643933139,3.0740724460795472],[101.49792482903705,3.0740733939270499],[101.49792320260502,3.0740743138083748],[101.49792156052098,3.07407520544885],[101.4979199032752,3.0740760685822366],[101.49791823136258,3.0740769029508077],[101.49791736316088,3.0740773176465113],[101.49793053390411,3.0740964999323119],[101.49792407060205,3.0741009376981148],[101.49791003206718,3.0740804915332007],[101.49790966941408,3.0740806349063128],[101.49790792012672,3.0740812917597724],[101.49790615975057,3.0740819182888046],[101.49790438881131,3.0740825143063306],[101.49790260783772,3.074083079634383],[101.49790081736157,3.0740836141041585],[101.49789901791749,3.0740841175560667],[101.49789721004281,3.0740845898397797],[101.49789539427734,3.0740850308142766],[101.49789357116325,3.0740854403478846],[101.4978917412449,3.0740858183183191],[101.49788990506872,3.0740861646127202],[101.49788806318297,3.0740864791276863],[101.49788621613763,3.0740867617693],[101.49781274904825,3.0741360989055706],[101.49780898140541,3.0741386290821353],[101.49765434165616,3.0739083576651276],[101.497658109299,3.0739058274885629],[101.4976488690474,3.0738920679872757],[101.49754637566964,3.0737407534420447],[101.49750064870236,3.0737713808721234],[101.49739934617834,3.0736201354953683],[101.4973906056194,3.0736260812674381],[101.49733264603445,3.0735408780066034],[101.49738627760432,3.0735043950891776],[101.49738474383251,3.0735021307284129],[101.49730687138046,3.0733871649137763],[101.4974922617785,3.0732619404437678],[101.49755162215922,3.0733513543683384],[101.49756867812646,3.0733750721436888],[101.49774063343557,3.073256288431617],[101.49776251194098,3.0732879604941763],[101.49779122379564,3.073269077923086],[101.4977660074474,3.0732319827992152],[101.49814635053025,3.0729734349732318],[101.49817355874723,3.0730134602841463],[101.4981762197712,3.0730143122548328],[101.49817886561877,3.073015210248871],[101.49818149549401,3.0730161539961256],[101.4981841086058,3.0730171432126991],[101.49818670416805,3.073018177601015],[101.49818928139999,3.0730192568499093],[101.49819183952633,3.0730203806347216],[101.49819437777752,3.0730215486173957],[101.49819689539001,3.073022760446579],[101.49819939160646,3.0730240157577282],[101.49820186567595,3.073025314173222],[101.49820431685424,3.0730266553024697],[101.49820674440396,3.0730280387420339],[101.49820914759485,3.0730294640757481],[101.49821152570398,3.0730309308748436],[101.49821387801597,3.073032438698077],[101.49821620382322,3.0730339870918661],[101.49821850242606,3.0730355755904228],[101.49822077313301,3.0730372037158951],[101.49822301526102,3.0730388709785097],[101.49822522813561,3.0730405768767213],[101.49822741109109,3.0730423208973616],[101.4982295634708,3.0730441025157944],[101.49823168462726,3.0730459211960732],[101.49823377392237,3.0730477763911028],[101.49823583072762,3.073049667542803],[101.49823785442432,3.0730515940822785],[101.49823984440366,3.0730535554299867],[101.49824180006705,3.0730555509959161],[101.49824372082615,3.0730575801797597],[101.4982456061032,3.0730596423710992],[101.49824745533104,3.0730617369495858],[101.4982492679534,3.0730638632851286],[101.49825104342499,3.0730660207380835],[101.49825278121173,3.0730682086594459],[101.49825448079086,3.0730704263910447],[101.4982561416511,3.0730726732657421],[101.49825776329284,3.0730749486076339],[101.49825934522825,3.0730772517322511],[101.49826088698146,3.073079581946768],[101.49826238808866,3.0730819385502102],[101.49826384809832,3.0730843208336633],[101.49826526657121,3.0730867280804897],[101.49826664308065,3.0730891595665413],[101.49826797721255,3.0730916145603784],[101.49826926856555,3.0730940923234895],[101.49827051675123,3.0730965921105149],[101.49827172139408,3.0730991131694676],[101.49827288213173,3.0731016547419636],[101.49827399861501,3.0731042160634474],[101.49827507050804,3.0731067963634211],[101.4982760974884,3.0731093948656802],[101.49827707924715,3.0731120107885426],[101.49827801548894,3.0731146433450869],[101.49827890593214,3.0731172917433862],[101.49827975030887,3.0731199551867525],[101.49828054836516,3.0731226328739658],[101.49828129986091,3.0731253239995255],[101.49828200457006,3.0731280277538877],[101.49828266228063,3.0731307433237083],[101.49828327279477,3.0731334698920896],[101.4982838359288,3.0731362066388264],[101.49828435151335,3.0731389527406496],[101.49828481939329,3.0731417073714775],[101.4982852394279,3.0731444697026622],[101.4982856114908,3.0731472389032395],[101.49828593547009,3.0731500141401775],[101.49828621126831,3.0731527945786308],[101.49828643880247,3.073155579382187],[101.49828661800414,3.0731583677131225],[101.49828674881942,3.0731611587326508],[101.49828683120894,3.0731639516011784],[101.49828686514793,3.0731667454785536],[101.49828685062617,3.0731695395243235],[101.49828678764804,3.0731723328979825],[101.49828667623247,3.0731751247592283],[101.49828651641299,3.073177914268213],[101.49828588319544,3.0731796294584282],[101.49828630823767,3.0731807005857976],[101.49831527989468,3.0732219426333063],[101.49793493681183,3.0734804904592896],[101.49791785078162,3.0734553556379853],[101.49789054881153,3.0734733109876888],[101.49790885469916,3.0734998112082432],[101.49773435575817,3.0736203520166105]]]},"properties":{"FID":240,"id":0,"NAME":" ","Height":0}},{"type":"Feature","id":241,"geometry":{"type":"Polygon","coordinates":[[[101.49784846900786,3.0737512798237545],[101.49783357655461,3.0737615980828119],[101.49777468213759,3.0736765951431231],[101.49778957459084,3.0736662768840657],[101.49784846900786,3.0737512798237545]]]},"properties":{"FID":241,"id":0,"NAME":" ","Height":0}},{"type":"Feature","id":242,"geometry":{"type":"Polygon","coordinates":[[[101.49784195857058,3.0737397613578512],[101.49791901543813,3.073687410764987],[101.49792871783141,3.0737016920938833],[101.49785166096386,3.0737540426867476],[101.49784195857058,3.0737397613578512]]]},"properties":{"FID":242,"id":0,"NAME":" ","Height":0}},{"type":"Feature","id":243,"geometry":{"type":"Polygon","coordinates":[[[101.49778920733542,3.0736586980673684],[101.49777612137869,3.0736396225185119],[101.49785438017312,3.0735859364513396],[101.49786746612985,3.0736050120001961],[101.49778920733542,3.0736586980673684]]]},"properties":{"FID":243,"id":0,"NAME":" ","Height":0}},{"type":"Feature","id":244,"geometry":{"type":"Polygon","coordinates":[[[101.49867168875798,3.0734957702018209],[101.49885438164328,3.0733627569607673],[101.49889040989484,3.0734122415472505],[101.49870771700954,3.073545254788304],[101.49867168875798,3.0734957702018209]]]},"properties":{"FID":244,"id":0,"NAME":" ","Height":0}},{"type":"Feature","id":245,"geometry":{"type":"Polygon","coordinates":[[[101.49877986217689,3.0733352461900272],[101.49882366573418,3.0733039960912256],[101.49884936612894,3.0733400205761754],[101.49880556257165,3.073371270674977],[101.49877986217689,3.0733352461900272]]]},"properties":{"FID":245,"id":0,"NAME":" ","Height":0}},{"type":"Feature","id":246,"geometry":{"type":"Polygon","coordinates":[[[101.49886453124803,3.0732852994509168],[101.49892275792784,3.0732393591347296],[101.49894989233896,3.0732737504232261],[101.49889166565914,3.0733196907394134],[101.49886453124803,3.0732852994509168]]]},"properties":{"FID":246,"id":0,"NAME":" ","Height":0}},{"type":"Feature","id":247,"geometry":{"type":"Polygon","coordinates":[[[101.50023775845852,3.0731881772937739],[101.50021015516046,3.0731637712889102],[101.50027131988377,3.0730945937197678],[101.50029756839065,3.0731178018590595],[101.50035224962684,3.0730534611110891],[101.50036128141701,3.0730428338433868],[101.50037357989733,3.0730532859461115],[101.50038937581246,3.0730353654342157],[101.5004411922156,3.0730810386555412],[101.50042622076428,3.0730980238108438],[101.50047324802958,3.0731379908470182],[101.50046421623941,3.0731486181147205],[101.50032691131099,3.0733098132813392],[101.50034984577309,3.0733336436208543],[101.50026985086207,3.07339280513269],[101.5001806411783,3.0734889592828494],[101.50017708931617,3.0734857034092271],[101.50015498013147,3.073511659460133],[101.5001984029866,3.0735502575535785],[101.50007874448862,3.0736848733638014],[101.5000381635555,3.0736488014232495],[101.49997370943422,3.0737244701770221],[101.49989759447401,3.0738661532771538],[101.49979078052489,3.0739918360498537],[101.49976570359333,3.0739705239317718],[101.4996537884271,3.073875410650821],[101.49965673460736,3.0738718397668876],[101.49976060237621,3.0737497278781212],[101.49982235794103,3.0736769588550774],[101.49973375793456,3.0736006340209849],[101.49963095995327,3.0737197292432321],[101.49962323803356,3.0737130640072841],[101.49960692141575,3.0737320156068639],[101.49957586838694,3.0737052801114699],[101.49955216696912,3.0737338852708946],[101.49949607704821,3.0736874107649843],[101.49953670726751,3.0736383742934219],[101.49952946390587,3.0736321221286427],[101.49963217627597,3.0735131260901176],[101.49959014171088,3.073476915243929],[101.49951315218344,3.073566535865718],[101.49948445842163,3.0735999371978262],[101.49940954325197,3.0735355805420053],[101.49940833638598,3.0735370363579277],[101.49939037425656,3.0735221458193953],[101.49939315320343,3.0735187936368673],[101.49939004038796,3.0735162697324423],[101.49939306311298,3.0735125417049343],[101.49938623428619,3.0735070549597179],[101.49941595787622,3.0734700608512564],[101.49941510800359,3.073469242967442],[101.49941139476088,3.0734657892995392],[101.49940762326291,3.0734623993443346],[101.4994037946027,3.0734590740843015],[101.49939990988986,3.0734558144831645],[101.49939597025029,3.0734526214856177],[101.49939197682575,3.0734494960170529],[101.49939187893146,3.0734493796702553],[101.49939177902506,3.0734492650466141],[101.49939167713686,3.073449152180924],[101.49939157329779,3.0734490411074447],[101.49939146753938,3.0734489318598923],[101.49939135989372,3.073448824471428],[101.4993912503935,3.0734487189746491],[101.49939113907195,3.0734486154015781],[101.49939102596286,3.0734485137836542],[101.49939091110056,3.0734484141517231],[101.49939079451993,3.0734483165360276],[101.49939067625634,3.0734482209661977],[101.49939055634569,3.0734481274712433],[101.49939043482439,3.0734480360795442],[101.49939031172933,3.0734479468188423],[101.49939018709784,3.0734478597162318],[101.4993900609678,3.0734477747981521],[101.49938993337747,3.0734476920903795],[101.49938980436558,3.0734476116180196],[101.49938967397129,3.0734475334054991],[101.49938954223418,3.0734474574765591],[101.49938940919425,3.0734473838542478],[101.49938927489187,3.0734473125609121],[101.49938913936781,3.073447243618193],[101.49938900266321,3.0734471770470173],[101.49938886481957,3.0734471128675929],[101.49938872587872,3.073447051099401],[101.49938858588284,3.0734469917611902],[101.49938844487443,3.0734469348709732],[101.49938830289628,3.073446880446018],[101.4993881599915,3.0734468285028451],[101.49938801620347,3.073446779057222],[101.49938787157582,3.073446732124157],[101.49938772615246,3.0734466877178965],[101.49938757997754,3.0734466458519201],[101.49938743309541,3.0734466065389356],[101.49938728555067,3.0734465697908764],[101.49938713738811,3.0734465356188974],[101.4993869886527,3.0734465040333707],[101.49938683938957,3.0734464750438844],[101.49938668964406,3.0734464486592379],[101.4993865394616,3.07344642488744],[101.49938638888779,3.0734464037357063],[101.49938623796832,3.0734463852104579],[101.49938608674903,3.0734463693173177],[101.49938593527578,3.0734463560611096],[101.49938578359459,3.0734463454458583],[101.49938563175148,3.0734463374747851],[101.49938547979254,3.07344633215031],[101.4993853277639,3.0734463294740495],[101.49938517571171,3.0734463294468153],[101.49938502368212,3.0734463320686163],[101.49938487172129,3.0734463373386562],[101.49938471987534,3.0734463452553356],[101.49938456819034,3.0734463558162508],[101.49938441671236,3.073446369018197],[101.49938426548738,3.0734463848571667],[101.49938411456129,3.0734464033283517],[101.49938396397991,3.073446424426145],[101.49936914021509,3.0734509650387918],[101.49934590296213,3.0734581766000537],[101.49934487091031,3.0734538035336949],[101.49934390418385,3.0734494155637417],[101.49934300299772,3.0734450136659763],[101.49934216755236,3.0734405988192752],[101.49934139803352,3.0734361720053971],[101.49934069461233,3.0734317342087598],[101.4993470432216,3.0734304000296597],[101.49935336795096,3.0734289568830113],[101.49935966693022,3.073427405195543],[101.4993659382968,3.0734257454260772],[101.49937218019635,3.0734239780653945],[101.49937839078315,3.0734221036360903],[101.49938456822079,3.0734201226924189],[101.49939071068265,3.0734180358201311],[101.49939681635244,3.0734158436362979],[101.49940288342479,3.0734135467891326],[101.49940891010567,3.0734111459577949],[101.49941489461307,3.073408641852192],[101.4994208351774,3.0734060352127694],[101.49942673004209,3.0734033268102907],[101.49943257746406,3.0734005174456094],[101.49943837571428,3.0733976079494334],[101.49944412307825,3.073394599182079],[101.49944981785653,3.0733914920332155],[101.4994554583652,3.0733882874216034],[101.4994610429364,3.0733849862948217],[101.49946656991885,3.0733815896289891],[101.49947203767822,3.0733780984284729],[101.49940005644537,3.0733146798856867],[101.49949621059552,3.0732067735616195],[101.49958229033906,3.0732834782835856],[101.49962956331589,3.0732284495839992],[101.49962174518046,3.0732217308738661],[101.49968050605,3.0731533545893086],[101.49968831181037,3.0731600626646363],[101.49973817690891,3.0731020165733729],[101.49965112561523,3.0730278200043788],[101.49973899982471,3.0729247213878197],[101.49980796735997,3.0729835045979397],[101.49980866164087,3.0729824463217774],[101.49981085142656,3.0729789807695504],[101.49981298166909,3.0729754783018008],[101.49981505174632,3.0729719399414628],[101.49981706105366,3.0729683667219518],[101.49981900900424,3.0729647596868648],[101.49982089502917,3.0729611198896754],[101.4998227185776,3.0729574483934248],[101.49982447911697,3.0729537462704135],[101.49982617613306,3.072950014601886],[101.49982780913025,3.0729462544777157],[101.49982937763161,3.0729424669960874],[101.49983088117905,3.0729386532631757],[101.49983231933344,3.0729348143928221],[101.49983369167472,3.0729309515062098],[101.49983499780213,3.0729270657315362],[101.49983623733418,3.0729231582036838],[101.49983740990885,3.0729192300638872],[101.49983851518367,3.0729152824594026],[101.49983955283585,3.0729113165431694],[101.49984052256232,3.0729073334734767],[101.49984142407988,3.0729033344136218],[101.49984225712521,3.0728993205315738],[101.49984302145501,3.0728952929996294],[101.49984371684606,3.0728912529940726],[101.49984434309526,3.0728872016948303],[101.49984490001971,3.072883140285128],[101.49984538745676,3.0728790699511439],[101.49984580526403,3.0728749918816622],[101.49984615331951,3.0728709072677272],[101.49984643152153,3.0728668173022942],[101.49984663978887,3.0728627231798815],[101.49984677806067,3.0728586260962207],[101.49984684629656,3.0728545272479098],[101.49984684447662,3.0728504278320612],[101.49984677260137,3.0728463290459529],[101.49986279829307,3.0728463290459529],[101.49987348208752,3.0728463290459529],[101.4998733564524,3.07284918092925],[101.49987318258003,3.0728520302784612],[101.49987296052024,3.072854876277753],[101.49987269033656,3.0728577181122505],[101.4998723721064,3.0728605549682708],[101.49987200592082,3.0728633860335575],[101.49987159188473,3.0728662104975117],[101.49987113011662,3.0728690275514241],[101.49987062074874,3.0728718363887082],[101.49987006392692,3.0728746362051296],[101.49986945981061,3.0728774261990357],[101.49986880857276,3.0728802055715883],[101.49986811039983,3.0728829735269891],[101.49986736549175,3.0728857292727088],[101.49986657406178,3.0728884720197138],[101.49986573633655,3.0728912009826939],[101.49986890649308,3.0728942771629395],[101.4998721287272,3.072897298749357],[101.49987540209891,3.0729002648604444],[101.49987872565323,3.0729031746308832],[101.49988209842056,3.0729060272117907],[101.49988551941695,3.0729088217709686],[101.49988898764437,3.0729115574931463],[101.49989250209103,3.0729142335802164],[101.49989606173163,3.0729168492514716],[101.49989966552769,3.0729194037438274],[101.49990331242789,3.072921896312049],[101.49990700136826,3.0729243262289669],[101.49991073127262,3.0729266927856886],[101.49991450105284,3.0729289952918064],[101.4999150372894,3.0729293103669661],[101.49994773373697,3.0728912496584577],[101.5000314686981,3.0729631830478836],[101.49999416255471,3.0730066097304212],[101.49992585795495,3.073086120553588],[101.50015573673667,3.0732846882598919],[101.50023775845852,3.0731881772937739]],[[101.49967791625055,3.0733748624399095],[101.49990953034171,3.0735743873359942],[101.50006537622154,3.0733910110779989],[101.49983493648718,3.0731919588246663],[101.49968086041389,3.0733713130037175],[101.49968098231787,3.0733714216310282],[101.49967791625055,3.0733748624399095]]]},"properties":{"FID":247,"id":0,"NAME":" ","Height":0}},{"type":"Feature","id":248,"geometry":{"type":"Polygon","coordinates":[[[101.50040687052588,3.072980343892735],[101.50057193515032,3.0731277802563124],[101.50053917613089,3.0731644561150175],[101.50037411150645,3.0730170197514401],[101.50040687052588,3.072980343892735]]]},"properties":{"FID":248,"id":0,"NAME":" ","Height":0}},{"type":"Feature","id":249,"geometry":{"type":"Polygon","coordinates":[[[101.50051718070367,3.0731961565408703],[101.5005468282333,3.0731603658294224],[101.50057083768081,3.0731802542523599],[101.50054119015118,3.0732160449638077],[101.50051718070367,3.0731961565408703]]]},"properties":{"FID":249,"id":0,"NAME":" ","Height":0}},{"type":"Feature","id":250,"geometry":{"type":"Polygon","coordinates":[[[101.50059597368782,3.0731694470547151],[101.5006475229961,3.0732153873709023],[101.50060922364985,3.0732583628001358],[101.50055767434156,3.0732124224839485],[101.50059597368782,3.0731694470547151]]]},"properties":{"FID":250,"id":0,"NAME":" ","Height":0}},{"type":"Feature","id":251,"geometry":{"type":"Polygon","coordinates":[[[101.49608848080426,3.0698708255145348],[101.49614350234575,3.069769596562006],[101.4961668720065,3.069782298805054],[101.49617297762278,3.0697711051752048],[101.49625541509273,3.0698160710679163],[101.49621695343266,3.0698865841113663],[101.49620265052988,3.0698787825280318],[101.4961799520201,3.0699205433785606],[101.49614964337837,3.0699040695521842],[101.49612656989058,3.0699457637494323],[101.49607272220743,3.0699159645461371],[101.49609556976141,3.0698746786152555],[101.49608848080426,3.0698708255145348]]]},"properties":{"FID":251,"id":0,"NAME":" ","Height":0}},{"type":"Feature","id":252,"geometry":{"type":"Polygon","coordinates":[[[101.49663869621905,3.070382045079548],[101.49660516817681,3.0703641924856284],[101.49663802084478,3.0703024935726093],[101.49667154888702,3.0703203461665289],[101.49663869621905,3.070382045079548]]]},"properties":{"FID":252,"id":0,"NAME":" ","Height":0}},{"type":"Feature","id":253,"geometry":{"type":"Polygon","coordinates":[[[101.49994883622489,3.0715751244392426],[101.49982831111856,3.0714672681426256],[101.49981676208726,3.0714571395790662],[101.49978198036646,3.0714966404278168],[101.49967212594831,3.0713999102100638],[101.49970778601224,3.0713594118460086],[101.4997169040938,3.071349056637795],[101.49970845084948,3.0713416835302461],[101.49987618642254,3.0711493752299277],[101.49989465296781,3.0711654821610823],[101.49990999896266,3.0711478227410449],[101.49994205034602,3.0711743986797706],[101.49996007924915,3.0711565033240467],[101.49997530365626,3.0711557020394618],[101.49997129723334,3.071089462513795],[101.50003353033608,3.0710851889960105],[101.50003252873036,3.0710638214070864],[101.50008394449121,3.071059414341871],[101.50008287611176,3.0710503331165779],[101.5001485814477,3.071044457029624],[101.50014911563743,3.0710527369703322],[101.5002036029892,3.071050333116577],[101.50028934043974,3.0709509738280785],[101.50036305862152,3.0710134740256816],[101.50029468233696,3.071090397345809],[101.50035397739623,3.0711368718517194],[101.50036252443179,3.07112672224698],[101.50060023885858,3.0713361246184387],[101.50050728984675,3.0714472360808447],[101.50046829399697,3.0714109111796732],[101.50035557996537,3.0715423218515574],[101.50034402811261,3.0715321054731035],[101.50032820274205,3.0715496669602507],[101.50037748174401,3.0715932034226832],[101.50024146368578,3.0717500548801304],[101.50020540587948,3.0717198063870597],[101.50016654357712,3.0717664812141159],[101.50011946810777,3.0717244137734214],[101.5000888189724,3.0717610725431701],[101.4999325684784,3.0716232515946089],[101.4999742352768,3.0715707674543129],[101.49996187894588,3.0715605497191341],[101.49994883622489,3.0715751244392426]],[[101.4999309659092,3.0713468084129016],[101.50000328184298,3.0714115121431131],[101.50001089404653,3.0714030986549741],[101.50005596630442,3.0714405587093068],[101.50011045365616,3.07137405208878],[101.50009683181823,3.071246647839819],[101.50000949179849,3.0712514555473271],[101.4999309659092,3.0713468084129016]],[[101.5001717519269,3.0713744527310722],[101.50023905983201,3.0714369529286758],[101.50034362747031,3.0713175615255617],[101.50025228102767,3.0712382343516804],[101.50016333843878,3.0712446446283579],[101.5001717519269,3.0713744527310722]]]},"properties":{"FID":253,"id":0,"NAME":" ","Height":0}},{"type":"Feature","id":254,"geometry":{"type":"Polygon","coordinates":[[[101.50107664736971,3.0721341352083837],[101.50107331328785,3.072134106112292],[101.50106998022159,3.0721340188328803],[101.5010666491862,3.0721338733967345],[101.50106332119636,3.0721336698481556],[101.50105999726578,3.0721334082491469],[101.50105667840701,3.0721330886793936],[101.50105336563097,3.0721327112362404],[101.50105005994676,3.0721322760346594],[101.50104676236136,3.0721317832072175],[101.50104347387921,3.0721312329040349],[101.50104019550203,3.0721306252927389],[101.50103692822843,3.072129960558414],[101.50103367305368,3.0721292389035448],[101.50103043096932,3.0721284605479546],[101.50102720296292,3.0721276257287373],[101.50102399001777,3.0721267347001877],[101.50102079311254,3.0721257877337211],[101.50101761322108,3.0721247851177931],[101.50101445131199,3.0721237271578099],[101.50101130834842,3.0721226141760365],[101.50100818528774,3.0721214465114985],[101.5010050830813,3.0721202245198769],[101.50100200267401,3.0721189485734022],[101.50099894500423,3.0721176190607409],[101.50099591100333,3.0721162363868748],[101.50099290159551,3.07211480097298],[101.50098991769748,3.0721133132562977],[101.50098696021814,3.0721117736900001],[101.50098403005838,3.0721101827430544],[101.50098112811074,3.0721085409000786],[101.50097825525918,3.072106848661194],[101.50097541237884,3.0721051065418723],[101.50097260033564,3.072103315072781],[101.50096981998618,3.0721014747996183],[101.50096707217737,3.072099586282949],[101.50096435774624,3.0720976500980339],[101.50096167751961,3.0720956668346537],[101.5009590323139,3.0720936370969296],[101.50095642293489,3.0720915615031394],[101.5009538501774,3.072089440685529],[101.50095131482512,3.0720872752901203],[101.50094881765035,3.0720850659765131],[101.50094635941376,3.0720828134176861],[101.50094394086413,3.0720805182997903],[101.50094156273819,3.0720781813219413],[101.50093922576035,3.0720758031960052],[101.50093693064245,3.0720733846463815],[101.50093467808362,3.0720709264097845],[101.50093246877002,3.0720684292350167],[101.50093030337462,3.0720658938827419],[101.500928182557,3.0720633211252526],[101.50092610696321,3.0720607117462357],[101.50092407722549,3.0720580665405333],[101.5009220939621,3.0720553863139011],[101.50092015777719,3.0720526718827617],[101.50091826926052,3.0720499240739572],[101.50091642898735,3.0720471437244967],[101.50091463751826,3.072044331681302],[101.50091289539894,3.0720414888009482],[101.50091120316006,3.0720386159494044],[101.50090956131709,3.0720357140017689],[101.50090797037014,3.0720327838420034],[101.50090643080384,3.0720298263626629],[101.50090494308716,3.0720268424646235],[101.50090350767327,3.0720238330568104],[101.5009021249994,3.0720207990559176],[101.50090079548674,3.0720177413861318],[101.50089951954027,3.0720146609788488],[101.50089829754864,3.07201155877239],[101.50089712988411,3.0720084357117181],[101.50089601690233,3.0720052927481469],[101.50089495894235,3.0720021308390546],[101.50089395632642,3.0719989509475885],[101.50089300935996,3.0719957540423746],[101.50089211833141,3.0719925410972211],[101.50089128351219,3.071989313090822],[101.50089050515659,3.0719860710064602],[101.50088978350172,3.0719828158317051],[101.5008891187674,3.0719795485581152],[101.50088851115611,3.071976270180933],[101.50088796085292,3.0719729816987842],[101.50088746802548,3.0719696841133723],[101.5008870328239,3.071966378429174],[101.50088665538074,3.071963065653132],[101.50088633581099,3.0719597467943514],[101.50088607421199,3.0719564228637872],[101.50088587066341,3.0719530948739417],[101.50088572522726,3.0719497638385524],[101.50088563794785,3.0719464307722855],[101.50088560885176,3.0719430966904251],[101.50088563794785,3.0719397626085647],[101.50088572522726,3.0719364295422977],[101.50088587066341,3.0719330985069084],[101.50088607421199,3.071929770517063],[101.50088633581099,3.0719264465864988],[101.50088665538074,3.0719231277277181],[101.5008870328239,3.0719198149516762],[101.50088746802548,3.0719165092674778],[101.50088796085292,3.071913211682066],[101.50088851115611,3.0719099231999172],[101.5008891187674,3.071906644822735],[101.50088978350172,3.0719033775491451],[101.50089050515659,3.07190012237439],[101.50089128351219,3.0718968802900282],[101.50089211833141,3.0718936522836291],[101.50089300935996,3.0718904393384756],[101.50089395632642,3.0718872424332617],[101.50089495894235,3.0718840625417956],[101.50089601690233,3.0718809006327032],[101.50089712988411,3.0718777576691321],[101.50089829754864,3.0718746346084602],[101.50089951954027,3.0718715324020014],[101.50090079548674,3.0718684519947184],[101.5009021249994,3.0718653943249326],[101.50090350767327,3.0718623603240398],[101.50090494308716,3.0718593509162266],[101.50090643080384,3.0718563670181878],[101.50090797037014,3.0718534095388468],[101.50090956131709,3.0718504793790813],[101.50091120316006,3.0718475774314458],[101.50091289539894,3.071844704579902],[101.50091463751826,3.0718418616995482],[101.50091642898735,3.0718390496563535],[101.50091826926052,3.071836269306893],[101.50092015777719,3.0718335214980885],[101.5009220939621,3.0718308070669491],[101.50092407722549,3.0718281268403169],[101.50092610696321,3.0718254816346144],[101.500928182557,3.0718228722555976],[101.50093030337462,3.0718202994981083],[101.50093246877002,3.0718177641458335],[101.50093467808362,3.0718152669710657],[101.50093693064245,3.0718128087344687],[101.50093922576035,3.071810390184845],[101.50094156273819,3.0718080120589089],[101.50094394086413,3.0718056750810598],[101.50094635941376,3.0718033799631641],[101.50094881765035,3.0718011274043371],[101.50095131482512,3.0717989180907304],[101.5009538501774,3.0717967526953212],[101.50095642293489,3.0717946318777107],[101.5009590323139,3.0717925562839206],[101.50096167751961,3.0717905265461964],[101.50096435774624,3.0717885432828163],[101.50096707217737,3.0717866070979012],[101.50096981998618,3.0717847185812319],[101.50097260033564,3.0717828783080692],[101.50097541237884,3.0717810868389779],[101.50097825525918,3.0717793447196562],[101.50098112811074,3.0717776524807716],[101.50098403005838,3.0717760106377958],[101.50098696021814,3.0717744196908501],[101.50098991769748,3.0717728801245525],[101.50099290159551,3.0717713924078702],[101.50099591100333,3.0717699569939754],[101.50099894500423,3.0717685743201093],[101.50100200267401,3.071767244807448],[101.5010050830813,3.0717659688609733],[101.50100818528774,3.0717647468693521],[101.50101130834842,3.0717635792048137],[101.50101445131199,3.0717624662230403],[101.50101761322108,3.0717614082630571],[101.50102079311254,3.071760405647129],[101.50102399001777,3.0717594586806625],[101.50102720296292,3.0717585676521129],[101.50103043096932,3.0717577328328955],[101.50103367305368,3.0717569544773053],[101.50103692822843,3.0717562328224362],[101.50104019550203,3.0717555680881112],[101.50104347387921,3.0717549604768153],[101.50104676236136,3.0717544101736327],[101.50105005994676,3.0717539173461907],[101.50105336563097,3.0717534821446097],[101.50105667840701,3.0717531047014566],[101.50105999726578,3.0717527851317032],[101.50106332119636,3.0717525235326946],[101.5010666491862,3.0717523199841157],[101.50106998022159,3.0717521745479699],[101.50107331328785,3.0717520872685582],[101.50107664736971,3.0717520581724664],[101.50107998145158,3.0717520872685582],[101.50108331451784,3.0717521745479699],[101.50108664555323,3.0717523199841157],[101.50108997354307,3.0717525235326946],[101.50109329747364,3.0717527851317032],[101.50109661633242,3.0717531047014566],[101.50109992910846,3.0717534821446097],[101.50110323479267,3.0717539173461907],[101.50110653237807,3.0717544101736327],[101.50110982086022,3.0717549604768153],[101.5011130992374,3.0717555680881112],[101.501116366511,3.0717562328224362],[101.50111962168575,3.0717569544773053],[101.50112286377011,3.0717577328328955],[101.50112609177651,3.0717585676521129],[101.50112930472166,3.0717594586806625],[101.50113250162688,3.071760405647129],[101.50113568151835,3.0717614082630571],[101.50113884342744,3.0717624662230403],[101.501141986391,3.0717635792048137],[101.50114510945168,3.0717647468693516],[101.50114821165813,3.0717659688609733],[101.50115129206542,3.071767244807448],[101.5011543497352,3.0717685743201093],[101.5011573837361,3.0717699569939754],[101.50116039314392,3.0717713924078702],[101.50116337704195,3.0717728801245525],[101.50116633452129,3.0717744196908501],[101.50116926468105,3.0717760106377958],[101.50117216662869,3.0717776524807716],[101.50117503948024,3.0717793447196562],[101.50117788236059,3.0717810868389779],[101.50118069440379,3.0717828783080692],[101.50118347475325,3.0717847185812319],[101.50118622256205,3.0717866070979012],[101.50118893699319,3.0717885432828163],[101.50119161721982,3.0717905265461964],[101.50119426242553,3.0717925562839206],[101.50119687180454,3.0717946318777107],[101.50119944456203,3.0717967526953212],[101.50120197991431,3.0717989180907304],[101.50120447708908,3.0718011274043371],[101.50120693532567,3.0718033799631641],[101.5012093538753,3.0718056750810598],[101.50121173200124,3.0718080120589089],[101.50121406897908,3.071810390184845],[101.50121636409698,3.0718128087344687],[101.50121861665581,3.0718152669710657],[101.50122082596941,3.0718177641458335],[101.50122299136481,3.0718202994981083],[101.50122511218242,3.0718228722555976],[101.50122718777622,3.0718254816346144],[101.50122921751394,3.0718281268403169],[101.50123120077733,3.0718308070669491],[101.50123313696224,3.0718335214980885],[101.50123502547891,3.071836269306893],[101.50123686575208,3.0718390496563535],[101.50123865722117,3.0718418616995482],[101.50124039934049,3.071844704579902],[101.50124209157937,3.0718475774314458],[101.50124373342234,3.0718504793790813],[101.50124532436929,3.0718534095388468],[101.50124686393559,3.0718563670181878],[101.50124835165227,3.0718593509162266],[101.50124978706616,3.0718623603240398],[101.50125116974003,3.0718653943249326],[101.50125249925269,3.0718684519947184],[101.50125377519916,3.0718715324020014],[101.50125499719078,3.0718746346084602],[101.50125616485532,3.0718777576691321],[101.5012572778371,3.0718809006327032],[101.50125833579708,3.0718840625417956],[101.50125933841301,3.0718872424332617],[101.50126028537947,3.0718904393384756],[101.50126117640802,3.0718936522836291],[101.50126201122724,3.0718968802900282],[101.50126278958284,3.07190012237439],[101.50126351123771,3.0719033775491451],[101.50126417597203,3.071906644822735],[101.50126478358332,3.0719099231999172],[101.50126533388651,3.071913211682066],[101.50126582671395,3.0719165092674778],[101.50126626191553,3.0719198149516762],[101.50126663935869,3.0719231277277181],[101.50126695892844,3.0719264465864988],[101.50126722052744,3.071929770517063],[101.50126742407602,3.0719330985069084],[101.50126756951217,3.0719364295422977],[101.50126765679158,3.0719397626085647],[101.50126768588767,3.0719430966904251],[101.50126765679158,3.0719464307722855],[101.50126756951217,3.0719497638385524],[101.50126742407602,3.0719530948739417],[101.50126722052744,3.0719564228637872],[101.50126695892844,3.0719597467943514],[101.50126663935869,3.071963065653132],[101.50126626191553,3.071966378429174],[101.50126582671395,3.0719696841133723],[101.50126533388651,3.0719729816987842],[101.50126478358332,3.071976270180933],[101.50126417597203,3.0719795485581152],[101.50126351123771,3.0719828158317051],[101.50126278958284,3.0719860710064602],[101.50126201122724,3.071989313090822],[101.50126117640802,3.0719925410972211],[101.50126028537947,3.0719957540423746],[101.50125933841301,3.0719989509475885],[101.50125833579708,3.0720021308390546],[101.5012572778371,3.0720052927481469],[101.50125616485532,3.0720084357117181],[101.50125499719078,3.07201155877239],[101.50125377519916,3.0720146609788488],[101.50125249925269,3.0720177413861318],[101.50125116974003,3.0720207990559176],[101.50124978706616,3.0720238330568104],[101.50124835165227,3.0720268424646235],[101.50124686393559,3.0720298263626629],[101.50124532436929,3.0720327838420034],[101.50124373342234,3.0720357140017689],[101.50124209157937,3.0720386159494044],[101.50124039934049,3.0720414888009482],[101.50123865722117,3.072044331681302],[101.50123686575208,3.0720471437244967],[101.50123502547891,3.0720499240739572],[101.50123313696224,3.0720526718827617],[101.50123120077733,3.0720553863139011],[101.50122921751394,3.0720580665405333],[101.50122718777622,3.0720607117462357],[101.50122511218242,3.0720633211252526],[101.50122299136481,3.0720658938827419],[101.50122082596941,3.0720684292350167],[101.50121861665581,3.0720709264097845],[101.50121636409698,3.0720733846463815],[101.50121406897908,3.0720758031960052],[101.50121173200124,3.0720781813219413],[101.5012093538753,3.0720805182997903],[101.50120693532567,3.0720828134176861],[101.50120447708908,3.0720850659765131],[101.50120197991431,3.0720872752901203],[101.50119944456203,3.072089440685529],[101.50119687180454,3.0720915615031394],[101.50119426242553,3.0720936370969296],[101.50119161721982,3.0720956668346537],[101.50118893699319,3.0720976500980339],[101.50118622256205,3.072099586282949],[101.50118347475325,3.0721014747996183],[101.50118069440379,3.072103315072781],[101.50117788236059,3.0721051065418723],[101.50117503948024,3.072106848661194],[101.50117216662869,3.0721085409000786],[101.50116926468105,3.0721101827430544],[101.50116633452129,3.0721117736900001],[101.50116337704195,3.0721133132562977],[101.50116039314392,3.07211480097298],[101.5011573837361,3.0721162363868748],[101.5011543497352,3.0721176190607409],[101.50115129206542,3.0721189485734022],[101.50114821165813,3.0721202245198769],[101.50114510945168,3.0721214465114985],[101.501141986391,3.0721226141760365],[101.50113884342744,3.0721237271578099],[101.50113568151835,3.0721247851177931],[101.50113250162688,3.0721257877337211],[101.50112930472166,3.0721267347001877],[101.50112609177651,3.0721276257287373],[101.50112286377011,3.0721284605479546],[101.50111962168575,3.0721292389035448],[101.501116366511,3.072129960558414],[101.5011130992374,3.0721306252927389],[101.50110982086022,3.0721312329040349],[101.50110653237807,3.0721317832072175],[101.50110323479267,3.0721322760346594],[101.50109992910846,3.0721327112362404],[101.50109661633242,3.0721330886793936],[101.50109329747364,3.0721334082491469],[101.50108997354307,3.0721336698481556],[101.50108664555323,3.0721338733967345],[101.50108331451784,3.0721340188328803],[101.50107998145158,3.072134106112292],[101.50107664736971,3.0721341352083837]]]},"properties":{"FID":254,"id":0,"NAME":" ","Height":0}},{"type":"Feature","id":255,"geometry":{"type":"Polygon","coordinates":[[[101.49971782420968,3.0717210083139359],[101.4998632573618,3.0718359926518346],[101.4998498855241,3.0718529054639685],[101.49970445237199,3.0717379211260698],[101.49971782420968,3.0717210083139359]]]},"properties":{"FID":255,"id":0,"NAME":" ","Height":0}},{"type":"Feature","id":256,"geometry":{"type":"Polygon","coordinates":[[[101.49970780815238,3.0716933639957653],[101.49972259271836,3.071674716988757],[101.50007075087038,3.0719507595281725],[101.5000559663044,3.0719694065351808],[101.49970780815238,3.0716933639957653]]]},"properties":{"FID":256,"id":0,"NAME":" ","Height":0}},{"type":"Feature","id":257,"geometry":{"type":"Polygon","coordinates":[[[101.49987727984202,3.0718444061399741],[101.50002631877477,3.0719629962585033],[101.50001181594887,3.0719812227829535],[101.49986277701612,3.0718626326644243],[101.49987727984202,3.0718444061399741]]]},"properties":{"FID":257,"id":0,"NAME":" ","Height":0}},{"type":"Feature","id":258,"geometry":{"type":"Polygon","coordinates":[[[101.4998263982709,3.0719429641438865],[101.49979212453441,3.0719993946393203],[101.49990366380669,3.0720684820353945],[101.49983047981462,3.0721886747230935],[101.49974443534366,3.0721350663188098],[101.49974382017135,3.0721374844907756],[101.49974316326043,3.0721398916593778],[101.49974246480751,3.0721422871042496],[101.49974172502158,3.0721446701085315],[101.49974094412404,3.0721470399590887],[101.49974012234858,3.0721493959467208],[101.49973925994114,3.0721517373663776],[101.49973835715977,3.0721540635173676],[101.49973741427466,3.0721563737035695],[101.49973643156797,3.0721586672336385],[101.49973540933377,3.0721609434212152],[101.49973434787799,3.0721632015851292],[101.49973324751829,3.0721654410496053],[101.49973210858394,3.0721676611444622],[101.49973093141578,3.072169861205317],[101.4997297163661,3.0721720405737813],[101.49972846379852,3.0721741985976592],[101.49972717408787,3.0721763346311426],[101.49972584762008,3.0721784480350034],[101.49972448479217,3.072180538176787],[101.49972308601193,3.0721826044309988],[101.49972165169797,3.0721846461792941],[101.49972018227953,3.07218666281066],[101.49971867819633,3.0721886537216023],[101.49971713989851,3.0721906183163226],[101.49971556784639,3.0721925560068972],[101.49971652457751,3.0721931053554945],[101.49979736005179,3.0722623929048813],[101.4995826157831,3.0725129278850178],[101.49956347528759,3.072496521746007],[101.49954468831275,3.072518803971974],[101.49950394338461,3.0724844504051161],[101.49948596334666,3.0725081454492651],[101.49945601281861,3.0725488521439002],[101.49945191551994,3.0725616828534812],[101.49944760360586,3.0725744430400628],[101.49944307828932,3.0725871291141171],[101.49943834084333,3.0725997375069651],[101.49943339260057,3.0726122646717791],[101.499428234953,3.0726247070845814],[101.49940122088464,3.0726372273031708],[101.49937403318532,3.072649365868517],[101.49934667724671,3.0726611203733949],[101.49931915849379,3.072672488486742],[101.4992914823839,3.0726834679541231],[101.49928569879147,3.0726728504152492],[101.49928009680731,3.0726621359462176],[101.49927467805541,3.0726513276530678],[101.49926944410659,3.0726404286690379],[101.49926439647815,3.072629442153656],[101.49925953663336,3.0726183712918265],[101.49925486598104,3.0726072192929039],[101.49925038587517,3.0725959893897636],[101.49924609761452,3.0725846848378655],[101.4992420024422,3.072573308914309],[101.49923810154539,3.0725618649168842],[101.49923439605489,3.0725503561631147],[101.49923088704493,3.0725387859892965],[101.49922757553274,3.0725271577495312],[101.49922446247828,3.072515474814753],[101.49922154878402,3.0725037405717517],[101.4992188352946,3.0724919584221908],[101.49921632279666,3.0724801317816222],[101.49921401201853,3.0724682640784939],[101.4992119036301,3.0724563587531599],[101.49920999824258,3.0724444192568785],[101.49920829640831,3.0724324490508148],[101.49920679862065,3.0724204516050362],[101.4992055053138,3.0724084303975072],[101.49920441686267,3.0723963889130803],[101.49920353358279,3.0723843306424854],[101.49920285573023,3.0723722590813196],[101.49920238350148,3.0723601777290321],[101.49920211703345,3.0723480900879117],[101.49920205640338,3.0723359996620685],[101.49920220162883,3.0723239099564208],[101.49920255266773,3.0723118244756784],[101.49920287149375,3.0723049080897757],[101.49906128212584,3.0722910504069585],[101.49906123312716,3.0722942492291327],[101.49906126691131,3.0723118595139938],[101.49906160418793,3.0723294666011673],[101.49906224485682,3.0723470652607081],[101.49906318872766,3.072364650265174],[101.49906443552011,3.0723822163911794],[101.49906598486382,3.0723997584209455],[101.49906783629858,3.072417271143852],[101.49906998927443,3.0724347493579822],[101.49907244315189,3.0724521878716713],[101.49907519720205,3.0724695815050462],[101.49907825060686,3.0724869250915652],[101.49908160245934,3.0725042134795517],[101.49908525176387,3.0725214415337265],[101.49895651204058,3.0725390697945896],[101.49894573777215,3.0724810926160444],[101.49894281075669,3.0724616532146638],[101.49894021746053,3.07244216648686],[101.49893795864602,3.0724226381612159],[101.49893603497719,3.072403073978542],[101.49893444701955,3.072383479690191],[101.49893319523991,3.0723638610563651],[101.49893228000627,3.0723442238444232],[101.49893170158768,3.0723245738271867],[101.49893146015417,3.0723049167812406],[101.49893155577674,3.0722852584852367],[101.49893164602533,3.0722811588139294],[101.49891631426392,3.0722801213263145],[101.49891871811768,3.0722445977097279],[101.49893278119441,3.0722455493465004],[101.49893386420435,3.0722263338787092],[101.4989353067795,3.072206728350857],[101.49893708527992,3.0721871504377471],[101.49893919918277,3.0721676058947684],[101.4989416478666,3.0721481004675],[101.49894443061159,3.0721286398900212],[101.49894754659967,3.0721092298832264],[101.49895099491481,3.0720898761531448],[101.49895477454332,3.0720705843892606],[101.49895888437409,3.0720513602628423],[101.49896332319892,3.0720322094252741],[101.49896808971293,3.0720131375063962],[101.49897318251489,3.0719941501128476],[101.49897860010762,3.0719752528264204],[101.49898434089853,3.071956451202416],[101.49899040319997,3.071937750768015],[101.49899678522978,3.0719191570206501],[101.4990034851118,3.0719006754263916],[101.49901050087645,3.0718823114183391],[101.49901783046128,3.0718640703950246],[101.4990254717116,3.0718459577188271],[101.49903342238107,3.0718279787143934],[101.49904168013242,3.0718101386670762],[101.49905024253806,3.0717924428213768],[101.4990591070809,3.0717748963794058],[101.49906827115497,3.0717575044993528],[101.4990777320663,3.0717402722939711],[101.49908748703362,3.0717232048290719],[101.49909753318923,3.0717063071220396],[101.49910786757982,3.0716895841403526],[101.49911848716737,3.0716730408001252],[101.49912938882997,3.0716566819646611],[101.49914056936286,3.0716405124430262],[101.49915202547923,3.0716245369886317],[101.49916438372237,3.0716349267937613],[101.4991769198414,3.0716451012688677],[101.49918963008489,3.0716550573692363],[101.49920251064928,3.0716647921155005],[101.49921555768007,3.0716743025945341],[101.49922876727294,3.0716835859603231],[101.4992421354749,3.0716926394348163],[101.49925565828552,3.0717014603087591],[101.49924544700848,3.0717158078902811],[101.49923548451571,3.0717303293231306],[101.49922577376643,3.0717450202939136],[101.49921631764506,3.0717598764388767],[101.49920711896046,3.0717748933452054],[101.49919818044494,3.0717900665523312],[101.49918950475356,3.0718053915532604],[101.49918109446334,3.0718208637959101],[101.49917295207243,3.0718364786844612],[101.49916507999941,3.0718522315807242],[101.49915748058258,3.0718681178055154],[101.49915015607924,3.0718841326400481],[101.49914310866504,3.0719002713273347],[101.49913634043331,3.0719165290735968],[101.49912985339448,3.0719329010496934],[101.49912364947541,3.0719493823925519],[101.49911773051889,3.0719659682066136],[101.49911209828309,3.0719826535652883],[101.49910675444097,3.0719994335124179],[101.49910170057986,3.0720163030637475],[101.49909693820092,3.0720332572084064],[101.49909246871877,3.0720502909103979],[101.499088293461,3.0720673991100917],[101.4990844136678,3.072084576725731],[101.49908083049164,3.0721018186549385],[101.49907754499682,3.0721191197762345],[101.49907455815928,3.0721364749505566],[101.49907187086622,3.0721538790227867],[101.49906948391583,3.0721713268232818],[101.49906739801715,3.0721888131694111],[101.49906561378975,3.072206332867093],[101.49906413176365,3.0722238807123405],[101.49906295237901,3.0722414514928054],[101.49906239317203,3.0722526743255147],[101.49920570932895,3.0722667010132128],[101.49920601202818,3.0722635948317616],[101.49922439899711,3.0722648510842969],[101.49922538981606,3.0722514514375434],[101.49922417447888,3.0722513084681302],[101.49922637801137,3.0722380872724839],[101.49922613040171,3.0722335073277343],[101.49922839344654,3.0722157426194174],[101.49923096293843,3.0721980196415366],[101.49923383811101,3.0721803436800021],[101.49923701810675,3.0721627200067023],[101.49924050197723,3.0721451538779299],[101.49924428868336,3.0721276505328148],[101.49924837709574,3.0721102151917625],[101.49925276599502,3.0720928530548948],[101.49925745407219,3.0720755693005009],[101.49926243992903,3.0720583690834928],[101.49926772207849,3.0720412575338663],[101.49927329894516,3.0720242397551725],[101.49927916886573,3.0720073208229954],[101.49928533008948,3.0719905057834374],[101.49929178077883,3.071973799651615],[101.49929851900984,3.0719572074101622],[101.49930554277282,3.0719407340077463],[101.49931023264726,3.0719302405485021],[101.49930560502466,3.0719271554667715],[101.49931415206024,3.0719073904470164],[101.49925993180334,3.0718785442019687],[101.49927168397724,3.0718582449924905],[101.49931495334482,3.0718825506248919],[101.49933792350291,3.0718403496367666],[101.49938266189223,3.0718665249332004],[101.49938733605231,3.0718597140142307],[101.49943648150683,3.0718876254272636],[101.499444506712,3.0718731898447986],[101.49944267308399,3.0718725763214518],[101.49944063101472,3.071871853186797],[101.4994386018769,3.0718710945232561],[101.49943658628865,3.0718703005619261],[101.49943458486391,3.071869471544654],[101.49943259821234,3.0718686077239679],[101.4994306269391,3.0718677093629947],[101.49942867164465,3.0718667767353844],[101.4994267329246,3.071865810125225],[101.49942481136951,3.0718648098269541],[101.49942290756468,3.0718637761452734],[101.49942102209005,3.0718627093950515],[101.49941915551993,3.0718616099012315],[101.49941730842292,3.0718604779987291],[101.49941548136167,3.0718593140323334],[101.49941367489268,3.0718581183565998],[101.49941188956626,3.0718568913357425],[101.49941012592622,3.0718556333435241],[101.49940838450978,3.0718543447631412],[101.49940666584739,3.0718530259871075],[101.49940497046256,3.0718516774171354],[101.49940329887177,3.0718502994640122],[101.49940165158415,3.0718488925474761],[101.49940002910151,3.0718474570960868],[101.49939843191805,3.0718459935470972],[101.49939686052031,3.0718445023463183],[101.49939531538693,3.0718429839479846],[101.4993937969886,3.0718414388146149],[101.49939230578782,3.0718398674168714],[101.49939084223884,3.0718382702334175],[101.49938940678744,3.0718366477507701],[101.4993879998709,3.0718350004631541],[101.49938662191778,3.0718333288723487],[101.49938527334781,3.0718316334875366],[101.49938395457178,3.0718299148251487],[101.49938266599139,3.0718281734087061],[101.49938140799918,3.0718264097686605],[101.49938018097832,3.0718246244422351],[101.49937898530258,3.0718228179732563],[101.4993778213362,3.0718209909119931],[101.49937668943369,3.0718191438149853],[101.49937558993987,3.0718172772448766],[101.49937452318964,3.0718153917702429],[101.49937348950796,3.0718134879654175],[101.49937248920969,3.0718115664103181],[101.49937152259953,3.0718096276902687],[101.49937058997193,3.0718076723958223],[101.49936969161095,3.0718057011225808],[101.49936882779026,3.0718037144710131],[101.499367998773,3.071801713046272],[101.49936720481166,3.0717996974580113],[101.49936644614812,3.0717976683201988],[101.49936572301347,3.0717956262509292],[101.49936503562797,3.0717935718722367],[101.49936438420102,3.0717915058099052],[101.49936376893105,3.0717894286932768],[101.49936319000547,3.0717873411550616],[101.49936264760062,3.0717852438311444],[101.49936214188173,3.0717831373603897],[101.49936167300285,3.0717810223844491],[101.49936124110681,3.071778899547565],[101.49936084632516,3.071776769496374],[101.49936048877815,3.07177463287971],[101.4993601685747,3.0717724903484078],[101.49935988581235,3.0717703425551024],[101.49935964057723,3.071768190154033],[101.49935943294402,3.0717660338008415],[101.499359262976,3.0717638741523738],[101.49935913072494,3.0717617118664804],[101.4993590362311,3.0717595476018142],[101.49935897952328,3.0717573820176312],[101.49935896061875,3.0717552157735892],[101.49935897952328,3.0717530495295473],[101.4993590362311,3.0717508839453642],[101.49935913072494,3.0717487196806981],[101.499359262976,3.0717465573948046],[101.49935943294402,3.071744397746337],[101.49935964057723,3.0717422413931454],[101.49935988581235,3.0717400889920761],[101.4993601685747,3.0717379411987706],[101.49936048877815,3.0717357986674685],[101.49936084632516,3.0717336620508044],[101.49936124110681,3.0717315319996135],[101.49936167300285,3.0717294091627294],[101.49936214188173,3.0717272941867888],[101.49936264760062,3.0717251877160341],[101.49936319000547,3.0717230903921169],[101.49936376893105,3.0717210028539017],[101.49936438420102,3.0717189257372732],[101.49936503562797,3.0717168596749418],[101.49936572301347,3.0717148052962493],[101.49936644614812,3.0717127632269796],[101.49936720481166,3.0717107340891672],[101.499367998773,3.0717087185009064],[101.49936882779026,3.0717067170761654],[101.49936969161095,3.0717047304245977],[101.49937058997193,3.0717027591513562],[101.49937152259953,3.0717008038569098],[101.49937248920969,3.0716988651368604],[101.49937348950796,3.0716969435817609],[101.49937452318964,3.0716950397769356],[101.49937558993987,3.0716931543023018],[101.49937668943369,3.0716912877321931],[101.4993778213362,3.0716894406351853],[101.49937898530258,3.0716876135739222],[101.49938018097832,3.0716858071049433],[101.49938140799918,3.071684021778518],[101.49938266599139,3.0716822581384724],[101.49938395457178,3.0716805167220298],[101.49938527334781,3.0716787980596418],[101.49938662191778,3.0716771026748297],[101.4993879998709,3.0716754310840244],[101.49938940678744,3.0716737837964083],[101.49939084223884,3.071672161313761],[101.49939230578782,3.071670564130307],[101.4993937969886,3.0716689927325636],[101.49939531538693,3.0716674475991939],[101.49939686052031,3.0716659292008601],[101.49939843191805,3.0716644380000813],[101.49940002910151,3.0716629744510917],[101.49940165158415,3.0716615389997024],[101.49940329887177,3.0716601320831662],[101.49940497046256,3.0716587541300431],[101.49940666584739,3.0716574055600709],[101.49940838450978,3.0716560867840372],[101.49941012592622,3.0716547982036544],[101.49941188956626,3.071653540211436],[101.49941367489268,3.0716523131905786],[101.49941548136167,3.0716511175148451],[101.49941730842292,3.0716499535484494],[101.49941915551993,3.071648821645947],[101.49942102209005,3.071647722152127],[101.49942290756468,3.0716466554019051],[101.49942481136951,3.0716456217202244],[101.4994267329246,3.0716446214219535],[101.49942867164465,3.071643654811794],[101.4994306269391,3.0716427221841838],[101.49943259821234,3.0716418238232106],[101.49943458486391,3.0716409600025245],[101.49943658628865,3.0716401309852523],[101.4994386018769,3.0716393370239223],[101.49944063101472,3.0716385783603815],[101.49944267308399,3.0716378552257266],[101.49944472746269,3.0716371678402319],[101.49944679352501,3.0716365164132808],[101.49944887064164,3.071635901143305],[101.49945095817986,3.0716353222177211],[101.49945305550378,3.071634779812876],[101.49945516197452,3.0716342740939915],[101.49945727695047,3.0716338052151135],[101.49945939978736,3.0716333733190684],[101.49946152983854,3.0716329785374148],[101.49946366645521,3.0716326209904077],[101.49946580898651,3.071632300786959],[101.49946795677981,3.0716320180246064],[101.49947010918089,3.0716317727894809],[101.49947226553408,3.0716315651562849],[101.49947442518254,3.0716313951882643],[101.49947658746844,3.0716312629371934],[101.49947875173311,3.0716311684433575],[101.49948091731729,3.0716311117355399],[101.49948308356133,3.0716310928310144],[101.49948524980537,3.0716311117355399],[101.49948741538955,3.0716311684433575],[101.49948957965422,3.0716312629371934],[101.49949174194012,3.0716313951882643],[101.49949390158858,3.0716315651562849],[101.49949605794177,3.0716317727894809],[101.49949821034285,3.0716320180246064],[101.49950035813615,3.071632300786959],[101.49950250066745,3.0716326209904077],[101.49950463728412,3.0716329785374148],[101.4995067673353,3.0716333733190684],[101.49950889017219,3.0716338052151135],[101.49951100514814,3.0716342740939915],[101.49951311161888,3.071634779812876],[101.4995152089428,3.0716353222177211],[101.49951729648102,3.071635901143305],[101.49951937359765,3.0716365164132808],[101.49952143965997,3.0716371678402319],[101.49952349403867,3.0716378552257266],[101.49952553610794,3.0716385783603815],[101.49952756524576,3.0716393370239223],[101.49952958083401,3.0716401309852523],[101.49953158225875,3.0716409600025245],[101.49953356891032,3.0716418238232106],[101.49953554018356,3.0716427221841838],[101.49953749547801,3.071643654811794],[101.49953943419806,3.0716446214219535],[101.49954135575315,3.0716456217202244],[101.49954325955798,3.0716466554019051],[101.49954514503261,3.071647722152127],[101.49954701160273,3.071648821645947],[101.49954885869974,3.0716499535484494],[101.49955068576099,3.0716511175148451],[101.49955249222998,3.0716523131905786],[101.4995542775564,3.071653540211436],[101.49955604119644,3.0716547982036544],[101.49955778261288,3.0716560867840372],[101.49955950127527,3.0716574055600709],[101.4995611966601,3.0716587541300431],[101.49956286825089,3.0716601320831662],[101.49956451553851,3.0716615389997024],[101.49956613802115,3.0716629744510917],[101.49956773520461,3.0716644380000813],[101.49956930660235,3.0716659292008601],[101.49957085173573,3.0716674475991939],[101.49957237013406,3.0716689927325636],[101.49957386133484,3.071670564130307],[101.49957532488382,3.071672161313761],[101.49957676033522,3.0716737837964083],[101.49957816725176,3.0716754310840244],[101.49957954520488,3.0716771026748297],[101.49958089377485,3.0716787980596418],[101.49958221255088,3.0716805167220298],[101.49958350113127,3.0716822581384724],[101.49958475912348,3.071684021778518],[101.49958598614434,3.0716858071049433],[101.49958718182008,3.0716876135739222],[101.49958834578646,3.0716894406351853],[101.49958947768897,3.0716912877321931],[101.49959057718279,3.0716931543023018],[101.49959164393302,3.0716950397769356],[101.4995926776147,3.0716969435817609],[101.49959367791297,3.0716988651368604],[101.49959464452313,3.0717008038569098],[101.49959557715073,3.0717027591513562],[101.49959647551171,3.0717047304245977],[101.4995973393324,3.0717067170761654],[101.49959816834966,3.0717087185009064],[101.499598962311,3.0717107340891672],[101.49959972097454,3.0717127632269796],[101.49960044410919,3.0717148052962493],[101.49960113149469,3.0717168596749418],[101.49960178292164,3.0717189257372732],[101.49960239819161,3.0717210028539017],[101.49960297711719,3.0717230903921169],[101.49960351952204,3.0717251877160341],[101.49960402524093,3.0717272941867888],[101.49960449411981,3.0717294091627294],[101.49960492601585,3.0717315319996135],[101.4996053207975,3.0717336620508044],[101.49960551854329,3.0717348437330219],[101.49961089348464,3.0717344770400592],[101.49969903575573,3.0716167912376475],[101.49971901039045,3.0716317514931144],[101.49962258914545,3.0717604912163821],[101.49961596752294,3.0717555318684053],[101.49961599758173,3.0717563707523667],[101.49961603526435,3.07175839360043],[101.49961603816995,3.0717604167973622],[101.49961600629764,3.0717624397453163],[101.49961593965688,3.0717644618465192],[101.49961583826732,3.0717664825034481],[101.49961570215893,3.0717685011190077],[101.49961558892461,3.0717704464367022],[101.49961544181916,3.0717723894866062],[101.49961526088723,3.0717743296790139],[101.49961504618371,3.0717762664250849],[101.49961479777377,3.0717781991370265],[101.49961451573283,3.0717801272282705],[101.49961420014645,3.0717820501136495],[101.49961385111042,3.0717839672095772],[101.49961346873067,3.0717858779342242],[101.49961305312327,3.0717877817076946],[101.49961260441434,3.0717896779522027],[101.49961212274005,3.0717915660922466],[101.4996116082466,3.0717934455547851],[101.49961106109014,3.0717953157694105],[101.4996104814367,3.0717971761685208],[101.49960986946225,3.0717990261874948],[101.49960922535249,3.0718008652648594],[101.49960854930289,3.0718026928424647],[101.49960784151867,3.0718045083656484],[101.49960710221461,3.0718063112834084],[101.49960633161508,3.0718081010485676],[101.49960552995398,3.071809877117941],[101.4996046974746,3.0718116389524996],[101.49960383442958,3.0718133860175358],[101.49960294108087,3.071815117782823],[101.49960201769957,3.0718168337227785],[101.49960106456594,3.0718185333166232],[101.49960008196926,3.0718202160485384],[101.49959907020772,3.0718218814078231],[101.49959802958841,3.0718235288890483],[101.49959696042714,3.0718251579922113],[101.49960745560507,3.0718308343823266],[101.4996231474282,3.0718021884584257],[101.49973319051117,3.0718684279840911],[101.49972304090642,3.071884987865507],[101.49974173754671,3.071891932331908],[101.4997008720329,3.0719835458694216],[101.49970995325819,3.0719875522923448],[101.49969980365346,3.0720094540709924],[101.49972063705265,3.0720209391500393],[101.49975015103487,3.0719733962646831],[101.49975662732264,3.0719774076756332],[101.49979071146714,3.0719212893366983],[101.4998263982709,3.0719429641438865]],[[101.49947824099783,3.0718878818775441],[101.49947665303885,3.0718875953383145],[101.49947507024059,3.0718872815421419],[101.49947466026626,3.071887192911861],[101.49947377462685,3.0718920658793381],[101.49952131751223,3.0719182411757697],[101.49956534097716,3.0718564978412624],[101.49956427968276,3.071857713313447],[101.49956319764951,3.0718589103608345],[101.49956209519719,3.0718600886296166],[101.49956097265168,3.0718612477715364],[101.49955983034475,3.0718623874439888],[101.49955866861404,3.0718635073101246],[101.4995574878029,3.0718646070389481],[101.49955628826037,3.0718656863054159],[101.49955507034096,3.0718667447905315],[101.49955383440467,3.0718677821814415],[101.4995525808168,3.0718687981715278],[101.49955130994786,3.0718697924604967],[101.49955002217348,3.0718707647544692],[101.49954871787429,3.0718717147660666],[101.49954739743579,3.0718726422144975],[101.49954606124827,3.0718735468256382],[101.49954470970664,3.0718744283321149],[101.49954334321041,3.0718752864733836],[101.49954196216343,3.0718761209958063],[101.49954056697392,3.0718769316527248],[101.49953915805423,3.0718777182045365],[101.49953773582082,3.0718784804187615],[101.49953630069403,3.0718792180701149],[101.49953485309804,3.0718799309405704],[101.49953339346074,3.0718806188194283],[101.49953192221351,3.0718812815033729],[101.49953043979122,3.0718819187965374],[101.49952894663203,3.0718825305105582],[101.49952744317726,3.0718831164646332],[101.49952592987128,3.0718836764855735],[101.49952440716139,3.071884210407855],[101.49952287549765,3.0718847180736684],[101.49952133533274,3.0718851993329634],[101.49951978712193,3.0718856540434967],[101.49951823132278,3.0718860820708702],[101.49951666839515,3.0718864832885728],[101.49951509880098,3.071886857578018],[101.49951352300421,3.0718872048285784],[101.49951194147059,3.0718875249376181],[101.49951035466755,3.0718878178105227],[101.49950876306411,3.0718880833607289],[101.4995071671307,3.0718883215097494],[101.49950556733901,3.0718885321871943],[101.4995039641619,3.071888715330795],[101.49950235807322,3.0718888708864198],[101.49950074954766,3.0718889988080913],[101.49949913906066,3.0718890990580006],[101.49949752708824,3.0718891716065171],[101.4994959141068,3.0718892164321976],[101.49949430059314,3.0718892335217931],[101.49949268702413,3.071889222870253],[101.49949107387668,3.0718891844807246],[101.49948946162762,3.0718891183645551],[101.49948785075344,3.0718890245412864],[101.49948624173028,3.0718889030386496],[101.49948463503371,3.0718887538925563],[101.49948303113862,3.0718885771470901],[101.49948143051907,3.0718883728544903],[101.49947983364814,3.0718881410751395],[101.49947824099783,3.0718878818775441]],[[101.49970514026687,3.0721472950177273],[101.49970453564576,3.0721474513833749],[101.4997039283878,3.0721475971731138],[101.49970331867793,3.0721477323425357],[101.49970270670191,3.0721478568504663],[101.49970209264612,3.0721479706589796],[101.49970147669762,3.0721480737334077],[101.49970085904404,3.072148166042354],[101.49970023987352,3.0721482475576996],[101.49969961937467,3.0721483182546145],[101.49969899773647,3.0721483781115633],[101.49969837514833,3.0721484271103137],[101.49969775179984,3.0721484652359399],[101.49969712788092,3.0721484924768281],[101.49969650358162,3.0721485088246814],[101.49969587909207,3.0721485142745188],[101.49969525460253,3.0721485088246814],[101.49969463030322,3.0721484924768281],[101.4996940063843,3.0721484652359399],[101.49969338303582,3.0721484271103137],[101.49969276044767,3.0721483781115633],[101.49969213880948,3.0721483182546145],[101.49969151831063,3.0721482475576996],[101.49969089914011,3.072148166042354],[101.49969028148652,3.0721480737334077],[101.49968966553803,3.0721479706589796],[101.49968905148224,3.0721478568504663],[101.49968843950622,3.0721477323425357],[101.49968782979634,3.0721475971731138],[101.49968722253838,3.0721474513833749],[101.49968661791728,3.0721472950177273],[101.49968601611722,3.072147128123802],[101.49968541732153,3.0721469507524359],[101.49968482171259,3.0721467629576589],[101.49968422947184,3.0721465647966744],[101.49968364077968,3.0721463563298443],[101.49968305581541,3.07214613762067],[101.49968247475725,3.0721459087357723],[101.49968189778218,3.0721456697448715],[101.49968132506595,3.0721454207207666],[101.49968075678301,3.072145161739313],[101.49968019310649,3.0721448928793986],[101.49967963420805,3.0721446142229212],[101.49967908025796,3.0721443258547616],[101.49967853142498,3.0721440278627599],[101.49967798787625,3.0721437203376878],[101.49967744977737,3.0721434033732198],[101.49967691729222,3.0721430770659066],[101.49967639058303,3.0721427415151443],[101.49967586981023,3.0721423968231449],[101.49967535513245,3.0721420430949058],[101.49967484670645,3.0721416804381749],[101.49967434468715,3.0721413089634217],[101.49967384922742,3.0721409287838006],[101.4996733604782,3.072140540015118],[101.49967287858837,3.0721401427757971],[101.49967240370471,3.0721397371868404],[101.49967193597189,3.0721393233717942],[101.49967147553237,3.0721389014567104],[101.49967102252641,3.0721384715701094],[101.499670577092,3.0721380338429376],[101.49967013936484,3.0721375884085318],[101.49966970947824,3.072137135402575],[101.49966928756315,3.0721366749630579],[101.49966887374811,3.0721362072302343],[101.49966846815916,3.0721357323465801],[101.49966807091982,3.0721352504567498],[101.49966768215114,3.0721347617075314],[101.49966730197153,3.0721342662478031],[101.49966693049677,3.0721337642284863],[101.49966656784004,3.0721332558025014],[101.4996662141118,3.0721327411247192],[101.4996658694198,3.0721322203519161],[101.49966553386903,3.0721316936427243],[101.49966520756173,3.0721311611575843],[101.49966489059726,3.0721306230586971],[101.49966458307219,3.0721300795099715],[101.49966428508019,3.0721295306769791],[101.49966399671203,3.0721289767268987],[101.49966371805554,3.0721284178284698],[101.49966344919564,3.0721278541519372],[101.49966319021418,3.0721272858690027],[101.49966294119008,3.0721267131527714],[101.49966270219917,3.072126136177697],[101.49966247331427,3.0721255551195328],[101.4996622546051,3.0721249701552744],[101.49966204613827,3.0721243814631074],[101.49966184797729,3.0721237892223527],[101.49966166018251,3.0721231936134137],[101.49966148281115,3.072122594817718],[101.49966131591722,3.0721219930176646],[101.49966115955158,3.0721213883965675],[101.49966101376184,3.0721207811386004],[101.49966087859241,3.0721201714287396],[101.49966075408449,3.0721195594527089],[101.49966064027596,3.0721189453969222],[101.49966053720154,3.0721183294484269],[101.4996604448926,3.0721177117948466],[101.49966036337725,3.0721170926243246],[101.49966029268033,3.0721164721254666],[101.49966023282339,3.0721158504872821],[101.49966018382463,3.0721152278991286],[101.49966014569901,3.0721146045506518],[101.49966011845812,3.0721139806317299],[101.49966010211027,3.0721133563324154],[101.49966009666043,3.0721127318428749],[101.49966010211027,3.0721121073533344],[101.49966011845812,3.0721114830540199],[101.49966014569901,3.0721108591350981],[101.49966018382463,3.0721102357866212],[101.49966023282339,3.0721096131984678],[101.49966029268033,3.0721089915602833],[101.49966036337725,3.0721083710614252],[101.4996604448926,3.0721077518909032],[101.49966053720154,3.072107134237323],[101.49966064027596,3.0721065182888276],[101.49966075408449,3.072105904233041],[101.49966087859241,3.0721052922570102],[101.49966101376184,3.0721046825471494],[101.49966115955158,3.0721040752891824],[101.49966131591722,3.0721034706680852],[101.49966148281115,3.0721028688680319],[101.49966166018251,3.0721022700723362],[101.49966184797729,3.0721016744633971],[101.49966204613827,3.0721010822226424],[101.4996622546051,3.0721004935304754],[101.49966247331427,3.0720999085662171],[101.49966270219917,3.0720993275080528],[101.49966294119008,3.0720987505329784],[101.49966319021418,3.0720981778167471],[101.49966344919564,3.0720976095338126],[101.49966371805554,3.0720970458572801],[101.49966399671203,3.0720964869588512],[101.49966428508019,3.0720959330087707],[101.49966458307219,3.0720953841757783],[101.49966489059726,3.0720948406270532],[101.49966520756173,3.0720943025281655],[101.49966553386903,3.0720937700430255],[101.4996658694198,3.0720932433338337],[101.4996662141118,3.0720927225610306],[101.49966656784004,3.0720922078832484],[101.49966693049677,3.0720916994572636],[101.49966730197153,3.0720911974379468],[101.49966768215114,3.0720907019782184],[101.49966807091982,3.072090213229],[101.49966846815916,3.0720897313391697],[101.49966887374811,3.0720892564555156],[101.49966928756315,3.072088788722692],[101.49966970947824,3.0720883282831748],[101.49967013936484,3.072087875277218],[101.499670577092,3.0720874298428122],[101.49967102252641,3.0720869921156404],[101.49967147553237,3.0720865622290394],[101.49967193597189,3.0720861403139557],[101.49967240370471,3.0720857264989094],[101.49967287858837,3.0720853209099528],[101.4996733604782,3.0720849236706318],[101.49967384922742,3.0720845349019492],[101.49967434468715,3.0720841547223281],[101.49967484670645,3.0720837832475749],[101.49967535513245,3.072083420590844],[101.49967586981023,3.0720830668626049],[101.49967639058303,3.0720827221706055],[101.49967691729222,3.0720823866198432],[101.49967744977737,3.0720820603125301],[101.49967798787625,3.0720817433480621],[101.49967853142498,3.07208143582299],[101.49967908025796,3.0720811378309882],[101.49967963420805,3.0720808494628287],[101.49968019310649,3.0720805708063512],[101.49968075678301,3.0720803019464369],[101.49968132506595,3.0720800429649833],[101.49968189778218,3.0720797939408784],[101.49968247475725,3.0720795549499775],[101.49968305581541,3.0720793260650798],[101.49968364077968,3.0720791073559055],[101.49968422947184,3.0720788988890755],[101.49968482171259,3.072078700728091],[101.49968541732153,3.0720785129333139],[101.49968601611722,3.0720783355619479],[101.49968661791728,3.0720781686680225],[101.49968722253838,3.072078012302375],[101.49968782979634,3.072077866512636],[101.49968832833949,3.0720777559882846],[101.49958963286214,3.0720170738521571],[101.49958502113837,3.0720243724200311],[101.49958053411771,3.0720317483087807],[101.49957617309622,3.0720391993879437],[101.49957193933351,3.0720467235053421],[101.4995678340525,3.0720543184877003],[101.49956385843895,3.0720619821412738],[101.49956001364117,3.0720697122524832],[101.49955630076973,3.0720775065885539],[101.49955272089701,3.0720853628981599],[101.49954927505708,3.072093278912075],[101.49954596424519,3.0721012523438276],[101.49954278941767,3.0721092808903618],[101.49953975149154,3.0721173622327025],[101.49953685134427,3.0721254940366243],[101.49953408981355,3.0721336739533274],[101.49953146769701,3.0721418996201133],[101.49952898575204,3.072150168661071],[101.49952664469551,3.0721584786877605],[101.49952444520363,3.0721668272999025],[101.49952238791171,3.0721752120860741],[101.49952047341395,3.0721836306244028],[101.49951870226337,3.0721920804832679],[101.49951707497155,3.0722005592220012],[101.49951559200849,3.0722090643915929],[101.49951425380254,3.0722175935354001],[101.49951306074026,3.0722261441898535],[101.49951201316621,3.0722347138851718],[101.49951111138301,3.0722433001460732],[101.49951035565111,3.0722519004924913],[101.49950974618881,3.072260512440292],[101.49950928317213,3.0722691335019885],[101.49950896673484,3.072277761187463],[101.4995087969683,3.0722863930046844],[101.49950877392156,3.0722950264604272],[101.4995088976013,3.0723036590609936],[101.49941855834147,3.0723025835936144],[101.49941835244312,3.0723282317882576],[101.49942636528897,3.0723282317882576],[101.49943517941939,3.0723287659779808],[101.49943513418835,3.0723290018825531],[101.49943509308038,3.0723292385404286],[101.49943505610803,3.0723294758795525],[101.49943502328253,3.07232971382766],[101.49943499461389,3.0723299523123013],[101.49943497011084,3.072330191260864],[101.49943494978085,3.0723304306005934],[101.49943493363008,3.0723306702586162],[101.49943492166348,3.0723309101619618],[101.49943491388467,3.0723311502375856],[101.49943491029605,3.0723313904123897],[101.49943491089866,3.0723316306132467],[101.49943491569236,3.0723318707670213],[101.49943492467568,3.0723321108005917],[101.49943493784588,3.0723323506408731],[101.49943495519895,3.0723325902148404],[101.49943497672962,3.0723328294495484],[101.49943500243131,3.0723330682721559],[101.49943503229622,3.0723333066099463],[101.49943506631523,3.0723335443903523],[101.49943510447801,3.0723337815409746],[101.49943514677292,3.0723340179896064],[101.49943519318708,3.0723342536642546],[101.49943524370639,3.0723344884931616],[101.49943529831542,3.0723347224048276],[101.49943535699758,3.0723349553280319],[101.49943541973499,3.0723351871918552],[101.49943548650855,3.0723354179256992],[101.49943555729793,3.0723356474593122],[101.49943563208156,3.0723358757228052],[101.49943571083669,3.0723361026466782],[101.49943579353933,3.0723363281618377],[101.49943588016433,3.0723365521996198],[101.49943597068525,3.0723367746918098],[101.49943606507459,3.0723369955706641],[101.49943616330359,3.0723372147689307],[101.49943626534233,3.0723374322198684],[101.49943637115975,3.0723376478572679],[101.49943648072363,3.0723378616154737],[101.49943659400061,3.0723380734294006],[101.49943671095622,3.0723382832345565],[101.49943683155482,3.0723384909670601],[101.49943695575969,3.0723386965636625],[101.49943708353304,3.0723388999617636],[101.49943721483594,3.0723391010994332],[101.49943734962842,3.0723392999154306],[101.49943748786944,3.0723394963492199],[101.49943762951692,3.0723396903409919],[101.49943777452772,3.0723398818316809],[101.49943792285768,3.0723400707629818],[101.49943807446165,3.0723402570773701],[101.49943822929347,3.0723404407181167],[101.49943838730599,3.0723406216293077],[101.4994385484511,3.0723407997558598],[101.49943871267973,3.0723409750435371],[101.49943887994189,3.0723411474389692],[101.49943905018665,3.0723413168896654],[101.49943922336216,3.0723414833440321],[101.49943939941571,3.0723416467513873],[101.49943957829369,3.0723418070619775],[101.49943975994162,3.0723419642269922],[101.49943994430421,3.0723421181985775],[101.49944013132533,3.0723422689298534],[101.49944032094803,3.0723424163749256],[101.49944051311455,3.0723425604889001],[101.49944070776642,3.0723427012278974],[101.49944090484436,3.0723428385490665],[101.49944110428835,3.0723429724105955],[101.49944130603767,3.0723431027717272],[101.49944151003091,3.0723432295927693],[101.49944171620592,3.0723433528351083],[101.49944192449998,3.0723434724612186],[101.49944213484962,3.0723435884346784],[101.49944234719081,3.0723437007201748],[101.49944256145889,3.0723438092835211],[101.49944277758864,3.0723439140916611],[101.49944299551424,3.0723440151126833],[101.49944321516935,3.0723441123158297],[101.49944343648707,3.0723442056715036],[101.49944365940003,3.0723442951512805],[101.49944388384034,3.072344380727916],[101.49944410973967,3.0723444623753542],[101.49944433702926,3.0723445400687353],[101.49944456563988,3.072344613784403],[101.49944479550193,3.0723446834999129],[101.49944502654542,3.0723447491940381],[101.49944525870001,3.0723448108467766],[101.49944549189502,3.0723448684393562],[101.49944572605943,3.0723449219542411],[101.49944596112195,3.0723449713751378],[101.49944619701101,3.0723450166869988],[101.4994464336548,3.0723450578760274],[101.49944667098124,3.0723450949296827],[101.49944690891809,3.072345127836682],[101.4994471473929,3.0723451565870072],[101.49944738633305,3.0723451811719031],[101.49944762566581,3.072345201583885],[101.49944786531827,3.0723452178167379],[101.49944810521751,3.0723452298655189],[101.49944834529046,3.0723452377265597],[101.49944858546402,3.0723452413974668],[101.49944882566507,3.0723452408771226],[101.49944906582047,3.0723452361656847],[101.4994493058571,3.0723452272645888],[101.49944954570188,3.0723452141765444],[101.49944978528178,3.0723451969055366],[101.49945002452385,3.0723451754568245],[101.49945026335524,3.0723451498369378],[101.49945050170325,3.072345120053678],[101.4994507394953,3.0723450861161128],[101.49945097665898,3.0723450480345758],[101.49945121312209,3.0723450058206621],[101.49945144881262,3.0723449594872241],[101.49945168365882,3.0723449090483701],[101.49945191758917,3.0723448545194572],[101.49945215053246,3.0723447959170884],[101.49945238241777,3.0723447332591061],[101.49945261317447,3.072344666564589],[101.49945284273231,3.0723445958538438],[101.49945307102142,3.0723445211484002],[101.49945329797225,3.072344442471004],[101.49945352351573,3.0723443598456113],[101.49945374758317,3.0723442732973791],[101.49945397010636,3.0723441828526594],[101.49945419101752,3.0723440885389905],[101.49945441024943,3.0723439903850891],[101.49945494443915,3.0723504006617666],[101.49945547862889,3.072358413507613],[101.49947524364863,3.0723581464127512],[101.49949020096089,3.0723581464127512],[101.49949073515062,3.0723680289226287],[101.49949126934033,3.0723792469068139],[101.49950034614305,3.072387748717603],[101.49950475936662,3.0723917552426356],[101.49969261409797,3.0721726106587441],[101.49969639997846,3.0721759003482183],[101.49969701916467,3.0721750242334926],[101.49969821909433,3.0721732630401331],[101.49969938862735,3.0721714815167016],[101.49970052741938,3.0721696801877618],[101.4997016351351,3.0721678595837081],[101.49970271144834,3.0721660202406103],[101.49970375604218,3.0721641627000564],[101.49970476860908,3.0721622875089927],[101.49970574885084,3.0721603952195613],[101.49970669647888,3.0721584863889406],[101.49970761121415,3.0721565615791788],[101.49970849278731,3.0721546213570283],[101.49970934093878,3.0721526662937806],[101.49971015541884,3.0721506969650973],[101.49971093598766,3.0721487139508392],[101.49971168241541,3.0721467178348982],[101.49971239448229,3.0721447092050229],[101.49971249026478,3.0721444235450996],[101.4997121239761,3.0721446142229212],[101.49971156507766,3.0721448928793986],[101.49971100140114,3.072145161739313],[101.4997104331182,3.0721454207207666],[101.49970986040196,3.0721456697448715],[101.4997092834269,3.0721459087357723],[101.49970870236874,3.07214613762067],[101.49970811740447,3.0721463563298443],[101.49970752871231,3.0721465647966744],[101.49970693647155,3.0721467629576589],[101.49970634086262,3.0721469507524359],[101.49970574206692,3.072147128123802],[101.49970514026687,3.0721472950177273]]]},"properties":{"FID":258,"id":0,"NAME":" ","Height":0}},{"type":"Feature","id":259,"geometry":{"type":"Polygon","coordinates":[[[101.49365029701347,3.0663121370463435],[101.4936739192247,3.0662781801176955],[101.49376606695193,3.066342282884468],[101.4937424447407,3.066376239813116],[101.49365029701347,3.0663121370463435]]]},"properties":{"FID":259,"id":0,"NAME":" ","Height":0}},{"type":"Feature","id":260,"geometry":{"type":"Polygon","coordinates":[[[101.49395208082016,3.0645250721014068],[101.4939769206423,3.0643239496706576],[101.49412656572652,3.0643424317328583],[101.49410172590439,3.0645435541636075],[101.49395208082016,3.0645250721014068]]]},"properties":{"FID":260,"id":0,"NAME":" ","Height":0}},{"type":"Feature","id":261,"geometry":{"type":"Polygon","coordinates":[[[101.49317010200905,3.0644943080740821],[101.49316852465692,3.0644745911725733],[101.49320858888616,3.0644713860342345],[101.4932102413748,3.0644920421421444],[101.49321419787825,3.0644918187911432],[101.49321477696853,3.0645020769617548],[101.49338897115523,3.0644925507171696],[101.49338925471602,3.0644977358289571],[101.49340849367988,3.0644966836981209],[101.49340867421256,3.0644999848672057],[101.49341822496562,3.0644991805932631],[101.49341982753479,3.0645182111021487],[101.49340971751907,3.0645190624718941],[101.49341435397382,3.0646038433586011],[101.49349445741809,3.0645998247911623],[101.49349254411084,3.064575002147087],[101.49351373889412,3.0645733684721015],[101.49351944804681,3.0646474372158967],[101.49349825326352,3.0646490708908822],[101.4934964000726,3.0646250281770802],[101.49339649012127,3.0646300403819966],[101.49314007905417,3.0646440628622282],[101.49313956678877,3.0646346957235484],[101.49305524304877,3.064639755957586],[101.4930551476758,3.0646381666625304],[101.49303551141585,3.0646391049138599],[101.49303518014864,3.0646321719641918],[101.49296500429996,3.0646369927398838],[101.49296139259178,3.0645844172409569],[101.49299151700038,3.0645823478250618],[101.49298953771282,3.0645494612009512],[101.49303280708038,3.064546857026051],[101.49303476429645,3.0645793769238527],[101.49305155052747,3.0645782237827652],[101.49304768531664,3.0645138139092887],[101.49313267714051,3.0645087135838045],[101.49313256008813,3.0645065731974013],[101.49316509239205,3.0645047940870302],[101.493164518234,3.0644946232871897],[101.49317010200905,3.0644943080740821]]]},"properties":{"FID":261,"id":0,"NAME":" ","Height":0}},{"type":"Feature","id":262,"geometry":{"type":"MultiPolygon","coordinates":[[[[101.49418501513712,3.0656066271415425],[101.49392435142822,3.0656207535824178],[101.49392117380027,3.0655621194018079],[101.49386719077188,3.0655652082510705],[101.49386367938122,3.0655038405747943],[101.49344201204823,3.0655279679138743],[101.49343871492013,3.0654703448495373],[101.49342713925662,3.0654709384733079],[101.49342593732975,3.0654475008992064],[101.49343737425514,3.0654469143902117],[101.49343475146017,3.0654010764735844],[101.4934371837319,3.0654009373016828],[101.49343635402937,3.0653874546356468],[101.49374885501737,3.0653682238056148],[101.49374976749726,3.0653830516038636],[101.49382682445517,3.0653786424898382],[101.49382626787427,3.0653694226061328],[101.4938069481498,3.0653706276593691],[101.49380138505803,3.0652814387365073],[101.49379601864244,3.0652818491613836],[101.4937956050322,3.0652764410963647],[101.49378891924661,3.0652768773629613],[101.49378123513888,3.0651591184121068],[101.49378660536205,3.0651587679897148],[101.49377573928778,3.0650166911477714],[101.49359323075106,3.0649956526997344],[101.49359885861884,3.0649419833693536],[101.49353330115473,3.0649248441630532],[101.49354572937517,3.065127838430215],[101.4930745740394,3.0651566846752627],[101.49304526846844,3.0646780270161611],[101.49351642380421,3.0646491807711134],[101.49353051795332,3.0648793852065772],[101.49360342406888,3.0648984456289434],[101.49364188352531,3.0645316826992288],[101.49410151774774,3.0645798808155695],[101.49408158375397,3.0647699784048301],[101.49424284696381,3.0647576449521026],[101.49425565221848,3.0649250770991547],[101.49428030701817,3.0649237111822734],[101.49428300340126,3.0649723808970104],[101.49440618231854,3.0649632151336554],[101.49439829617329,3.064847989789024],[101.49445368907895,3.0648441986395909],[101.49444917774441,3.0647590472001269],[101.49452730000041,3.0647549082726626],[101.4945307798629,3.0648205906772419],[101.49453265995653,3.0648236732361687],[101.49453475026134,3.0648272381174313],[101.49453677841518,3.064830838720797],[101.49453874380778,3.0648344739628208],[101.49454064584772,3.064838142749633],[101.49454248396268,3.0648418439772711],[101.49454425759954,3.0648455765320111],[101.49454596622462,3.064849339290701],[101.49454760932377,3.0648531311211027],[101.49454918640258,3.0648569508822274],[101.49455069698648,3.064860797424684],[101.49455214062095,3.0648646695910218],[101.49455351687158,3.0648685662160791],[101.49455482532423,3.064872486127336],[101.4945560655852,3.0648764281452641],[101.49455723728127,3.0648803910836837],[101.49455834005988,3.0648843737501195],[101.49455937358921,3.0648883749461611],[101.49456033755823,3.0648923934678205],[101.4945612316769,3.0648964281058984],[101.49456205567617,3.064900477646344],[101.49456280930809,3.0649045408706237],[101.49456349234589,3.0649086165560857],[101.49456410458403,3.0649127034763288],[101.49456464583828,3.0649168004015706],[101.4945651159458,3.0649209060990192],[101.4945655147651,3.0649250193332422],[101.4945658421762,3.0649291388665398],[101.49456609808057,3.0649332634593165],[101.49456628240119,3.0649373918704543],[101.49456639508261,3.0649415228576862],[101.49456643609093,3.0649456551779704],[101.49456640541381,3.0649497875878642],[101.49456630306045,3.0649539188438966],[101.4945661290617,3.0649580477029454],[101.49456588346987,3.0649621729226091],[101.4945655663589,3.0649662932615809],[101.49456517782419,3.0649704074800228],[101.49456471798264,3.0649745143399389],[101.49456418697264,3.0649786126055472],[101.49456358495398,3.0649827010436521],[101.49456291210778,3.0649867784240143],[101.49456216863653,3.0649908435197233],[101.49456135476396,3.0649948951075636],[101.49456047073492,3.0649989319683852],[101.49455951681547,3.06500295288747],[101.49455849329263,3.0650069566548952],[101.49455740047438,3.0650109420659009],[101.49455623868955,3.0650149079212499],[101.49455500828776,3.0650188530275893],[101.49455370963921,3.0650227761978095],[101.4945523431347,3.0650266762514029],[101.49455200629079,3.0650271824068436],[101.49455167822391,3.0650276942947969],[101.4945513590316,3.0650282117630785],[101.49455104880876,3.0650287346578473],[101.49455074764761,3.0650292628236477],[101.49455045563768,3.0650297961034574],[101.49455017286579,3.0650303343387346],[101.49454989941601,3.0650308773694626],[101.49454963536964,3.0650314250342001],[101.49454938080517,3.0650319771701278],[101.49454913579828,3.0650325336130977],[101.49454890042182,3.06503309419768],[101.49454867474576,3.0650336587572156],[101.4945484588372,3.0650342271238618],[101.49454825276031,3.0650347991286444],[101.49454805657639,3.0650353746015089],[101.49454787034372,3.0650359533713685],[101.49454769411771,3.0650365352661564],[101.49454752795073,3.0650371201128768],[101.49454737189218,3.0650377077376563],[101.49454722598846,3.0650382979657964],[101.49454709028295,3.0650388906218229],[101.49454696481598,3.0650394855295415],[101.49454684962487,3.065040082512088],[101.49454674474386,3.0650406813919804],[101.49454665020413,3.0650412819911739],[101.49454656603378,3.0650418841311118],[101.49454649225784,3.0650424876327795],[101.49454642889823,3.065043092316758],[101.49454637597381,3.0650436980032763],[101.49454633350031,3.0650443045122655],[101.49454624697893,3.0650459811234572],[101.49454618798569,3.0650476589288203],[101.49454615653652,3.0650493374764025],[101.49454615263986,3.0650510163140523],[101.49454617629675,3.0650526949895389],[101.49454622750086,3.0650543730506752],[101.49454630623836,3.0650560500454405],[101.49454641248806,3.0650577255221005],[101.49454654622134,3.0650593990293307],[101.49454670740216,3.0650610701163363],[101.49454689598711,3.0650627383329749],[101.4945471119254,3.0650644032298766],[101.49454735515886,3.0650660643585672],[101.49454762562195,3.0650677212715856],[101.49454792324184,3.0650693735226078],[101.49455753865685,3.0651959764869838],[101.49448142944894,3.0652017569331509],[101.49447516645736,3.0651192942106227],[101.49440390516537,3.0651240323284381],[101.49439889713672,3.06504871157748],[101.4944119742773,3.0650478420867504],[101.49440947436307,3.065011315562205],[101.49428567081993,3.0650205278040721],[101.49428831986403,3.0650683430498042],[101.49426670083879,3.065069540779735],[101.49426701868863,3.0650736967518175],[101.49430013881164,3.0650717485092893],[101.49430975422665,3.0652352105645595],[101.49430305417906,3.065235604685006],[101.49430494651914,3.065267261947946],[101.49413094422786,3.0652776630843594],[101.49413226969115,3.0652997139736247],[101.49412329244855,3.0653002535893004],[101.49412505812988,3.0653322661598783],[101.49411046049833,3.0653330713050178],[101.49411179552811,3.0653623367597835],[101.49433133130671,3.0653497751649996],[101.49433001243398,3.065326725563736],[101.49463776331818,3.0653091163980397],[101.49463908219091,3.0653321659993029],[101.49464121878916,3.0653695067802613],[101.49465831302095,3.0653685743676173],[101.49465951494783,3.0653906096936954],[101.49464247944289,3.0653915389030564],[101.49464634277898,3.0654590574395928],[101.49423611188656,3.0654825303981745],[101.49423962327722,3.0655438980744507],[101.49418179491198,3.0655472069496406],[101.49418501513712,3.0656066271415425]],[[101.49454177753354,3.0650698402852634],[101.49454792324184,3.0650693735226078],[101.49453990028105,3.065041994373443],[101.49454177753354,3.0650698402852634]],[[101.49391098721679,3.065290811203619],[101.49391098721593,3.0652908111891],[101.49390992486803,3.065273137583274],[101.49384965747551,3.0652777468493144],[101.49385564872485,3.065376993196963],[101.49396140504952,3.0653709419368687],[101.49395863190212,3.0653101512177741],[101.49391231707266,3.0653129351692714],[101.49391098721679,3.0652908112036186],[101.49391098721679,3.065290811203619]],[[101.49371810572143,3.0648904578720102],[101.4938815677767,3.0649080861328737],[101.49389839475297,3.0651468689391019],[101.49390961273716,3.0651460676545184],[101.4941524019663,3.0651300419628251],[101.49413797884378,3.064876836034073],[101.49395288210474,3.0648888553028431],[101.49397451678851,3.0646893354412623],[101.49374775325104,3.064661290480799],[101.49371810572143,3.0648904578720102]],[[101.49343685483221,3.0650358910241273],[101.49342002785593,3.0647674606882664],[101.49316121293509,3.0647858902337135],[101.49317803991137,3.0650535192849895],[101.49343685483221,3.0650358910241273]]],[[[101.49379723257417,3.0653093293886431],[101.49380003174507,3.065346518373401],[101.49374414214527,3.0653507251174701],[101.49374134297437,3.0653135361327122],[101.49379723257417,3.0653093293886431]]]]},"properties":{"FID":262,"id":0,"NAME":" ","Height":0}},{"type":"Feature","id":263,"geometry":{"type":"Polygon","coordinates":[[[101.49334100116378,3.0652260458721221],[101.49335055177598,3.0652508774638125],[101.49337745961238,3.0652408696369386],[101.49341992769537,3.0653550526902524],[101.49339428706168,3.0653645892066472],[101.49340375529125,3.0653892066035699],[101.49322667139803,3.0654573157932661],[101.49316391727056,3.0652941550618182],[101.49334100116378,3.0652260458721221]]]},"properties":{"FID":263,"id":0,"NAME":" ","Height":0}},{"type":"Feature","id":264,"geometry":{"type":"Polygon","coordinates":[[[101.49393996139081,3.0650822152891761],[101.49396359928605,3.0650531687229825],[101.49399206491262,3.0650763338535603],[101.49396842701738,3.0651053804197539],[101.49393996139081,3.0650822152891761]]]},"properties":{"FID":264,"id":0,"NAME":" ","Height":0}},{"type":"Feature","id":265,"geometry":{"type":"Polygon","coordinates":[[[101.4940397213216,3.0649568142516777],[101.4940609553631,3.0649311731449687],[101.49409717795587,3.0649611699796111],[101.49407594391437,3.0649868110863201],[101.4940397213216,3.0649568142516777]]]},"properties":{"FID":265,"id":0,"NAME":" ","Height":0}},{"type":"Feature","id":266,"geometry":{"type":"Polygon","coordinates":[[[101.49318915773499,3.0649948752694485],[101.49321640141086,3.0649632245283542],[101.49324839405014,3.0649907624963406],[101.49322115037427,3.0650224132374349],[101.49318915773499,3.0649948752694485]]]},"properties":{"FID":266,"id":0,"NAME":" ","Height":0}},{"type":"Feature","id":267,"geometry":{"type":"Polygon","coordinates":[[[101.49262504304687,3.0648706034146915],[101.49273947916193,3.0648543735619138],[101.49277409232012,3.0648494421173327],[101.49278883379715,3.0649529105975826],[101.49279025324743,3.0649624558864921],[101.49275554000354,3.0649676179852605],[101.49278423131027,3.0651699193691657],[101.49278541914178,3.0651702284635522],[101.49278682686385,3.0651706205069837],[101.49278822770108,3.0651710364811007],[101.49278962124673,3.0651714762651117],[101.49279100709612,3.0651719397313104],[101.49279238484682,3.0651724267451144],[101.49279375409876,3.0651729371651024],[101.49279511445434,3.0651734708430576],[101.49279646551851,3.0651740276240087],[101.49279780689898,3.0651746073462758],[101.49279913820619,3.0651752098415175],[101.4928004590536,3.0651758349347786],[101.49280176905762,3.0651764824445431],[101.49280306783787,3.0651771521827853],[101.4928043550172,3.0651778439550235],[101.49280563022182,3.0651785575603792],[101.49280689308145,3.0651792927916333],[101.49280814322937,3.0651800494352872],[101.49280938030256,3.0651808272716239],[101.49281060394179,3.0651816260747724],[101.49281181379175,3.0651824456127748],[101.49281300950111,3.0651832856476497],[101.49281419072264,3.0651841459354663],[101.49281535711334,3.0651850262264104],[101.49281650833454,3.0651859262648609],[101.49281764405191,3.0651868457894613],[101.49281876393567,3.0651877845331996],[101.49281974160567,3.0651888187988168],[101.49282070122642,3.0651898698325883],[101.49282164251039,3.0651909373195765],[101.49282256517553,3.0651920209399135],[101.49282346894535,3.0651931203688965],[101.49282435354905,3.0651942352770862],[101.49282521872156,3.0651953653304047],[101.49282606420364,3.0651965101902365],[101.49282688974195,3.0651976695135286],[101.4928276950891,3.0651988429528947],[101.49282848000378,3.0652000301567184],[101.49282924425081,3.0652012307692593],[101.49282998760116,3.0652024444307577],[101.49283070983211,3.0652036707775463],[101.49283141072723,3.0652049094421541],[101.4928320900765,3.0652061600534206],[101.49283274767637,3.0652074222366057],[101.4928333833298,3.0652086956135007],[101.49283399684629,3.0652099798025438],[101.49283458804202,3.0652112744189326],[101.49283515673983,3.0652125790747409],[101.49283570276933,3.0652138933790338],[101.49283622596688,3.0652152169379852],[101.49283672617572,3.0652165493549965],[101.49283720324598,3.0652178902308136],[101.49283765703468,3.0652192391636492],[101.49283808740586,3.0652205957493011],[101.49283849423055,3.0652219595812733],[101.49283887738687,3.0652233302508995],[101.49283923675998,3.0652247073474639],[101.49283957224222,3.0652260904583257],[101.49283988373304,3.0652274791690406],[101.49284017113911,3.0652288730634876],[101.49284043437433,3.0652302717239914],[101.49284067335979,3.0652316747314496],[101.49284088802391,3.0652330816654563],[101.49284107830235,3.0652344921044299],[101.49284124413811,3.0652359056257374],[101.49284138548147,3.0652373218058235],[101.49284150229009,3.0652387402203356],[101.49284159452897,3.0652401604442514],[101.49284166217048,3.065241582052006],[101.49284170519434,3.0652430046176216],[101.49284172358766,3.0652444277148314],[101.49284171734493,3.06524585091721],[101.49284168646803,3.0652472737983012],[101.4928416309662,3.0652486959317438],[101.49284155085607,3.0652501168914017],[101.49284144616165,3.0652515362514903],[101.49284131691429,3.0652529535867035],[101.49284116315276,3.0652543684723428],[101.49284098492311,3.0652557804844442],[101.49284078227875,3.0652571891999028],[101.4928405552804,3.0652585941966035],[101.49284030399606,3.0652599950535451],[101.49284002850106,3.0652613913509654],[101.49283972887794,3.0652627826704704],[101.49283940521647,3.0652641685951565],[101.49283905761364,3.0652655487097373],[101.49283868617361,3.0652669226006668],[101.49283829100767,3.0652682898562644],[101.49283787223426,3.0652696500668375],[101.49283742997882,3.065271002824804],[101.49283696437391,3.0652723477248163],[101.49283647555902,3.0652736843638801],[101.49283596368063,3.0652750123414769],[101.49283542889212,3.065276331259684],[101.49283487135375,3.0652776407232927],[101.49283429123257,3.065278940339927],[101.4928336887024,3.0652802297201629],[101.49283306394382,3.0652815084776424],[101.49283249872147,3.0652826163343665],[101.49302743253665,3.0655102180653651],[101.4930791814257,3.0654648286783472],[101.49317333236441,3.0655705982435224],[101.49311850312834,3.0656194045710885],[101.49307863592138,3.0655746175811447],[101.49296710357328,3.0656724435442997],[101.49291291487438,3.0656106624727553],[101.49294769582859,3.0655801558044828],[101.49274880934375,3.0653479389970522],[101.49274762223294,3.0653479942301134],[101.49274635769463,3.0653480309781207],[101.49274509270774,3.0653480456661715],[101.49274382765708,3.0653480382897977],[101.49274256292749,3.0653480088512435],[101.4927412989037,3.0653479573594637],[101.4927400359702,3.0653478838301225],[101.49273877451121,3.0653477882855866],[101.49273751491043,3.0653476707549219],[101.49273625755106,3.06534753127388],[101.49273500281556,3.0653473698848916],[101.49273375108564,3.0653471866370512],[101.49273250274207,3.0653469815861021],[101.49273125816458,3.0653467547944206],[101.4927300177318,3.0653465063309975],[101.49272878182106,3.0653462362714139],[101.4927275508083,3.0653459446978233],[101.49272632506801,3.0653456316989209],[101.49272510497306,3.0653452973699209],[101.4927238908946,3.0653449418125267],[101.49272268320196,3.0653445651348981],[101.4927214822625,3.0653441674516202],[101.49272028844156,3.0653437488836679],[101.4927191021023,3.0653433095583695],[101.4927179236056,3.0653428496093675],[101.49271675330995,3.065342369176578],[101.49271559157137,3.0653418684061484],[101.49271443874323,3.0653413474504121],[101.49271329517626,3.0653408064678445],[101.49271216121831,3.0653402456230112],[101.49271103721433,3.0653396650865217],[101.49270992350624,3.0653390650349741],[101.49270882043284,3.0653384456509039],[101.49270772832966,3.0653378071227273],[101.49270664752895,3.0653371496446842],[101.49270557835946,3.0653364734167785],[101.49270452114645,3.0653357786447195],[101.49270347621152,3.065335065539855],[101.49270244387253,3.065334334319112],[101.49270142444352,3.0653335852049266],[101.49270041823461,3.0653328184251794],[101.49269942555188,3.0653320342131241],[101.49269844669729,3.0653312328073175],[101.49269748196862,3.0653304144515463],[101.49269653165935,3.0653295793947546],[101.49269559605854,3.0653287278909653],[101.49269467545082,3.0653278601992056],[101.49269377011623,3.0653269765834268],[101.49269288033017,3.0653260773124242],[101.49269200636333,3.0653251626597555],[101.49269114848153,3.0653242329036572],[101.49269030694578,3.0653232883269608],[101.49268948201204,3.0653223292170053],[101.49268867393128,3.0653213558655521],[101.49268788294931,3.0653203685686932],[101.49268710930676,3.0653193676267643],[101.49268635323894,3.0653183533442507],[101.49268561497585,3.0653173260296973],[101.4926848947421,3.0653162859956118],[101.49268419275676,3.0653152335583718],[101.49268350923337,3.0653141690381283],[101.49268284437987,3.0653130927587076],[101.49268219839851,3.0653120050475131],[101.49268157148579,3.0653109062354256],[101.49268096383241,3.0653097966567033],[101.49268037562324,3.0653086766488795],[101.49267980703718,3.0653075465526594],[101.49267925824722,3.0653064067118176],[101.49267872942029,3.065305257473093],[101.49267822071727,3.0653040991860832],[101.49267773229289,3.0653029322031382],[101.49267726429575,3.0653017568792533],[101.49267681686818,3.0653005735719616],[101.49267639014633,3.0652993826412245],[101.49267598425998,3.0652981844493219],[101.49267559933261,3.0652969793607427],[101.49267523548131,3.0652957677420751],[101.49267489281677,3.0652945499618918],[101.49267462035475,3.0652935126123748],[101.49267443283064,3.0652935390738674],[101.49262388842267,3.0653020418714694],[101.4926260549931,3.0653157897456023],[101.49234640667305,3.0653598603977588],[101.49233024606777,3.0652573140114741],[101.49238116206483,3.0652492900004762],[101.49237611004831,3.0652148444333518],[101.49246625456408,3.0652016232377051],[101.49247116538335,3.0652351060964094],[101.4925962954899,3.0652153864521101],[101.49259580312035,3.0652124595886279],[101.49266143377226,3.065201418918214],[101.49264838412644,3.0651089402656209],[101.49265863880349,3.0651074859004606],[101.49264121328052,3.0649846191574333],[101.49241845720016,3.0650177445228333],[101.49240349819971,3.0649171506647366],[101.49262693230024,3.0648839244730608],[101.49262504304687,3.0648706034146915]]]},"properties":{"FID":267,"id":0,"NAME":" ","Height":0}},{"type":"Feature","id":268,"geometry":{"type":"Polygon","coordinates":[[[101.49505875499213,3.0660215211435387],[101.49509321022927,3.0660571783075556],[101.49506845781613,3.0660810963696976],[101.49503400257899,3.0660454392056806],[101.49505875499213,3.0660215211435387]]]},"properties":{"FID":268,"id":0,"NAME":" ","Height":0}},{"type":"Feature","id":269,"geometry":{"type":"Polygon","coordinates":[[[101.49503030938936,3.0659682357186586],[101.49506960608811,3.0659309857229715],[101.49510606453671,3.065969447383035],[101.49506676783797,3.0660066973787221],[101.49503030938936,3.0659682357186586]]]},"properties":{"FID":269,"id":0,"NAME":" ","Height":0}},{"type":"Feature","id":270,"geometry":{"type":"Polygon","coordinates":[[[101.49515130336164,3.0656509270231345],[101.49515691235372,3.0655627857188219],[101.4952436845208,3.0655683075839906],[101.49523807552872,3.0656564488883031],[101.49515130336164,3.0656509270231345]]]},"properties":{"FID":270,"id":0,"NAME":" ","Height":0}},{"type":"Feature","id":271,"geometry":{"type":"Polygon","coordinates":[[[101.49510563014029,3.065551167092345],[101.4951160468399,3.0653909101754131],[101.49514527591899,3.0653928100655552],[101.49513485921938,3.0655530669824871],[101.49510563014029,3.065551167092345]]]},"properties":{"FID":271,"id":0,"NAME":" ","Height":0}},{"type":"Feature","id":272,"geometry":{"type":"Polygon","coordinates":[[[101.49549715782045,3.0659641291351627],[101.49546064314028,3.0659335188161014],[101.49583243918755,3.0654900077984921],[101.49586895386773,3.0655206181175534],[101.49549715782045,3.0659641291351627]]]},"properties":{"FID":272,"id":0,"NAME":" ","Height":0}},{"type":"Feature","id":273,"geometry":{"type":"Polygon","coordinates":[[[101.49536093944104,3.0654452973665944],[101.49533415566694,3.0654215314825271],[101.49535939613136,3.0653930858797716],[101.49538617990547,3.0654168517638389],[101.49536093944104,3.0654452973665944]]]},"properties":{"FID":273,"id":0,"NAME":" ","Height":0}},{"type":"Feature","id":274,"geometry":{"type":"Polygon","coordinates":[[[101.49578962669385,3.0664396915361558],[101.49588938662464,3.0665230251329607],[101.49582887425179,3.0665954654254644],[101.49572911432099,3.0665121318286594],[101.49578962669385,3.0664396915361558]]]},"properties":{"FID":274,"id":0,"NAME":" ","Height":0}},{"type":"Feature","id":275,"geometry":{"type":"Polygon","coordinates":[[[101.49581326458903,3.0651692548271785],[101.49594187076488,3.0652918513686318],[101.49590426674784,3.0653312987198467],[101.49577566057199,3.0652087021783934],[101.49581326458903,3.0651692548271785]]]},"properties":{"FID":275,"id":0,"NAME":" ","Height":0}},{"type":"Feature","id":276,"geometry":{"type":"Polygon","coordinates":[]},"properties":{"FID":276,"id":0,"NAME":" ","Height":0}},{"type":"Feature","id":277,"geometry":{"type":"Polygon","coordinates":[[[101.49593726337847,3.0652693152396879],[101.49589062040737,3.0652267122109751],[101.49593709491327,3.0651758306398493],[101.49598373788437,3.0652184336685622],[101.49593726337847,3.0652693152396879]]]},"properties":{"FID":277,"id":0,"NAME":" ","Height":0}},{"type":"Feature","id":278,"geometry":{"type":"Polygon","coordinates":[[[101.49657904225049,3.0659596719896585],[101.49634907357469,3.065767363689341],[101.49641363815202,3.0656901552156124],[101.49649649969408,3.0657594470974661],[101.4965469908671,3.0656976519304751],[101.49661269620304,3.0657513379976473],[101.49656159382144,3.0658138812109477],[101.49664360682782,3.0658824635159299],[101.49657904225049,3.0659596719896585]]]},"properties":{"FID":278,"id":0,"NAME":" ","Height":0}},{"type":"Feature","id":279,"geometry":{"type":"Polygon","coordinates":[[[101.4960494432203,3.0652821357930429],[101.49606983439921,3.0653073724006119],[101.49608805512122,3.0652926025729297],[101.49610948948386,3.0653190449642236],[101.49609122712334,3.0653338485443351],[101.49609307926072,3.0653361407935664],[101.4960179588309,3.0653968381008543],[101.49597432279049,3.0653428331003307],[101.4960494432203,3.0652821357930429]]]},"properties":{"FID":279,"id":0,"NAME":" ","Height":0}},{"type":"Feature","id":280,"geometry":{"type":"MultiPolygon","coordinates":[[[[101.49593105342292,3.065174563337552],[101.49588241597903,3.0652265286065523],[101.49580108559368,3.0651504065710098],[101.49584972303758,3.0650984413020095],[101.49593105342292,3.065174563337552]]],[[[101.49583213480828,3.0651104437645511],[101.49583552197356,3.0651136140177693],[101.49580108559368,3.0651504065710098],[101.4957976984284,3.0651472363177916],[101.49583213480828,3.0651104437645511]]],[[[101.49583067457753,3.0651120039058202],[101.49579952577812,3.0651452839388766],[101.49578558345746,3.0651322344761915],[101.49581673225687,3.0650989544431351],[101.49583067457753,3.0651120039058202]]]]},"properties":{"FID":280,"id":0,"NAME":" ","Height":0}},{"type":"Feature","id":281,"geometry":{"type":"Polygon","coordinates":[[[101.49571393954365,3.0654271538052251],[101.49579283183218,3.0654941757262599],[101.49564579611089,3.0656672531965463],[101.49556690382236,3.0656002312755115],[101.49559247185856,3.0655701348405406],[101.49535332723751,3.0653619637697904],[101.49544396641569,3.0652578384855191],[101.49547920008681,3.0652173624342822],[101.49555528837033,3.065283595910008],[101.49552005469921,3.0653240719612418],[101.49556612892884,3.0653641787454671],[101.49557456356585,3.0653544160526089],[101.49559266310631,3.0653700534444761],[101.49563057170378,3.0653251046788959],[101.49566382501405,3.0653531496393587],[101.49562558232701,3.0653984945397137],[101.49564341340601,3.0654138999899505],[101.495634978769,3.0654236626828086],[101.4956347575566,3.0654239187256715],[101.49568185729464,3.0654649181964304],[101.49571393954365,3.0654271538052251]]]},"properties":{"FID":281,"id":0,"NAME":" ","Height":0}},{"type":"Feature","id":282,"geometry":{"type":"Polygon","coordinates":[[[101.49524581172011,3.0659325174387693],[101.49519661627335,3.0658915925308849],[101.49518736116795,3.0659025303827168],[101.49516652776876,3.0658849021218542],[101.49517563524151,3.0658741387449742],[101.49510759012927,3.0658175331008706],[101.49516853098022,3.0657442766772465],[101.49530675257107,3.0658592610151452],[101.49524581172011,3.0659325174387693]]]},"properties":{"FID":282,"id":0,"NAME":" ","Height":0}},{"type":"Feature","id":283,"geometry":{"type":"Polygon","coordinates":[[[101.49542371669401,3.0659444387749546],[101.49543425698057,3.0659535121144166],[101.49536734971775,3.0660312367191285],[101.49532613076742,3.0659957544268344],[101.49532433085821,3.0659978453393277],[101.4952884684037,3.0659669740511717],[101.49529026831291,3.0659648831386765],[101.49535717557573,3.0658871585339647],[101.49540210766533,3.0659258371884128],[101.4954114203699,3.0659156514177912],[101.49543245409025,3.0659348822478232],[101.49542371669401,3.0659444387749546]]]},"properties":{"FID":283,"id":0,"NAME":" ","Height":0}},{"type":"Feature","id":284,"geometry":{"type":"Polygon","coordinates":[[[101.49522462090111,3.06553053401429],[101.49514268955234,3.0655275291970971],[101.49514567690943,3.0654460739271694],[101.49514893411553,3.0654461933846058],[101.49515373740969,3.0653735897459469],[101.49520358718077,3.065376887695181],[101.4951988808845,3.0654480251731995],[101.4952276082582,3.0654490787443622],[101.49522462090111,3.06553053401429]]]},"properties":{"FID":284,"id":0,"NAME":" ","Height":0}},{"type":"Feature","id":285,"geometry":{"type":"Polygon","coordinates":[[[101.49516869691821,3.0656775608297053],[101.49516594429709,3.0656847482293159],[101.49517654382606,3.0656889880409053],[101.49516292198813,3.0657230426357533],[101.49515282511,3.0657190038845021],[101.49513985067317,3.0657528815806634],[101.49510482885574,3.0657394689697388],[101.49513367510079,3.0656641482187807],[101.49516869691821,3.0656775608297053]]]},"properties":{"FID":285,"id":0,"NAME":" ","Height":0}},{"type":"Feature","id":286,"geometry":{"type":"Polygon","coordinates":[[[101.49595644412825,3.0649491519678298],[101.4960389030786,3.0649693433379706],[101.4960362878017,3.0649800237913887],[101.49611691476264,3.0649995130899055],[101.49612618076046,3.0649625751666845],[101.49614002138269,3.0649074009855544],[101.4962145809116,3.0649261044851364],[101.49620074028937,3.064981278666266],[101.49623118458024,3.0649889157153445],[101.49617229016324,3.0652236920986491],[101.49606728634346,3.0651973515499891],[101.49606972481591,3.0651876308366726],[101.49606071128484,3.0651854307597324],[101.49607820324609,3.0651137676586129],[101.49592539435061,3.0650759552533517],[101.49595644412825,3.0649491519678298]]]},"properties":{"FID":286,"id":0,"NAME":" ","Height":0}},{"type":"Feature","id":287,"geometry":{"type":"Polygon","coordinates":[[[101.49579017757692,3.0649252135908651],[101.49579660689966,3.0648693064366661],[101.49587673535812,3.0648785212093896],[101.49587030603539,3.0649344283635886],[101.49579017757692,3.0649252135908651]]]},"properties":{"FID":287,"id":0,"NAME":" ","Height":0}},{"type":"Feature","id":288,"geometry":{"type":"Polygon","coordinates":[[[101.49627014704311,3.0678106393802231],[101.49620821143635,3.0678240096064413],[101.49609923673285,3.067319200318106],[101.4961611723396,3.0673058300918878],[101.49627014704311,3.0678106393802231]]]},"properties":{"FID":288,"id":0,"NAME":" ","Height":0}},{"type":"Feature","id":289,"geometry":{"type":"Polygon","coordinates":[[[101.49621005069928,3.0671624001512336],[101.49617003186236,3.067171026966375],[101.49615560873984,3.067104119703556],[101.49619562757675,3.0670954928884147],[101.49621005069928,3.0671624001512336]]]},"properties":{"FID":289,"id":0,"NAME":" ","Height":0}},{"type":"Feature","id":290,"geometry":{"type":"Polygon","coordinates":[[[101.49554506412136,3.0639790094986785],[101.49567888433735,3.0639636601685716],[101.49567839837738,3.0639595655057792],[101.49568914757729,3.0639582897765587],[101.49568360672718,3.0639143930873183],[101.49603116391579,3.0638705227563086],[101.49603703081581,3.0639170025350633],[101.4960429828634,3.0639162961382076],[101.49604534629964,3.0639362102769385],[101.49616660810385,3.0639243711067055],[101.49616437747797,3.0639030749425595],[101.49621505872794,3.063897766432186],[101.49621624865203,3.0639091268396323],[101.49622466700617,3.0639081151619774],[101.49623649309061,3.0639068810443368],[101.49623732280605,3.0639068830720615],[101.49623815236237,3.0639068994465481],[101.49623898151152,3.0639069301629007],[101.49623981000559,3.0639069752119341],[101.49624063759681,3.0639070345801778],[101.49624146403774,3.0639071082498797],[101.49624228908124,3.0639071961990108],[101.4962431124806,3.0639072984012725],[101.49624393398963,3.063907414826105],[101.49624475336266,3.0639075454386937],[101.4962455703547,3.0639076901999842],[101.49624638472145,3.0639078490666889],[101.49624719621939,3.0639080219913044],[101.49624800460586,3.0639082089221219],[101.49624880963914,3.0639084098032456],[101.49624961107853,3.0639086245746086],[101.49625040868436,3.0639088531719891],[101.49625120221813,3.0639090955270327],[101.49625199144258,3.0639093515672697],[101.49625277612169,3.0639096212161392],[101.49625355602083,3.0639099043930109],[101.49625433090682,3.0639102010132091],[101.49625510054793,3.0639105109880385],[101.49625586471402,3.0639108342248105],[101.49625662317658,3.0639111706268709],[101.49625737570885,3.0639115200936287],[101.49625812208578,3.063911882520586],[101.49625886208419,3.06391225779937],[101.49625959548283,3.0639126458177652],[101.49626032206235,3.0639130464597457],[101.49626104160555,3.0639134596055122],[101.49626175389723,3.0639138851315257],[101.4962624587244,3.063914322910545],[101.49626315587633,3.0639147728116658],[101.49626384514454,3.0639152347003589],[101.49626452632292,3.0639157084385094],[101.49626519920778,3.0639161938844608],[101.49626586359794,3.0639166908930551],[101.49626651929472,3.0639171993156764],[101.49626716610204,3.0639177190002962],[101.49626780382651,3.0639182497915192],[101.49626843227743,3.063918791530627],[101.49626905126689,3.0639193440556292],[101.49626966060978,3.0639199072013104],[101.49627026012392,3.0639204807992777],[101.49627084963002,3.0639210646780146],[101.49627142895181,3.0639216586629292],[101.49627199791608,3.0639222625764089],[101.49627255635268,3.0639228762378705],[101.49627310409463,3.0639234994638174],[101.49627364097813,3.0639241320678923],[101.49627416684267,3.0639247738609345],[101.49627468153099,3.0639254246510346],[101.4962751848892,3.0639260842435934],[101.49627567676676,3.0639267524413794],[101.49627615701661,3.0639274290445884],[101.49627662549514,3.0639281138509018],[101.49627708206228,3.0639288066555497],[101.49627752658148,3.0639295072513693],[101.49627795891983,3.0639302154288681],[101.49627837894806,3.0639309309762877],[101.49627878654057,3.0639316536796639],[101.49627918157547,3.0639323833228946],[101.49627956393466,3.0639331196878019],[101.49627993350379,3.0639338625541979],[101.49628029017235,3.0639346116999508],[101.49628063383369,3.0639353669010507],[101.49628096438506,3.0639361279316768],[101.49628195660914,3.0639404904292431],[101.49628287492062,3.0639448690817339],[101.49628371905692,3.0639492626369629],[101.49628448877661,3.0639536698384813],[101.49628518385958,3.0639580894259386],[101.49628580410706,3.0639625201354419],[101.49628634934166,3.0639669606999171],[101.49628681940746,3.0639714098494726],[101.49628721417004,3.063975866311762],[101.49628753351649,3.0639803288123462],[101.49628777735552,3.0639847960750606],[101.49628794561737,3.0639892668223783],[101.49628803825392,3.0639937397757757],[101.49628805523869,3.0639982136560988],[101.49628799656682,3.0640026871839283],[101.49628786225509,3.0640071590799454],[101.49628765234191,3.0640116280652978],[101.4962873668873,3.0640160928619671],[101.4962870059729,3.0640205521931305],[101.49628656970194,3.06402500478353],[101.49628605819915,3.0640294493598343],[101.49628547161082,3.0640338846510047],[101.49632072813255,3.0643471869236061],[101.49608490645292,3.0643737244016216],[101.49607933282925,3.0643241951549163],[101.49603016231003,3.064330159626182],[101.49601317687615,3.0641901333663295],[101.4959961077152,3.0641919380353282],[101.495994346114,3.0641752762239665],[101.49566557782403,3.0642151752882838],[101.49565981382494,3.0641676799358271],[101.49565756497817,3.0641678994977894],[101.49565202257784,3.0641111318822785],[101.49556141082802,3.0641215251524523],[101.49554147813799,3.0641041507661591],[101.495521277458,3.06408708870421],[101.4955008136813,3.0640703430996066],[101.49550012417112,3.0640697569546971],[101.49549944495236,3.0640691589145277],[101.49549877623024,3.0640685491597615],[101.49549811820674,3.0640679278746012],[101.49549747108068,3.0640672952467325],[101.49549683504755,3.0640666514672676],[101.49549621029946,3.0640659967306876],[101.49549559702517,3.0640653312347834],[101.49549499540993,3.0640646551805966],[101.49549440563548,3.0640639687723579],[101.49549382788001,3.0640632722174268],[101.49549326231805,3.064062565726227],[101.49549270912043,3.0640618495121843],[101.49549216845428,3.064061123791662],[101.49549164048294,3.0640603887838949],[101.49549112536589,3.0640596447109232],[101.49549062325876,3.0640588917975258],[101.49549013431321,3.0640581302711527],[101.49548965867697,3.0640573603618551],[101.49548919649372,3.064056582302217],[101.49548874790308,3.0640557963272852],[101.49548831304057,3.0640550026744959],[101.49548789203754,3.0640542015836063],[101.4954874850212,3.0640533932966201],[101.49548709211449,3.0640525780577144],[101.49548671343609,3.0640517561131677],[101.49548634910043,3.0640509277112828],[101.49548599921755,3.0640500931023142],[101.49548566389316,3.0640492525383909],[101.49548534322855,3.0640484062734412],[101.49548503732059,3.0640475545631158],[101.4954847462617,3.0640466976647094],[101.4954844701398,3.0640458358370855],[101.4954842090383,3.0640449693405953],[101.49548396303608,3.0640440984370012],[101.49548373220748,3.0640432233893975],[101.49548351662219,3.0640423444621283],[101.49548331634536,3.0640414619207124],[101.4954831314375,3.0640405760317582],[101.49548296195445,3.0640396870628868],[101.49548280794741,3.0640387952826487],[101.49548266946293,3.0640379009604444],[101.49548254654282,3.0640370043664422],[101.49548243922422,3.0640361057714962],[101.49548234753955,3.0640352054470661],[101.49548227151651,3.0640343036651325],[101.49548221117806,3.0640334006981171],[101.49548216654244,3.0640324968188004],[101.49548213762313,3.0640315923002373],[101.49548212442885,3.0640306874156757],[101.49548212696361,3.064029782438475],[101.49548214522662,3.0640288776420226],[101.49548217921237,3.06402797329965],[101.49548222891062,3.0640270696845535],[101.49548229430633,3.0640261670697075],[101.49548237537974,3.064025265727786],[101.49548247210637,3.0640243659310773],[101.49548258445701,3.064023467951404],[101.49548306557443,3.06402231998841],[101.49548356654567,3.0640211805495805],[101.49548408721974,3.0640200499782533],[101.49548462743977,3.0640189286150932],[101.49548518704297,3.0640178167979903],[101.49548576586074,3.064016714861959],[101.49548636371864,3.0640156231390354],[101.49548698043654,3.0640145419581795],[101.49548761582862,3.0640134716451728],[101.4954882697034,3.0640124125225241],[101.49548894186387,3.0640113649093688],[101.49548963210748,3.0640103291213756],[101.49549034022627,3.0640093054706488],[101.49549106600684,3.0640082942656357],[101.49549180923051,3.0640072958110345],[101.49549256967333,3.0640063104077],[101.49549334710616,3.0640053383525556],[101.49549414129476,3.0640043799385017],[101.4954949519998,3.0640034354543286],[101.495495778977,3.0640025051846296],[101.4954966219772,3.0640015894097146],[101.49549748074635,3.064000688405526],[101.49549835502572,3.0639998024435546],[101.49549924455185,3.0639989317907608],[101.4955001490567,3.0639980767094896],[101.49550106826774,3.0639972374573952],[101.49550200190799,3.0639964142873626],[101.49550294969612,3.0639956074474295],[101.49550391134655,3.0639948171807148],[101.49550488656949,3.0639940437253412],[101.49550587507112,3.0639932873143687],[101.49550687655356,3.0639925481757184],[101.49550789071505,3.0639918265321096],[101.49550891724999,3.0639911226009882],[101.49550995584907,3.0639904365944637],[101.49551100619935,3.0639897687192441],[101.49551206798434,3.0639891191765742],[101.49551314088407,3.0639884881621753],[101.49551422457527,3.0639878758661854],[101.49551531873142,3.0639872824731023],[101.49551642302281,3.0639867081617274],[101.49551753711668,3.0639861531051129],[101.49551866067736,3.0639856174705091],[101.49551979336627,3.0639851014193149],[101.49552093484213,3.0639846051070263],[101.49552208476098,3.063984128683193],[101.49552324277631,3.0639836722913718],[101.49552440853921,3.0639832360690828],[101.4955255816984,3.0639828201477695],[101.49552676190038,3.0639824246527572],[101.49552794878953,3.0639820497032177],[101.49552914200822,3.0639816954121302],[101.49553034119691,3.0639813618862508],[101.49553154599425,3.0639810492260779],[101.49553275603721,3.0639807575258224],[101.49553397096119,3.0639804868733798],[101.4955351904001,3.0639802373503033],[101.4955364139865,3.0639800090317793],[101.49553764135169,3.0639798019866054],[101.49553887212585,3.0639796162771686],[101.4955401059381,3.063979451959427],[101.4955413424167,3.0639793090828933],[101.49554258118904,3.0639791876906184],[101.49554382188188,3.063979087819181],[101.49554506412136,3.0639790094986785]]]},"properties":{"FID":290,"id":0,"NAME":" ","Height":0}},{"type":"Feature","id":291,"geometry":{"type":"Polygon","coordinates":[[[101.49514334059596,3.0642090654933263],[101.49510215227068,3.0641710234984374],[101.49515543769556,3.0641133310083419],[101.49519662602084,3.0641513730032308],[101.49514334059596,3.0642090654933263]]]},"properties":{"FID":291,"id":0,"NAME":" ","Height":0}},{"type":"Feature","id":292,"geometry":{"type":"Polygon","coordinates":[[[101.49519963083803,3.0640027347127758],[101.49522612496337,3.0639686708373435],[101.49526939433095,3.0640023247898993],[101.49524290020561,3.0640363886653317],[101.49519963083803,3.0640027347127758]]]},"properties":{"FID":292,"id":0,"NAME":" ","Height":0}},{"type":"Feature","id":293,"geometry":{"type":"Polygon","coordinates":[[[101.49525141385433,3.063974389270594],[101.49526366298321,3.0639595094563337],[101.49528179204692,3.0639744333817229],[101.49526954291805,3.0639893131959832],[101.49525141385433,3.063974389270594]]]},"properties":{"FID":293,"id":0,"NAME":" ","Height":0}},{"type":"Feature","id":294,"geometry":{"type":"Polygon","coordinates":[[[101.49499900921016,3.0637577419510165],[101.49505930587516,3.0638158350834042],[101.49501020397365,3.0638667994708291],[101.49494990730865,3.0638087063384414],[101.49499900921016,3.0637577419510165]]]},"properties":{"FID":294,"id":0,"NAME":" ","Height":0}},{"type":"Feature","id":295,"geometry":{"type":"Polygon","coordinates":[[[101.49723399223792,3.0661479738670536],[101.49719712500738,3.066148178684994],[101.49719692468624,3.0661121208786843],[101.49723379191678,3.066111916060744],[101.49723399223792,3.0661479738670536]]]},"properties":{"FID":295,"id":0,"NAME":" ","Height":0}},{"type":"Feature","id":296,"geometry":{"type":"Polygon","coordinates":[[[101.49725612772455,3.0657480326987354],[101.49723262447085,3.0657477077689643],[101.4972321451784,3.0657725874048407],[101.4972481148787,3.0657726721997127],[101.49724781439697,3.0658292629235038],[101.49723105507009,3.0658291739359242],[101.49723102944054,3.0658305043425127],[101.49726043462921,3.0658312661349658],[101.49725843141775,3.0659085900973855],[101.49722953958087,3.0659078416042012],[101.49722900904987,3.0659353809857426],[101.49722181484996,3.0659352423934503],[101.49722017007885,3.065989519840437],[101.49713202877453,3.0659877169501217],[101.49713237376743,3.0659708506304648],[101.4971942307987,3.0659721158879223],[101.49719536361877,3.0659347328250739],[101.49719160147944,3.065934660349535],[101.4971909231915,3.0659628771279963],[101.4971492563931,3.0659618755222651],[101.49714992990158,3.0659338575695769],[101.49707573853243,3.0659324283137801],[101.49707959491397,3.0657322470539148],[101.49704358698848,3.0657310054013109],[101.49704559019995,3.0656729122689232],[101.49708071463301,3.0656741234562714],[101.49708455266286,3.0654748948159392],[101.49714680571127,3.0654760940865731],[101.49714695269989,3.0654465493737568],[101.49720024378207,3.065446814503519],[101.49720030936442,3.0654336324517191],[101.49713826030084,3.065433261755782],[101.49713833889061,3.0654201069824634],[101.49722761269463,3.0654206403255073],[101.49722748180065,3.0654469500160491],[101.49722732908766,3.0654776453249966],[101.4972378231803,3.0654778474879016],[101.49723738028679,3.065500837687313],[101.49726313896468,3.0655012370466603],[101.49726193703781,3.0655787613302259],[101.49723588691128,3.0655783574522952],[101.49723583185288,3.0655812154845283],[101.49725031841133,3.0655811651839797],[101.49725051873247,3.0656388576740752],[101.49723472035113,3.0656389125295642],[101.49723429918409,3.0656607749277454],[101.49725732965142,3.0656610933212995],[101.49725612772455,3.0657480326987354]]]},"properties":{"FID":296,"id":0,"NAME":" ","Height":0}},{"type":"Feature","id":297,"geometry":{"type":"Polygon","coordinates":[[[101.49645113719872,3.0653712286228001],[101.49639339789994,3.0653706160042447],[101.49639660303828,3.0650685317158279],[101.49645434233706,3.0650691443343834],[101.49645113719872,3.0653712286228001]]]},"properties":{"FID":297,"id":0,"NAME":" ","Height":0}},{"type":"Feature","id":298,"geometry":{"type":"Polygon","coordinates":[[[101.49671475982709,3.0655811651839793],[101.49668350972827,3.0656420628124135],[101.49665795449964,3.0656289489450832],[101.49668770855639,3.0655709666806605],[101.49669949636154,3.0650853091083712],[101.49672677909585,3.0650859713106597],[101.49671475982709,3.0655811651839793]]]},"properties":{"FID":298,"id":0,"NAME":" ","Height":0}},{"type":"Feature","id":299,"geometry":{"type":"Polygon","coordinates":[[[101.4965412817145,3.065418103771],[101.49648276776273,3.0654176484095075],[101.49648517161648,3.0651087532021215],[101.49654368556826,3.065109208563614],[101.4965412817145,3.065418103771]]]},"properties":{"FID":299,"id":0,"NAME":" ","Height":0}},{"type":"Feature","id":300,"geometry":{"type":"Polygon","coordinates":[[[101.49705811027161,3.0653043213599784],[101.4970585109139,3.0651809235339411],[101.49715795042013,3.0651812463894812],[101.49715754977784,3.0653046442155185],[101.49705811027161,3.0653043213599784]]]},"properties":{"FID":300,"id":0,"NAME":" ","Height":0}},{"type":"Feature","id":301,"geometry":{"type":"Polygon","coordinates":[[[101.49710939248503,3.0651777183956024],[101.4971109950542,3.0650623334154115],[101.49715352701435,3.0650629241370808],[101.49715192444518,3.0651783091172717],[101.49710939248503,3.0651777183956024]]]},"properties":{"FID":301,"id":0,"NAME":" ","Height":0}},{"type":"Feature","id":302,"geometry":{"type":"Polygon","coordinates":[[[101.49720905225526,3.0650795610339823],[101.49721065482443,3.0650034389984397],[101.49726880272762,3.0650046631648236],[101.49726720015845,3.0650807852003661],[101.49720905225526,3.0650795610339823]]]},"properties":{"FID":302,"id":0,"NAME":" ","Height":0}},{"type":"Feature","id":303,"geometry":{"type":"Polygon","coordinates":[[[101.49740636858424,3.0649745927533925],[101.49739955336727,3.0649316713869426],[101.49745884842655,3.0649222562930727],[101.49746566364351,3.0649651776595226],[101.49740636858424,3.0649745927533925]]]},"properties":{"FID":303,"id":0,"NAME":" ","Height":0}},{"type":"Feature","id":304,"geometry":{"type":"Polygon","coordinates":[[[101.4971185070972,3.0650608310068157],[101.4971174264933,3.0649952518579595],[101.4970682902965,3.0649952803300429],[101.4970676295531,3.0650233147281569],[101.4970317680409,3.0650224695073254],[101.49703317028893,3.0649629741269147],[101.49715775663967,3.0649629019350635],[101.49715935920884,3.0650601578515255],[101.4971185070972,3.0650608310068157]]]},"properties":{"FID":304,"id":0,"NAME":" ","Height":0}},{"type":"Feature","id":305,"geometry":{"type":"Polygon","coordinates":[[[101.49672086962205,3.0643594065135216],[101.49667554712384,3.0643570084977454],[101.49668355996968,3.0642055657112448],[101.49672888246789,3.064207963727021],[101.49672086962205,3.0643594065135216]]]},"properties":{"FID":305,"id":0,"NAME":" ","Height":0}},{"type":"Feature","id":306,"geometry":{"type":"Polygon","coordinates":[[[101.49704739309031,3.0643798392704307],[101.49696676713872,3.0643770995536261],[101.49697237613081,3.0642120349291861],[101.49705300208241,3.0642147746459907],[101.49704739309031,3.0643798392704307]]]},"properties":{"FID":306,"id":0,"NAME":" ","Height":0}},{"type":"Feature","id":307,"geometry":{"type":"Polygon","coordinates":[[[101.49679558940959,3.0640937806737063],[101.49686490052616,3.0640961845274606],[101.49686307394219,3.0641488510319634],[101.49679376282562,3.0641464471782092],[101.49679558940959,3.0640937806737063]]]},"properties":{"FID":307,"id":0,"NAME":" ","Height":0}},{"type":"Feature","id":308,"geometry":{"type":"Polygon","coordinates":[[[101.49664955529404,3.0638610075018624],[101.49669232385875,3.0638626100710318],[101.49669065032246,3.0639072725707375],[101.49664788175775,3.0639056700015681],[101.49664955529404,3.0638610075018624]]]},"properties":{"FID":308,"id":0,"NAME":" ","Height":0}},{"type":"Feature","id":309,"geometry":{"type":"Polygon","coordinates":[[[101.49667980378713,3.0637381104786914],[101.49668421237538,3.0636693365019836],[101.49677796267179,3.0636753461363684],[101.49677355408353,3.0637441201130762],[101.49667980378713,3.0637381104786914]]]},"properties":{"FID":309,"id":0,"NAME":" ","Height":0}},{"type":"Feature","id":310,"geometry":{"type":"Polygon","coordinates":[[[101.49673348985431,3.0638194408640342],[101.49673949948868,3.0637485271782916],[101.49677272049139,3.0637513425175005],[101.49676671085702,3.0638222562032431],[101.49673348985431,3.0638194408640342]]]},"properties":{"FID":310,"id":0,"NAME":" ","Height":0}},{"type":"Feature","id":311,"geometry":{"type":"Polygon","coordinates":[[[101.49686527630918,3.0637987859399298],[101.49686950791255,3.0637563397029925],[101.49700011729986,3.0637693605774929],[101.49699588569649,3.0638118068144302],[101.49699588569649,3.0638118068144298],[101.49699314444418,3.0638393036837557],[101.49691606972824,3.0638316198547151],[101.49691712137432,3.0638210710355529],[101.49689665240528,3.0638190304174739],[101.49689834201151,3.0638020823673093],[101.49686527630918,3.0637987859399298]]]},"properties":{"FID":311,"id":0,"NAME":" ","Height":0}},{"type":"Feature","id":312,"geometry":{"type":"Polygon","coordinates":[[[101.49706959862425,3.0637868567218041],[101.49707303419706,3.063815434441111],[101.49704184473663,3.0638191839937283],[101.49703840916382,3.0637906062744227],[101.49702464265263,3.0637922612648376],[101.49701926409502,3.0637475214446486],[101.4970330306062,3.0637458664542332],[101.4970330306062,3.0637458664542319],[101.49706422006663,3.0637421169016146],[101.49706959862425,3.0637868567218036],[101.49706959862425,3.0637868567218041]]]},"properties":{"FID":312,"id":0,"NAME":" ","Height":0}},{"type":"Feature","id":313,"geometry":{"type":"Polygon","coordinates":[[[101.49781302051102,3.0642861891345978],[101.49781261986872,3.0641267335022504],[101.49784146602272,3.0641266610244764],[101.49784186666501,3.0642861166568238],[101.49781302051102,3.0642861891345978]]]},"properties":{"FID":313,"id":0,"NAME":" ","Height":0}},{"type":"Feature","id":314,"geometry":{"type":"Polygon","coordinates":[[[101.49781302051102,3.0642861891345978],[101.49781261986872,3.0641351469903895],[101.49786430875372,3.0641350098845934],[101.49786470939601,3.0642860520288018],[101.49781302051102,3.0642861891345978]]]},"properties":{"FID":314,"id":0,"NAME":" ","Height":0}},{"type":"Feature","id":315,"geometry":{"type":"Polygon","coordinates":[[[101.49786229951297,3.0643466861207398],[101.49786229951297,3.0643004019643518],[101.49791518429556,3.0643004019643518],[101.49791518429556,3.0643466861207398],[101.49786229951297,3.0643466861207398]]]},"properties":{"FID":315,"id":0,"NAME":" ","Height":0}},{"type":"Feature","id":316,"geometry":{"type":"Polygon","coordinates":[[[101.49808565759095,3.0648759345889065],[101.49811510479944,3.0648729297717141],[101.49811733260977,3.0648947623129645],[101.49808788540128,3.0648977671301569],[101.49808565759095,3.0648759345889065]]]},"properties":{"FID":316,"id":0,"NAME":" ","Height":0}},{"type":"Feature","id":317,"geometry":{"type":"Polygon","coordinates":[[[101.49966138372669,3.0639806993866965],[101.49966121234471,3.0642603947760363],[101.49981442908239,3.0642619502759123],[101.49981282651322,3.0644198033390904],[101.49966111561164,3.0644182631268904],[101.49966105671867,3.0645143764757936],[101.49936070168633,3.0645141924347201],[101.49936070168633,3.0645488101572185],[101.49929499635039,3.0645488101572185],[101.49929444147359,3.0646020783289218],[101.49940365056791,3.0646789073683149],[101.4994217996359,3.0646457655919623],[101.49943862661219,3.0646549803646868],[101.499495135659,3.0646864311681736],[101.49955122877475,3.0647186179322046],[101.49960689637497,3.0647515351571384],[101.49960148299587,3.0647618417587768],[101.49959589210485,3.0647720531567271],[101.49959012537565,3.0647821662939725],[101.49958418453468,3.0647921781429139],[101.49957807136047,3.0648020857062743],[101.49957178768315,3.0648118860179974],[101.49956533538388,3.0648215761441349],[101.49955871639428,3.0648311531837251],[101.49955193269591,3.0648406142696616],[101.49954498631963,3.0648499565695517],[101.49953787934501,3.0648591772865625],[101.49953061389967,3.0648682736602622],[101.49952319215868,3.0648772429674414],[101.49951561634391,3.0648860825229329],[101.49950788872337,3.0648947896804124],[101.49950001161049,3.0649033618331933],[101.49949198736347,3.0649117964150041],[101.49948381838455,3.0649200909007601],[101.4994755071193,3.0649282428073161],[101.49946705605588,3.0649362496942119],[101.49945846772432,3.0649441091644021],[101.49944974469574,3.0649518188649743],[101.49944088958156,3.0649593764878524],[101.49943190503279,3.0649667797704891],[101.49942279373913,3.0649740264965413],[101.49941355842827,3.0649811144965358],[101.499404201865,3.0649880416485162],[101.49939472685045,3.064994805878682],[101.49938513622116,3.0650014051620049],[101.49937543284831,3.0650078375228378],[101.49936561963682,3.0650141010355063],[101.49935569952451,3.0650201938248847],[101.49934567548121,3.0650261140669555],[101.49933555050781,3.0650318599893591],[101.49932532763546,3.0650374298719218],[101.49931500992464,3.0650428220471713],[101.49930460046417,3.0650480349008364],[101.49929410237037,3.0650530668723293],[101.49928351878609,3.0650579164552147],[101.49927285287974,3.0650625821976578],[101.49926210784443,3.065067062702862],[101.49925128689694,3.0650713566294856],[101.49924039327675,3.0650754626920422],[101.49922943024512,3.0650793796612885],[101.49921840108408,3.06508310636459],[101.49920730909548,3.0650866416862721],[101.49919615759995,3.0650899845679551],[101.49918494993594,3.0650931340088712],[101.49917368945873,3.0650960890661625],[101.4991623795394,3.0650988488551651],[101.49915102356384,3.0651014125496725],[101.4991396249317,3.0651037793821843],[101.49912818705545,3.0651059486441348],[101.49911671335927,3.0651079196861053],[101.49910520727806,3.0651096919180199],[101.49909367225645,3.0651112648093193],[101.49908211174771,3.0651126378891234],[101.49907052921273,3.0651138107463689],[101.49905892811903,3.0651147830299337],[101.49904731193963,3.0651155544487425],[101.49903568415213,3.0651161247718539],[101.49902404823757,3.0651164938285285],[101.49901240767942,3.0651166615082799],[101.49900076596255,3.0651166277609105],[101.49898912657217,3.0651163925965226],[101.49897749299281,3.0651159560855179],[101.49896586870724,3.0651153183585733],[101.49895415914351,3.0651146054046774],[101.49894246357336,3.0651136911700991],[101.49893078545642,3.0651125759252764],[101.49891912824719,3.0651112600001071],[101.49890749539396,3.0651097437838524],[101.49889589033782,3.0651080277250213],[101.49888431651164,3.0651061123312378],[101.49887277733902,3.0651039981690897],[101.49886127623338,3.0651016858639637],[101.49884981659682,3.0650991760998578],[101.49883840181919,3.06509646961918],[101.49882703527706,3.065093567222529],[101.49881572033277,3.0650904697684567],[101.49880446033336,3.0650871781732141],[101.49879325860962,3.0650836934104815],[101.49878211847511,3.0650800165110792],[101.49877104322518,3.0650761485626634],[101.49876003613596,3.0650720907094038],[101.49874910046346,3.0650678441516459],[101.4987382394425,3.0650634101455543],[101.49872745628589,3.0650587900027437],[101.49871675418336,3.065053985089889],[101.49870613630068,3.0650489968283217],[101.49869560577871,3.0650438266936084],[101.49868516573244,3.0650384762151166],[101.49867481925014,3.0650329469755597],[101.49866456939237,3.0650272406105312],[101.49865441919114,3.0650213588080186],[101.49864437164892,3.0650153033079057],[101.49863442973789,3.0650090759014579],[101.49862459639894,3.0650026784307909],[101.49861487454082,3.0649961127883274],[101.49860526703937,3.0649893809162365],[101.49859577673655,3.0649824848058596],[101.49858640643966,3.0649754264971203],[101.49857715892051,3.0649682080779224],[101.49856803691461,3.0649608316835315],[101.49855904312028,3.0649532994959441],[101.498550180198,3.06494561374324],[101.49854145076947,3.0649377766989265],[101.49853285741692,3.0649297906812634],[101.49852440268235,3.0649216580525778],[101.49851608906673,3.0649133812185654],[101.49850791902928,3.0649049626275797],[101.49849989498676,3.064896404769907],[101.49849201931278,3.0648877101770289],[101.498484294337,3.0648788814208747],[101.49847672234453,3.0648699211130608],[101.49846930557524,3.0648608319041175],[101.49846204622304,3.0648516164827044],[101.49845494643533,3.0648422775748161],[101.49844800831228,3.0648328179429765],[101.49844123390623,3.0648232403854183],[101.49843462522112,3.0648135477352598],[101.49842818421183,3.0648037428596639],[101.49842191278368,3.0647938286589902],[101.49841581279181,3.0647838080659375],[101.49840988604062,3.0647736840446771],[101.49840413428332,3.0647634595899746],[101.4983985592213,3.0647531377263073],[101.49858966559474,3.0646449643073783],[101.49859149199192,3.0646486344877655],[101.49859337684109,3.0646522749951903],[101.49859531966032,3.0646558848988099],[101.49859731995285,3.0646594632756066],[101.49859937720723,3.0646630092106233],[101.49860149089743,3.0646665217971991],[101.498603660483,3.0646700001371987],[101.49860588540921,3.0646734433412441],[101.49860816510716,3.0646768505289406],[101.49861049899394,3.0646802208291035],[101.49862884692152,3.0646694577783502],[101.49864701999786,3.0646584020556604],[101.4986650135549,3.0646470565008874],[101.49868282297066,3.0646354240283333],[101.49870044367053,3.0646235076260004],[101.49871787112828,3.0646113103548229],[101.49871789707144,3.0645902068297484],[101.49871762995942,3.0645691049792423],[101.49871706984369,3.0645480088726349],[101.49871277450542,3.0645483155303657],[101.49870847454793,3.0645485486298019],[101.49870417123081,3.0645487081026612],[101.49869986581466,3.0645487939022291],[101.49869555956067,3.064548806003371],[101.49869125373031,3.0645487444025425],[101.49868694958489,3.0645486091177889],[101.49868264838524,3.0645484001887393],[101.49867835139132,3.0645481176765963],[101.49867405986188,3.0645477616641172],[101.49866977505405,3.0645473322555903],[101.498665498223,3.0645468295768041],[101.49866123062156,3.0645462537750099],[101.49865697349985,3.0645456050188811],[101.49865799334006,3.0645198161545442],[101.4986581318128,3.0645137619384744],[101.4983533602765,3.0645135751912096],[101.49835341458119,3.0644249499460279],[101.49819663550593,3.0644234091197204],[101.49819823807512,3.0642603477067425],[101.49835351450531,3.0642618737650396],[101.49835368728452,3.0639798981021125],[101.49966138372669,3.0639806993866965]],[[101.49943560971241,3.0646611372100536],[101.49943862661219,3.0646549803646868],[101.49941944058877,3.0646900157118306],[101.49941955037745,3.0646900929486156],[101.49942248958,3.0646852144784154],[101.49942592555539,3.0646792813087451],[101.49942925823086,3.06467328950573],[101.49943248660618,3.0646672408677027],[101.49943560971241,3.0646611372100536]]]},"properties":{"FID":317,"id":0,"NAME":" ","Height":0}},{"type":"Feature","id":318,"geometry":{"type":"Polygon","coordinates":[[[101.49840637174606,3.065244725818995],[101.49840156403855,3.0649522569455945],[101.49848969707816,3.0649508081832981],[101.49849450478567,3.0652432770566986],[101.49840637174606,3.065244725818995]]]},"properties":{"FID":318,"id":0,"NAME":" ","Height":0}},{"type":"Feature","id":319,"geometry":{"type":"Polygon","coordinates":[[[101.50005421349438,3.0647960064515849],[101.50005962920598,3.0647816934994925],[101.49992400474937,3.064729499831059],[101.49996140976471,3.064632303465459],[101.50023625037724,3.0647380730306337],[101.50022414988796,3.0647695159686998],[101.50025318545461,3.0647797638157548],[101.50026855712078,3.0647519357994288],[101.50037208814534,3.0648091243653797],[101.50037492764936,3.0648038189762854],[101.50040337325211,3.0648190433833942],[101.50040033199593,3.0648247257304697],[101.50052096176493,3.0648913593171598],[101.50047082664584,3.0649821211706945],[101.50034772075873,3.0649141198235283],[101.50034037225166,3.0649280180869076],[101.50031423034208,3.0649141959278219],[101.50032183180065,3.0648998192562025],[101.50030282770503,3.0648893217557687],[101.50029920625613,3.064895866542948],[101.50026915808421,3.0648792398878162],[101.50027276740514,3.0648727170186785],[101.50021842200168,3.0648426976529635],[101.50023242856875,3.0648173409367172],[101.50020893585911,3.0648090493921392],[101.50019884536191,3.0648352693962337],[101.50008921346615,3.0647930786958253],[101.50008386102401,3.06480722443577],[101.50005421349438,3.0647960064515849]]]},"properties":{"FID":319,"id":0,"NAME":" ","Height":0}},{"type":"Feature","id":320,"geometry":{"type":"Polygon","coordinates":[[[101.50017120104368,3.064691438813286],[101.50014125303233,3.0646770156907621],[101.5001428594049,3.0646736802365964],[101.50011139191793,3.064658894308983],[101.50015577631542,3.0645644352066177],[101.50041211080995,3.0646848815353716],[101.50041549268144,3.0646794195445164],[101.50058485581707,3.0647842832058902],[101.50059825648027,3.0647607165223443],[101.50057934100009,3.0647490762268506],[101.50066908487358,3.0646032424324425],[101.500768458541,3.0646643954585548],[101.50067871466752,3.0648102292529629],[101.50063205483657,3.0647815155108407],[101.50061860044359,3.0648051766847124],[101.50074161550739,3.064881343259851],[101.50068752738859,3.0649686998644201],[101.50056031956059,3.0648899372780445],[101.50055151073968,3.0649045805128061],[101.50052586963298,3.0648891557845515],[101.50053487627873,3.0648741836981164],[101.50042001518484,3.0648030657726677],[101.50041178674026,3.064816940011359],[101.50038864964787,3.0648032180128468],[101.50039713995493,3.064788902239644],[101.50038004030907,3.0647783147439291],[101.50037741840003,3.0647838947041901],[101.50027341664303,3.0647350264087283],[101.50026795615727,3.0647467274496276],[101.50023790798535,3.064732704969396],[101.50024340542099,3.064720924750179],[101.50017294532999,3.064687816996579],[101.50017120104368,3.064691438813286]]]},"properties":{"FID":320,"id":0,"NAME":" ","Height":0}},{"type":"Feature","id":321,"geometry":{"type":"Polygon","coordinates":[[[101.50073502432001,3.0651582115653029],[101.5006142299536,3.0650760713961511],[101.50060449568285,3.0650896772518617],[101.50057985618187,3.0650720489909995],[101.50058917008937,3.0650590306884737],[101.5004946389446,3.0649947495100331],[101.50055241218485,3.0649097888626065],[101.50079279756025,3.0650732509178762],[101.50073502432001,3.0651582115653029]]]},"properties":{"FID":321,"id":0,"NAME":" ","Height":0}},{"type":"Feature","id":322,"geometry":{"type":"Polygon","coordinates":[[[101.50022909385491,3.0665390007443589],[101.50023188752958,3.066333665656765],[101.50046746519746,3.0663368707951038],[101.50046467152279,3.0665422058826977],[101.50022909385491,3.0665390007443589]]]},"properties":{"FID":322,"id":0,"NAME":" ","Height":0}},{"type":"Feature","id":323,"geometry":{"type":"Polygon","coordinates":[[[101.50014185399564,3.0666223093010205],[101.50008734515099,3.0666218343444549],[101.50008852203773,3.0664867678116541],[101.50014303088238,3.0664872427682197],[101.50014185399564,3.0666223093010205]]]},"properties":{"FID":323,"id":0,"NAME":" ","Height":0}},{"type":"Feature","id":324,"geometry":{"type":"Polygon","coordinates":[[[101.49935837295283,3.067744658602698],[101.49931683116856,3.0677447963863909],[101.4993163303657,3.0675938043224695],[101.49935787214997,3.0675936665387766],[101.49935837295283,3.067744658602698]]]},"properties":{"FID":324,"id":0,"NAME":" ","Height":0}},{"type":"Feature","id":325,"geometry":{"type":"Polygon","coordinates":[[[101.49934780601235,3.0675724825775692],[101.49930728948229,3.0675723019521945],[101.49930809076686,3.0673925638037987],[101.49934860729692,3.0673927444291733],[101.49934780601235,3.0675724825775692]]]},"properties":{"FID":325,"id":0,"NAME":" ","Height":0}},{"type":"Feature","id":326,"geometry":{"type":"Polygon","coordinates":[[[101.49934865737721,3.0673837049374524],[101.49930883194645,3.0673840748672783],[101.49930715425687,3.0672034603138676],[101.49934697968763,3.0672030903840417],[101.49934865737721,3.0673837049374524]]]},"properties":{"FID":326,"id":0,"NAME":" ","Height":0}},{"type":"Feature","id":327,"geometry":{"type":"Polygon","coordinates":[[[101.49935118643167,3.0671938756113177],[101.49930791910161,3.0671943408514206],[101.49930731813818,3.0671384512516404],[101.49935058546824,3.0671379860115375],[101.49935118643167,3.0671938756113177]]]},"properties":{"FID":327,"id":0,"NAME":" ","Height":0}},{"type":"Feature","id":328,"geometry":{"type":"Polygon","coordinates":[[[101.49930330967774,3.0671948772170485],[101.49928247396646,3.0671951305387664],[101.49928167268187,3.0671292248816782],[101.49930250839316,3.0671289715599603],[101.49930330967774,3.0671948772170485]]]},"properties":{"FID":328,"id":0,"NAME":" ","Height":0}},{"type":"Feature","id":329,"geometry":{"type":"Polygon","coordinates":[[[101.49930771674296,3.0677020903591377],[101.4992856801753,3.067701765096146],[101.49928728274448,3.0675931910349248],[101.49930931931213,3.0675935162979164],[101.49930771674296,3.0677020903591377]]]},"properties":{"FID":329,"id":0,"NAME":" ","Height":0}},{"type":"Feature","id":330,"geometry":{"type":"Polygon","coordinates":[[[101.49930330967774,3.0672020887783105],[101.49930170710859,3.0675568575281682],[101.49927793318889,3.0675567501360983],[101.49927953575805,3.0672019813862406],[101.49930330967774,3.0672020887783105]]]},"properties":{"FID":330,"id":0,"NAME":" ","Height":0}},{"type":"Feature","id":331,"geometry":{"type":"Polygon","coordinates":[[[101.50011461031971,3.0671143481162915],[101.50011380903514,3.067075886456228],[101.50015069494415,3.0670751179998033],[101.50015149622872,3.0671135796598668],[101.50011461031971,3.0671143481162915]]]},"properties":{"FID":331,"id":0,"NAME":" ","Height":0}},{"type":"Feature","id":332,"geometry":{"type":"Polygon","coordinates":[[[101.50045195112986,3.0671139474739988],[101.50045275241445,3.0670766877408124],[101.5004892024353,3.0670774716122295],[101.50048840115072,3.0671147313454159],[101.50045195112986,3.0671139474739988]]]},"properties":{"FID":332,"id":0,"NAME":" ","Height":0}},{"type":"Feature","id":333,"geometry":{"type":"Polygon","coordinates":[[[101.50014806395113,3.0664713172371014],[101.50010659355964,3.0664711261292994],[101.50010679388079,3.0664276564405819],[101.50014826427228,3.0664278475483839],[101.50014806395113,3.0664713172371014]]]},"properties":{"FID":333,"id":0,"NAME":" ","Height":0}},{"type":"Feature","id":334,"geometry":{"type":"Polygon","coordinates":[[[101.50011661353113,3.0664198347025375],[101.5000786475492,3.0664229513129868],[101.500074240484,3.0663692652458145],[101.50011220646593,3.0663661486353653],[101.50011661353113,3.0664198347025375]]]},"properties":{"FID":334,"id":0,"NAME":" ","Height":0}},{"type":"Feature","id":335,"geometry":{"type":"MultiPolygon","coordinates":[[[[101.50052556915122,3.0665822701119336],[101.50052556915122,3.0662384732671524],[101.50067060166104,3.0662384732671524],[101.50067060166104,3.0661492048418832],[101.50069350829021,3.0661492048418832],[101.50069333811113,3.066056627424397],[101.50086846992303,3.0660563054909193],[101.50086847374088,3.0660541636793694],[101.50086859228706,3.0659876592695703],[101.50065048854871,3.0659859050840073],[101.50064986842249,3.0660866755963241],[101.50012903344246,3.0660834704579858],[101.50012973364191,3.0659696880469869],[101.50012553939385,3.0659696880469869],[101.50012553939384,3.0656155202605664],[101.50013191313599,3.0656155202605659],[101.50013264286646,3.0654969390585323],[101.50065347784648,3.0655001441968706],[101.50065276783994,3.0656155202605451],[101.50066349026041,3.0656155202605446],[101.50066349026042,3.0659530364341974],[101.50086865106202,3.0659546865210734],[101.50086887438317,3.0658294033533724],[101.50090247338774,3.0658294632446461],[101.50090207274545,3.0660542235706432],[101.50090206914446,3.0660562437276448],[101.50112923692519,3.0660558261398125],[101.50112925950403,3.0660681090206432],[101.50124432142368,3.0660686466931653],[101.50124111628534,3.0667545462976333],[101.50112935789234,3.0667540240621518],[101.50112933708577,3.0667653636395245],[101.50069263698713,3.0667645623549395],[101.50069265585455,3.0667542796097722],[101.50065468937026,3.0667540964916808],[101.50065457596936,3.0667914053885261],[101.50054940736761,3.0667914053885261],[101.50054940736761,3.0667797219522663],[101.50051805813973,3.066779853671711],[101.50051787618274,3.0668033867757334],[101.50056046908651,3.0668034862918638],[101.50056049985018,3.0667922267865109],[101.50067227935051,3.0667925321949747],[101.50067107742366,3.0672324374319531],[101.50066246127074,3.0672324138905522],[101.50066218817285,3.0673492997805947],[101.49997628856839,3.0673476972114253],[101.49997649851144,3.0672578415826361],[101.49996856030266,3.0672578817422083],[101.49989563426685,3.0672584791809538],[101.49989563239492,3.0672582506860921],[101.49989007041144,3.0672582788242888],[101.49989042591703,3.0675896100355642],[101.49988287515808,3.0675896181372369],[101.49988287515808,3.0677057963003396],[101.49936037616429,3.0677057963003396],[101.49936037616429,3.0675928031679747],[101.49934955882236,3.0675928151739034],[101.49934915818008,3.0672318364685154],[101.49936037616429,3.0672318240179228],[101.49936037616429,3.0671112431385223],[101.49988287515808,3.0671112431385223],[101.49988287515808,3.0672162190909127],[101.49989002527474,3.0672162114191135],[101.49989002559587,3.0672165107168743],[101.4998952902265,3.0672164840829925],[101.49989521167512,3.0672068957521437],[101.49996475787226,3.0672063260023648],[101.49996627251105,3.0667932082788423],[101.50007765680473,3.0667936166538921],[101.50007762475525,3.0668023581509027],[101.50011554061184,3.0668024467393526],[101.50011691401298,3.0667387209270847],[101.50014060524161,3.066739231513909],[101.5001431560831,3.0666217333777244],[101.50027044794143,3.0666215897074554],[101.5004981251541,3.0666213327354326],[101.50049826018417,3.0667409693885244],[101.50051835758993,3.0667411247808389],[101.50051830295048,3.0667481914813113],[101.50054940736761,3.0667480607904829],[101.50054940736761,3.0667353154676],[101.50059978660651,3.0667353154676],[101.50060001727047,3.0666594270246805],[101.50061800212131,3.0666594816898805],[101.50061811752076,3.0666355555368101],[101.50086731702659,3.0666367574636872],[101.50086723866551,3.0666530043292748],[101.50112579089021,3.0666534787370265],[101.50112677736517,3.0664423730964692],[101.50089656391393,3.066439930513432],[101.50089656391393,3.0665822701119336],[101.50086846612152,3.0665822701119336],[101.50086771766888,3.0666163247067777],[101.50079480077167,3.0666147221376088],[101.500795514003,3.0665822701119336],[101.5006418190675,3.0665822701119336],[101.50064165525527,3.0666037295147155],[101.50058917111497,3.0666033288724233],[101.50058933186887,3.0665822701119336],[101.50052556915122,3.0665822701119336]],[[101.50087092280721,3.0661651107738797],[101.50087092280721,3.0662384732671524],[101.50089656391393,3.0662384732671524],[101.50089656391393,3.0664018525949088],[101.50112695529054,3.0664042970657484],[101.50112807519241,3.0661646380672893],[101.50087092280721,3.0661651107738797]],[[101.50023283598796,3.0656195192896134],[101.50023239915367,3.0659729182254449],[101.50055651876816,3.0659733188677372],[101.50055695560245,3.0656199199319056],[101.50023283598796,3.0656195192896134]],[[101.50007494673277,3.0670005437532977],[101.50007494673277,3.0672345408039905],[101.50031052440066,3.0672345408039905],[101.50031052440066,3.0670005437532977],[101.50007494673277,3.0670005437532977]],[[101.50034818477614,3.0670061239173858],[101.50034818477614,3.067233739519406],[101.50055972390649,3.067233739519406],[101.50055972390649,3.0670061239173858],[101.50034818477614,3.0670061239173858]],[[101.49946236466782,3.0672321206352384],[101.49946236466782,3.0674092208434458],[101.49977967336334,3.0674092208434458],[101.49977967336334,3.0672321206352384],[101.49946236466782,3.0672321206352384]],[[101.49945764297466,3.0674419468311247],[101.49945915952948,3.0675951188670867],[101.49978287850168,3.067591913728748],[101.49978136194686,3.067438741692786],[101.49945764297466,3.0674419468311247]]],[[[101.50007123988284,3.0656319455306384],[101.50007164052514,3.0655938845128672],[101.5001098026124,3.0655942862190493],[101.50010940197011,3.0656323472368205],[101.50007123988284,3.0656319455306384]]]]},"properties":{"FID":335,"id":0,"NAME":" ","Height":0}},{"type":"Feature","id":336,"geometry":{"type":"Polygon","coordinates":[[[101.49958796602643,3.0670842999443648],[101.49953949699774,3.0670853013705779],[101.49953549057481,3.0668913905010906],[101.4995839596035,3.0668903890748775],[101.49958796602643,3.0670842999443648]]]},"properties":{"FID":336,"id":0,"NAME":" ","Height":0}},{"type":"Feature","id":337,"geometry":{"type":"Polygon","coordinates":[[[101.49939635885013,3.0665104800211762],[101.49944643913668,3.0665249031437001],[101.49943439059588,3.066566738354783],[101.49938431030934,3.0665523152322591],[101.49939635885013,3.0665104800211762]]]},"properties":{"FID":337,"id":0,"NAME":" ","Height":0}},{"type":"Feature","id":338,"geometry":{"type":"Polygon","coordinates":[[[101.49901414610325,3.0667011857523252],[101.49911829841619,3.0667258035717451],[101.49912632594511,3.0666927722641861],[101.49917660655279,3.0667049918541021],[101.49916865603457,3.0667377062815451],[101.49919042871188,3.0667428525507274],[101.49915724520365,3.066883244316355],[101.49898096259501,3.0668415775179527],[101.49901414610325,3.0667011857523252]]]},"properties":{"FID":338,"id":0,"NAME":" ","Height":0}},{"type":"Feature","id":339,"geometry":{"type":"Polygon","coordinates":[[[101.49944285044823,3.0667216254678507],[101.49947124972655,3.0667218406138983],[101.4994711787982,3.0667094990798911],[101.49954089055707,3.0667090984375989],[101.49954097747784,3.0667242226495648],[101.49957935221714,3.0667243228447068],[101.49957933871198,3.0667294953192585],[101.49960178818552,3.0667299318367998],[101.49959898368947,3.066874163062038],[101.4995789620059,3.0668737737515239],[101.49957895157485,3.0668777688426689],[101.49953081593227,3.0668776431621398],[101.49953067417862,3.0668855813673699],[101.49950823821024,3.0668851807250777],[101.49950837385592,3.0668775845666403],[101.4994928053905,3.0668775439179052],[101.49949298265578,3.0668096513180578],[101.49947175508692,3.0668097733155801],[101.49947175287167,3.0668093878638141],[101.49939145098203,3.0668084577260961],[101.49939145868366,3.0668077928182118],[101.49938223620931,3.0668076564415117],[101.49938289418041,3.0667631611458965],[101.49939197409761,3.0667632954145425],[101.49939207321937,3.066754737902146],[101.49942845585936,3.0667551593226863],[101.49942859204087,3.0667371833621182],[101.49932064072789,3.0667327612601403],[101.49931863424541,3.0667789103570375],[101.49929738628798,3.0667779865328004],[101.49929939045171,3.0667318907668992],[101.49927592376717,3.0667309294810265],[101.49927857001617,3.0666663298728931],[101.49944483656749,3.0666731407918628],[101.49944285044823,3.0667216254678507]]]},"properties":{"FID":339,"id":0,"NAME":" ","Height":0}},{"type":"Feature","id":340,"geometry":{"type":"Polygon","coordinates":[[[101.49698489289254,3.0683388111222207],[101.49693117121414,3.0683429972270284],[101.49692155579913,3.0682195994009911],[101.49697527747753,3.0682154132961834],[101.49698489289254,3.0683388111222207]]]},"properties":{"FID":340,"id":0,"NAME":" ","Height":0}},{"type":"Feature","id":341,"geometry":{"type":"Polygon","coordinates":[[[101.49693741678092,3.0679247473130977],[101.49693394093823,3.0679077543044162],[101.49696038332954,3.06790234563347],[101.49696385917223,3.0679193386421515],[101.49693741678092,3.0679247473130977]]]},"properties":{"FID":341,"id":0,"NAME":" ","Height":0}},{"type":"Feature","id":342,"geometry":{"type":"Polygon","coordinates":[[[101.49702746838227,3.0674149856803781],[101.49700805399777,3.0673125703493054],[101.49695644728979,3.06732198098429],[101.49690676764554,3.0670495442255068],[101.49695647511675,3.0670404799219328],[101.49694042159811,3.0669557939291012],[101.49696235161611,3.0669516367604732],[101.49695484472061,3.0669165309844515],[101.49701854684508,3.0669029091465125],[101.49702637147989,3.0669395008210767],[101.49703333455493,3.0669381808642426],[101.49702696033322,3.066907316211728],[101.49706381942411,3.0668997040081738],[101.49707031785944,3.0669311701160833],[101.49726145709715,3.0668949367649359],[101.49725532643983,3.0668608417058172],[101.49738233004651,3.0668380050951543],[101.49738824528696,3.0668709021341716],[101.49740116023429,3.0668684539093736],[101.49740343950198,3.0668804775692378],[101.4974836925465,3.0668660500556193],[101.49753292243564,3.0671398913140062],[101.49758826018474,3.0671300733262621],[101.49760091295757,3.0672013889549175],[101.49760893178218,3.0671998709881181],[101.49763553597525,3.0673404105297357],[101.49744082382118,3.0673772696206298],[101.49743339683612,3.067338035764779],[101.49702746838227,3.0674149856803781]]]},"properties":{"FID":342,"id":0,"NAME":" ","Height":0}},{"type":"Feature","id":343,"geometry":{"type":"Polygon","coordinates":[[[101.4968863157092,3.0674715872146434],[101.49689572638633,3.0675123112952845],[101.49692279333723,3.0675058757964684],[101.49695003701311,3.0676204594920744],[101.49692224468181,3.0676270674589539],[101.49693158828823,3.0676675012955923],[101.49685949185503,3.0676841616165547],[101.496814219276,3.0674882475356058],[101.4968863157092,3.0674715872146434]]]},"properties":{"FID":343,"id":0,"NAME":" ","Height":0}},{"type":"Feature","id":344,"geometry":{"type":"Polygon","coordinates":[[[101.49696566206255,3.067942776216253],[101.4969806861485,3.0680108854059491],[101.49695064168991,3.068017512860048],[101.49693561760395,3.0679494036703518],[101.4969435508053,3.0679476536994676],[101.49694085368452,3.0679354267519154],[101.49695487723886,3.0679323333208117],[101.49695757435964,3.0679445602683644],[101.49696566206255,3.067942776216253]]]},"properties":{"FID":344,"id":0,"NAME":" ","Height":0}},{"type":"Feature","id":345,"geometry":{"type":"Polygon","coordinates":[[[101.49750963413499,3.0679259492399757],[101.49750471214959,3.0678903594994673],[101.49755178761895,3.0678838490622171],[101.49755670960434,3.0679194388027256],[101.49750963413499,3.0679259492399757]]]},"properties":{"FID":345,"id":0,"NAME":" ","Height":0}},{"type":"Feature","id":346,"geometry":{"type":"Polygon","coordinates":[[[101.49745514678322,3.0675489448428936],[101.49745022479783,3.0675133551023852],[101.49749730026718,3.067506844665135],[101.49750222225258,3.0675424344056434],[101.49745514678322,3.0675489448428936]]]},"properties":{"FID":346,"id":0,"NAME":" ","Height":0}},{"type":"Feature","id":347,"geometry":{"type":"Polygon","coordinates":[[[101.49753547556283,3.0683618480540296],[101.49753055357743,3.0683262583135211],[101.49757762904679,3.0683197478762709],[101.49758255103218,3.0683553376167794],[101.49753547556283,3.0683618480540296]]]},"properties":{"FID":347,"id":0,"NAME":" ","Height":0}},{"type":"Feature","id":348,"geometry":{"type":"Polygon","coordinates":[[[101.4975787590477,3.0679717052786497],[101.4975738370623,3.0679361155381413],[101.49762091253166,3.0679296051008911],[101.49762583451705,3.0679651948413995],[101.4975787590477,3.0679717052786497]]]},"properties":{"FID":348,"id":0,"NAME":" ","Height":0}},{"type":"Feature","id":349,"geometry":{"type":"Polygon","coordinates":[[[101.49748140297068,3.067986128401174],[101.49747648098528,3.0679505386606656],[101.49752355645464,3.0679440282234154],[101.49752847844003,3.0679796179639238],[101.49748140297068,3.067986128401174]]]},"properties":{"FID":349,"id":0,"NAME":" ","Height":0}},{"type":"Feature","id":350,"geometry":{"type":"Polygon","coordinates":[[[101.49741788705003,3.0679383691510376],[101.49741296506464,3.0679027794105291],[101.49746004053399,3.0678962689732789],[101.49746496251939,3.0679318587137874],[101.49741788705003,3.0679383691510376]]]},"properties":{"FID":350,"id":0,"NAME":" ","Height":0}},{"type":"Feature","id":351,"geometry":{"type":"Polygon","coordinates":[[[101.49724601150665,3.0679628083308703],[101.49724108952125,3.0679272185903619],[101.49728816499061,3.0679207081531117],[101.497293086976,3.0679562978936201],[101.49724601150665,3.0679628083308703]]]},"properties":{"FID":351,"id":0,"NAME":" ","Height":0}},{"type":"Feature","id":352,"geometry":{"type":"Polygon","coordinates":[[[101.49717910424383,3.0679724237458861],[101.49717418225843,3.0679368340053776],[101.49722125772779,3.0679303235681274],[101.49722617971318,3.0679659133086359],[101.49717910424383,3.0679724237458861]]]},"properties":{"FID":352,"id":0,"NAME":" ","Height":0}},{"type":"Feature","id":353,"geometry":{"type":"Polygon","coordinates":[[[101.49713863937228,3.0677067979060713],[101.49713371738689,3.0676712081655628],[101.49718079285624,3.0676646977283126],[101.49718571484163,3.0677002874688211],[101.49713863937228,3.0677067979060713]]]},"properties":{"FID":353,"id":0,"NAME":" ","Height":0}},{"type":"Feature","id":354,"geometry":{"type":"Polygon","coordinates":[[[101.49720616171582,3.0676968646661149],[101.49720123973043,3.0676612749256065],[101.49724831519978,3.0676547644883563],[101.49725323718518,3.0676903542288647],[101.49720616171582,3.0676968646661149]]]},"properties":{"FID":354,"id":0,"NAME":" ","Height":0}},{"type":"Feature","id":355,"geometry":{"type":"Polygon","coordinates":[[[101.49735728990328,3.0675273101591056],[101.49740476601491,3.0675203990795628],[101.49740999155787,3.0675562962877683],[101.49736251544624,3.0675632073673111],[101.49735728990328,3.0675273101591056]]]},"properties":{"FID":355,"id":0,"NAME":" ","Height":0}},{"type":"Feature","id":356,"geometry":{"type":"Polygon","coordinates":[[[101.4973200301701,3.0677733045265967],[101.49728460145928,3.0677776965155439],[101.49727859182489,3.0677292187981724],[101.49731402053571,3.0677248268092252],[101.4973200301701,3.0677733045265967]]]},"properties":{"FID":356,"id":0,"NAME":" ","Height":0}},{"type":"Feature","id":357,"geometry":{"type":"Polygon","coordinates":[[[101.49736530274913,3.0676979837756391],[101.49733041409691,3.0677029678688181],[101.49732360317793,3.0676552914360307],[101.49735849183016,3.0676503073428516],[101.49736530274913,3.0676979837756391]]]},"properties":{"FID":357,"id":0,"NAME":" ","Height":0}},{"type":"Feature","id":358,"geometry":{"type":"Polygon","coordinates":[[[101.49738273068884,3.0678211812805301],[101.49734703317762,3.067825811501649],[101.49734082322209,3.0677779347477157],[101.49737652073331,3.0677733045265967],[101.49738273068884,3.0678211812805301]]]},"properties":{"FID":358,"id":0,"NAME":" ","Height":0}},{"type":"Feature","id":359,"geometry":{"type":"Polygon","coordinates":[[[101.49736329953767,3.067770099388258],[101.49733273117815,3.0677747510951416],[101.49732291544198,3.0677102476860769],[101.4973534838015,3.0677055959791932],[101.49736329953767,3.067770099388258]]]},"properties":{"FID":359,"id":0,"NAME":" ","Height":0}},{"type":"Feature","id":360,"geometry":{"type":"Polygon","coordinates":[[[101.4973334516869,3.0678690580344639],[101.4972981437531,3.0678735623387752],[101.49729193379757,3.0678248843002569],[101.49732724173137,3.0678203799959456],[101.4973334516869,3.0678690580344639]]]},"properties":{"FID":360,"id":0,"NAME":" ","Height":0}},{"type":"Feature","id":361,"geometry":{"type":"Polygon","coordinates":[[[101.49714935655355,3.067897303316073],[101.49711872607217,3.0679011643011243],[101.49711271643778,3.0678534878683372],[101.49714334691916,3.067849626883286],[101.49714935655355,3.067897303316073]]]},"properties":{"FID":361,"id":0,"NAME":" ","Height":0}},{"type":"Feature","id":362,"geometry":{"type":"Polygon","coordinates":[[[101.49714079282455,3.0678491761607076],[101.49711732681406,3.0678518243625166],[101.49711191814312,3.0678038975282962],[101.49713538415361,3.0678012493264872],[101.49714079282455,3.0678491761607076]]]},"properties":{"FID":362,"id":0,"NAME":" ","Height":0}},{"type":"Feature","id":363,"geometry":{"type":"Polygon","coordinates":[[[101.49713528399303,3.067800047399611],[101.49709934648691,3.0678055144882905],[101.49709218500595,3.0677584390189407],[101.49712812251208,3.0677529719302612],[101.49713528399303,3.067800047399611]]]},"properties":{"FID":363,"id":0,"NAME":" ","Height":0}},{"type":"Feature","id":364,"geometry":{"type":"Polygon","coordinates":[[[101.49724290652884,3.0682122081578442],[101.49720792493046,3.0682168338237381],[101.4972015146538,3.0681683561063662],[101.49723649625217,3.0681637304404723],[101.49724290652884,3.0682122081578442]]]},"properties":{"FID":364,"id":0,"NAME":" ","Height":0}},{"type":"Feature","id":365,"geometry":{"type":"Polygon","coordinates":[[[101.4972292846909,3.0681160540076853],[101.49719567117157,3.0681207765682479],[101.49718886025261,3.068072298850876],[101.49722247377194,3.0680675762903133],[101.4972292846909,3.0681160540076853]]]},"properties":{"FID":365,"id":0,"NAME":" ","Height":0}},{"type":"Feature","id":366,"geometry":{"type":"Polygon","coordinates":[[[101.49742680134104,3.0681835622339424],[101.49739146318426,3.0681886315329359],[101.49738455210472,3.0681404542972839],[101.4974198902615,3.0681353849982904],[101.49742680134104,3.0681835622339424]]]},"properties":{"FID":366,"id":0,"NAME":" ","Height":0}},{"type":"Feature","id":367,"geometry":{"type":"Polygon","coordinates":[[[101.49741368030595,3.0680882093683692],[101.49737747151259,3.0680934679068241],[101.49737046027248,3.0680451905105981],[101.49740666906584,3.0680399319721432],[101.49741368030595,3.0680882093683692]]]},"properties":{"FID":367,"id":0,"NAME":" ","Height":0}},{"type":"Feature","id":368,"geometry":{"type":"Polygon","coordinates":[[[101.49746376059251,3.0680569592695677],[101.49742799220448,3.0680613390721878],[101.49742198257009,3.0680122603913773],[101.49745775095812,3.0680078805887572],[101.49746376059251,3.0680569592695677]]]},"properties":{"FID":368,"id":0,"NAME":" ","Height":0}},{"type":"Feature","id":369,"geometry":{"type":"Polygon","coordinates":[[[101.49747598018241,3.0681344835531337],[101.49744008746963,3.0681396532854275],[101.49743307622951,3.0680909752469092],[101.4974689689423,3.0680858055146154],[101.49747598018241,3.0681344835531337]]]},"properties":{"FID":369,"id":0,"NAME":" ","Height":0}},{"type":"Feature","id":370,"geometry":{"type":"Polygon","coordinates":[[[101.49746956990575,3.0681907737952057],[101.49743792864651,3.0681951806558336],[101.49743041660351,3.0681412441872298],[101.49746205786275,3.0681368373266018],[101.49746956990575,3.0681907737952057]]]},"properties":{"FID":370,"id":0,"NAME":" ","Height":0}},{"type":"Feature","id":371,"geometry":{"type":"Polygon","coordinates":[[[101.49749030314436,3.0682356958122337],[101.49745408465972,3.0682410732291721],[101.49744727374075,3.0681951996867003],[101.49748349222538,3.0681898222697619],[101.49749030314436,3.0682356958122337]]]},"properties":{"FID":371,"id":0,"NAME":" ","Height":0}},{"type":"Feature","id":372,"geometry":{"type":"Polygon","coordinates":[[[101.49750172144968,3.0683152233072613],[101.4974669052035,3.0683206903211193],[101.49745929299995,3.0682722126037478],[101.49749410924613,3.0682667455898898],[101.49750172144968,3.0683152233072613]]]},"properties":{"FID":372,"id":0,"NAME":" ","Height":0}},{"type":"Feature","id":373,"geometry":{"type":"Polygon","coordinates":[[[101.49762692216605,3.0683126191323624],[101.49767600084687,3.0683060085345391],[101.49768104319628,3.068343444158979],[101.49763196451546,3.0683500547568023],[101.49762692216605,3.0683126191323624]]]},"properties":{"FID":373,"id":0,"NAME":" ","Height":0}},{"type":"Feature","id":374,"geometry":{"type":"Polygon","coordinates":[[[101.49773449462155,3.0682791655009534],[101.49769892604728,3.0682840157610807],[101.49769231544946,3.0682355380437087],[101.49772788402373,3.0682306877835814],[101.49773449462155,3.0682791655009534]]]},"properties":{"FID":374,"id":0,"NAME":" ","Height":0}},{"type":"Feature","id":375,"geometry":{"type":"Polygon","coordinates":[[[101.49772327663736,3.0681998383270725],[101.49768830470792,3.0682050469123072],[101.49768129346781,3.0681579714429583],[101.49771626539724,3.0681527628577236],[101.49772327663736,3.0681998383270725]]]},"properties":{"FID":375,"id":0,"NAME":" ","Height":0}},{"type":"Feature","id":376,"geometry":{"type":"Polygon","coordinates":[[[101.49777976720057,3.0682040450711416],[101.49774418786305,3.0682086921682816],[101.49773777758638,3.0681596134874716],[101.4977733569239,3.0681549663903316],[101.49777976720057,3.0682040450711416]]]},"properties":{"FID":376,"id":0,"NAME":" ","Height":0}},{"type":"Feature","id":377,"geometry":{"type":"Polygon","coordinates":[[[101.49770785190908,3.0681000783962813],[101.49767213375495,3.068104821055746],[101.49766572347828,3.0680565436595204],[101.49770144163242,3.0680518010000557],[101.49770785190908,3.0681000783962813]]]},"properties":{"FID":377,"id":0,"NAME":" ","Height":0}},{"type":"Feature","id":378,"geometry":{"type":"Polygon","coordinates":[[[101.49776314054543,3.0680804469239575],[101.4977266551405,3.0680856591246677],[101.49771984422152,3.0680379826918802],[101.49775632962645,3.0680327704911701],[101.49776314054543,3.0680804469239575]]]},"properties":{"FID":378,"id":0,"NAME":" ","Height":0}},{"type":"Feature","id":379,"geometry":{"type":"Polygon","coordinates":[[[101.49769783585178,3.0680219531492763],[101.49766195645614,3.0680270360636523],[101.49765514553718,3.0679789589885731],[101.49769102493282,3.067973876074197],[101.49769783585178,3.0680219531492763]]]},"properties":{"FID":379,"id":0,"NAME":" ","Height":0}},{"type":"Feature","id":380,"geometry":{"type":"Polygon","coordinates":[[[101.49781582500688,3.0682845741718983],[101.49786350143967,3.0682779635740749],[101.49786835065358,3.0683129366925979],[101.49782067422079,3.0683195472904212],[101.49781582500688,3.0682845741718983]]]},"properties":{"FID":380,"id":0,"NAME":" ","Height":0}},{"type":"Feature","id":381,"geometry":{"type":"Polygon","coordinates":[[[101.49789715539222,3.0682729555454209],[101.49794503214616,3.0682655436630126],[101.49795051829831,3.0683009812404003],[101.49790264154437,3.0683083931228086],[101.49789715539222,3.0682729555454209]]]},"properties":{"FID":381,"id":0,"NAME":" ","Height":0}},{"type":"Feature","id":382,"geometry":{"type":"Polygon","coordinates":[[[101.49797047293174,3.0682597343497737],[101.49802736413724,3.0682527231096581],[101.49803195048233,3.0682899380240278],[101.49797505927683,3.0682969492641434],[101.49797047293174,3.0682597343497737]]]},"properties":{"FID":382,"id":0,"NAME":" ","Height":0}},{"type":"Feature","id":383,"geometry":{"type":"Polygon","coordinates":[[[101.49805000042676,3.0682487166867349],[101.49810729227457,3.0682423064100575],[101.4981114199858,3.0682791978291872],[101.49805412813799,3.0682856081058647],[101.49805000042676,3.0682487166867349]]]},"properties":{"FID":383,"id":0,"NAME":" ","Height":0}},{"type":"Feature","id":384,"geometry":{"type":"Polygon","coordinates":[[[101.49769833665466,3.0674772799528545],[101.49774551228458,3.0674702687127389],[101.49775076387006,3.0675056043807016],[101.49770358824014,3.0675126156208172],[101.49769833665466,3.0674772799528545]]]},"properties":{"FID":384,"id":0,"NAME":" ","Height":0}},{"type":"Feature","id":385,"geometry":{"type":"Polygon","coordinates":[[[101.49777966704001,3.0674657614869507],[101.49782714315165,3.067458950567981],[101.4978323052889,3.0674949337011483],[101.49778482917725,3.067501744620118],[101.49777966704001,3.0674657614869507]]]},"properties":{"FID":385,"id":0,"NAME":" ","Height":0}},{"type":"Feature","id":386,"geometry":{"type":"Polygon","coordinates":[[[101.4978603964619,3.0674543431816197],[101.49790827321584,3.0674467309780655],[101.49791402391344,3.0674828998392609],[101.4978661471595,3.0674905120428151],[101.4978603964619,3.0674543431816197]]]},"properties":{"FID":386,"id":0,"NAME":" ","Height":0}},{"type":"Feature","id":387,"geometry":{"type":"Polygon","coordinates":[[[101.49794152652611,3.0674429248762887],[101.49798980392234,3.0674353126727345],[101.49799523136386,3.0674697340781769],[101.49794695396763,3.0674773462817311],[101.49794152652611,3.0674429248762887]]]},"properties":{"FID":387,"id":0,"NAME":" ","Height":0}},{"type":"Feature","id":388,"geometry":{"type":"Polygon","coordinates":[[[101.49813503675331,3.0681366370054572],[101.49811500463869,3.0679952102762647],[101.49819707963805,3.0679835849222474],[101.49821711175267,3.06812501165144],[101.49813503675331,3.0681366370054572]]]},"properties":{"FID":388,"id":0,"NAME":" ","Height":0}},{"type":"Feature","id":389,"geometry":{"type":"Polygon","coordinates":[[[101.4980717352711,3.0677067478257865],[101.49805090187191,3.0675661223811792],[101.49813352226955,3.067553882322275],[101.49815435566875,3.0676945077668822],[101.4980717352711,3.0677067478257865]]]},"properties":{"FID":389,"id":0,"NAME":" ","Height":0}},{"type":"Feature","id":390,"geometry":{"type":"Polygon","coordinates":[[[101.49822558191133,3.0672243745058223],[101.49818826427655,3.0672304386214742],[101.49817263922715,3.0671342844713152],[101.49820995686193,3.0671282203556633],[101.49822558191133,3.0672243745058223]]]},"properties":{"FID":390,"id":0,"NAME":" ","Height":0}},{"type":"Feature","id":391,"geometry":{"type":"Polygon","coordinates":[[[101.49720033828527,3.0690136429833643],[101.4971023812448,3.0691172090159311],[101.49692850248994,3.0689970163282321],[101.49704589068158,3.0688712146484409],[101.49720033828527,3.0690136429833643]]]},"properties":{"FID":391,"id":0,"NAME":" ","Height":0}},{"type":"Feature","id":392,"geometry":{"type":"Polygon","coordinates":[[[101.49692201966282,3.0689313168885808],[101.49677285295935,3.0687900845842444],[101.49691548161542,3.0686394430823287],[101.49697815817844,3.068642608745396],[101.49712541817661,3.0687804691692286],[101.4969843920897,3.0689311106711448],[101.49692201966282,3.0689313168885808]]]},"properties":{"FID":392,"id":0,"NAME":" ","Height":0}},{"type":"Feature","id":393,"geometry":{"type":"Polygon","coordinates":[[[101.49801776003743,3.0687576164722645],[101.49802568410439,3.0687652357674278],[101.49805230411994,3.0687442110417726],[101.49815166340844,3.0688700127215642],[101.49805188817334,3.0689488160919658],[101.49802387377217,3.0689133462453304],[101.49801975193368,3.0689169880303386],[101.49799965941499,3.0688942469523584],[101.49747377643907,3.0688532485794231],[101.49741652194786,3.0689043959249047],[101.49733355184749,3.0688115189468843],[101.49737265189411,3.0687765895719075],[101.49737001029611,3.0687736582502585],[101.49740446553325,3.0687426084726028],[101.49740724181142,3.0687456892457852],[101.49741082049508,3.0687424922883864],[101.49739304722792,3.0687233776425713],[101.49740446553325,3.0687127606218243],[101.49742245043537,3.0687321028750527],[101.49745374453519,3.0687041468125402],[101.49747029434339,3.0687226727172323],[101.49748384046011,3.0687090585295822],[101.49748659720316,3.0686736979983231],[101.49802105402112,3.0687153647967254],[101.49801776003743,3.0687576164722645]],[[101.49746356027138,3.0687654450832667],[101.49748219013797,3.0687874804093447],[101.49769633344322,3.0688029051375993],[101.49769873729697,3.0687656454044125],[101.49748158917453,3.0687504209973042],[101.49746356027138,3.0687654450832667]],[[101.49780290429297,3.0688097160565686],[101.49801163892727,3.0688249404636774],[101.49802766461896,3.0688125205526151],[101.49802285691146,3.0688057096336454],[101.49802766461896,3.0688025044953067],[101.49801564535019,3.0687880813727828],[101.4978065100736,3.0687732576079667],[101.49780290429297,3.0688097160565686]]]},"properties":{"FID":393,"id":0,"NAME":" ","Height":0}},{"type":"Feature","id":394,"geometry":{"type":"Polygon","coordinates":[[[101.49737892458714,3.0691462555821278],[101.49739729290299,3.0691615728895809],[101.49740906793451,3.0691456955890133],[101.49740664712182,3.0691193444476212],[101.49793870008604,3.0690704660879566],[101.49794168090436,3.0691029130284297],[101.49795847644407,3.0691167446493646],[101.49797365177267,3.0690981474329457],[101.49809447172122,3.0691967365109618],[101.49801274069358,3.0692968970840444],[101.49795350541723,3.0692485610985436],[101.49742299523929,3.0692972977263366],[101.49742247443156,3.0692916286061127],[101.4973757194488,3.0693461760860008],[101.49728036658323,3.0692644450583653],[101.49737892458714,3.0691462555821278]],[[101.49739334770965,3.0692047493568073],[101.49742299523929,3.0692323936749779],[101.49762852473525,3.0692135634872386],[101.49762531959691,3.0691670889813283],[101.49741217789739,3.0691843165998987],[101.49739334770965,3.0692047493568073]],[[101.49772988723521,3.0692087557797301],[101.49794543278848,3.0691911275188679],[101.49797347774894,3.0691542684279738],[101.49794302893473,3.0691234189714645],[101.49772788402375,3.0691422491592038],[101.49772988723521,3.0692087557797301]]]},"properties":{"FID":394,"id":0,"NAME":" ","Height":0}},{"type":"Feature","id":395,"geometry":{"type":"Polygon","coordinates":[[[101.49754559178074,3.0694214968369566],[101.49815937577259,3.0694086762836021],[101.49809687557499,3.069639446243984],[101.49754559178074,3.0694214968369566]]]},"properties":{"FID":395,"id":0,"NAME":" ","Height":0}},{"type":"Feature","id":396,"geometry":{"type":"Polygon","coordinates":[[[101.49843942473491,3.0690160468371204],[101.49846947290683,3.0689283061751005],[101.49850423238397,3.068940210105624],[101.49847418421204,3.0690279507676439],[101.49843942473491,3.0690160468371204]]]},"properties":{"FID":396,"id":0,"NAME":" ","Height":0}},{"type":"Feature","id":397,"geometry":{"type":"Polygon","coordinates":[[[101.49881642913199,3.0699507453051247],[101.49897548412204,3.0699291106213389],[101.49898365945533,3.0699892144604988],[101.49882460446528,3.0700108491442846],[101.49881642913199,3.0699507453051247]]]},"properties":{"FID":397,"id":0,"NAME":" ","Height":0}},{"type":"Feature","id":398,"geometry":{"type":"Polygon","coordinates":[[[101.49883325610827,3.0700693354236543],[101.49882555947489,3.0700153215501209],[101.49898301189577,3.0699928855817502],[101.49899070852915,3.0700468994552836],[101.49883325610827,3.0700693354236543]]]},"properties":{"FID":398,"id":0,"NAME":" ","Height":0}},{"type":"Feature","id":399,"geometry":{"type":"Polygon","coordinates":[[[101.49853878402338,3.0696592780374554],[101.4985844572447,3.0695631238872965],[101.49863064907674,3.0695850650075114],[101.49858497585542,3.0696812191576703],[101.49853878402338,3.0696592780374554]]]},"properties":{"FID":399,"id":0,"NAME":" ","Height":0}},{"type":"Feature","id":400,"geometry":{"type":"Polygon","coordinates":[[[101.49865577157274,3.069842171243903],[101.4986742384083,3.0698060335570729],[101.49876518420866,3.0698525080629833],[101.49874671737311,3.0698886457498133],[101.49865577157274,3.069842171243903]]]},"properties":{"FID":400,"id":0,"NAME":" ","Height":0}},{"type":"Feature","id":401,"geometry":{"type":"Polygon","coordinates":[[[101.498542389804,3.0699032691934836],[101.49859367201742,3.0697999034820627],[101.49862609442251,3.0698159890163654],[101.49857481220909,3.0699193547277863],[101.498542389804,3.0699032691934836]]]},"properties":{"FID":401,"id":0,"NAME":" ","Height":0}},{"type":"Feature","id":402,"geometry":{"type":"Polygon","coordinates":[[[101.498542389804,3.0699032691934836],[101.49857644439885,3.0698363619306646],[101.49863632406584,3.0698668396054813],[101.49860226947099,3.0699337468683003],[101.498542389804,3.0699032691934836]]]},"properties":{"FID":402,"id":0,"NAME":" ","Height":0}},{"type":"Feature","id":403,"geometry":{"type":"Polygon","coordinates":[[[101.4990197550953,3.0695122423161703],[101.49898061260791,3.0695153737151646],[101.49897740746957,3.0694753094859317],[101.49901654995696,3.0694721780869374],[101.4990197550953,3.0695122423161703]]]},"properties":{"FID":403,"id":0,"NAME":" ","Height":0}},{"type":"Feature","id":404,"geometry":{"type":"Polygon","coordinates":[[[101.4986833545159,3.0691195796248989],[101.4987302910391,3.0690793483193093],[101.49874522527227,3.0690967715913442],[101.49875337279043,3.0690892202330504],[101.49875673343038,3.0690480982205073],[101.49929599795587,3.0690921688726638],[101.49929255595465,3.0691342864512667],[101.49930143334004,3.0691435189320737],[101.49931900010108,3.0691282944058358],[101.49942119867221,3.0692462158340641],[101.49932504452205,3.069329549430869],[101.49928077300474,3.0692784669109012],[101.49928063165839,3.0692801964762984],[101.49874356496655,3.069236305439075],[101.49869567938654,3.0692773502219319],[101.49869274223177,3.0692798677831727],[101.49860956505037,3.0691828277382172],[101.49861250220515,3.0691803101769763],[101.49866784028247,3.0691328775392819],[101.49866278281284,3.0691272250732426],[101.49867800721995,3.0691136032353032],[101.4986833545159,3.0691195796248989]],[[101.49873269489269,3.0691412475534765],[101.49875753471481,3.0691704944408165],[101.49896506742225,3.0691873214170946],[101.49896827256057,3.069124821219491],[101.49876274306462,3.0691087955277978],[101.49873269489269,3.0691412475534765]],[[101.49907143795085,3.069198940043572],[101.49927736808911,3.0692149657352652],[101.49931142268396,3.0691873214170946],[101.49928538093495,3.0691548693914159],[101.49907744758524,3.0691372411305533],[101.49907143795085,3.069198940043572]]]},"properties":{"FID":404,"id":0,"NAME":" ","Height":0}},{"type":"Feature","id":405,"geometry":{"type":"Polygon","coordinates":[[[101.49863944539915,3.0683314493201044],[101.49865176514965,3.06829719440411],[101.49868323757238,3.0683085134333434],[101.49867091782188,3.0683427683493378],[101.49863944539915,3.0683314493201044]]]},"properties":{"FID":405,"id":0,"NAME":" ","Height":0}},{"type":"Feature","id":406,"geometry":{"type":"Polygon","coordinates":[[[101.49964854193038,3.0693547986140026],[101.49966633949123,3.0693582066575691],[101.49969789365257,3.0693383726132994],[101.49970305052484,3.0693465767282935],[101.49998510269864,3.0697952960957022],[101.49995425721912,3.0698146846828362],[101.4999512311517,3.0698280182923949],[101.49997553321147,3.0698338328956525],[101.49996156556297,3.0698922105034829],[101.49996912594945,3.0698940655660087],[101.49995800752677,3.0699393791720064],[101.49995070832388,3.069937588195077],[101.49993902883499,3.0699864024691452],[101.49980841944767,3.0699551523703432],[101.49982623155546,3.0698807068941973],[101.4995525156921,3.0694452498388567],[101.49949291364247,3.0694305112885374],[101.49949559846405,3.0694196539880743],[101.49947909148338,3.0694162884871599],[101.4995043319478,3.0692924900188299],[101.49965498327781,3.0693232053385482],[101.49964854193038,3.0693547986140026]],[[101.49971206497628,3.069582354717332],[101.49976254590511,3.0695487007647766],[101.49965196863242,3.0693748220099053],[101.4996119044032,3.069366007879474],[101.49960389155734,3.069403668254953],[101.49971206497628,3.069582354717332]],[[101.49977136003555,3.0696728998753993],[101.49988113602365,3.069853990191532],[101.49992280282206,3.0698660094603021],[101.49993241823707,3.0698187336698073],[101.4998266486719,3.0696416497765973],[101.49977136003555,3.0696728998753993]]]},"properties":{"FID":406,"id":0,"NAME":" ","Height":0}},{"type":"Feature","id":407,"geometry":{"type":"Polygon","coordinates":[[[101.49917784092663,3.0696765675120572],[101.49919623802506,3.0696482603744175],[101.49964255353872,3.0699383253940637],[101.49962583661161,3.0699640472957244],[101.49963141328433,3.0699883100693102],[101.49965577473436,3.0699827966885134],[101.49969022997151,3.0701350407595984],[101.49956521360346,3.0701633339376317],[101.49954741896953,3.0700847064853494],[101.49954186181967,3.0700932571275334],[101.49909640900428,3.0698037527843267],[101.4990792504757,3.0698063137587428],[101.49907834759915,3.0698002644858771],[101.49902636569311,3.0698111214662505],[101.49899992330182,3.0696845185018744],[101.4991515482771,3.0696528499943883],[101.49915730173488,3.0696803968528923],[101.49917784092663,3.0696765675120572]],[[101.4991367426445,3.0697478199840638],[101.4993094194725,3.0698595991836237],[101.49933786507525,3.0698147272468828],[101.49917039659705,3.0696993422666927],[101.49912913044095,3.0697085570394163],[101.4991367426445,3.0697478199840638]],[[101.49940477233805,3.0699208974543502],[101.49957344274313,3.0700354811499566],[101.49961751339529,3.0700282695886947],[101.49961110311861,3.0699874040748774],[101.49943802564833,3.0698736216638554],[101.49940477233805,3.0699208974543502]]]},"properties":{"FID":407,"id":0,"NAME":" ","Height":0}},{"type":"Feature","id":408,"geometry":{"type":"Polygon","coordinates":[[[101.49884166959639,3.0698289500482572],[101.49877115655293,3.0698513860166297],[101.49855801485342,3.069748821589791],[101.49866057928025,3.0695356798902718],[101.49873524613207,3.0695096927949046],[101.49894743916155,3.0696142057795686],[101.49885715052784,3.0697975190662099],[101.49887512322773,3.0698067144010337],[101.49886190203209,3.069832555828889],[101.49884432336562,3.0698235620925565],[101.49884166959639,3.0698289500482572]]]},"properties":{"FID":408,"id":0,"NAME":" ","Height":0}},{"type":"Feature","id":409,"geometry":{"type":"Polygon","coordinates":[[[101.4989370224619,3.0698395670690046],[101.49887492290659,3.0698029082992564],[101.49890156399663,3.0697577785839174],[101.49896366355193,3.0697944373536656],[101.49896113691292,3.0697987174525352],[101.49898129343521,3.0698111214662491],[101.49896366517434,3.069839767390151],[101.49894403526987,3.069827687448941],[101.4989370224619,3.0698395670690046]]]},"properties":{"FID":409,"id":0,"NAME":" ","Height":0}},{"type":"Feature","id":410,"geometry":{"type":"Polygon","coordinates":[[[101.50080801675101,3.0678629406023168],[101.50080114553013,3.0678821841022366],[101.50078035744406,3.0679404030908604],[101.50075874601637,3.0679326863608285],[101.50075541922453,3.0679432853004052],[101.50077290611412,3.0679806553754432],[101.5002828436259,3.0682099743857556],[101.50026493337778,3.0681716995792572],[101.50025264481302,3.0681680887831959],[101.50024494754703,3.0681900234450232],[101.50009770545482,3.0681383535557512],[101.50013983752838,3.0680182910831668],[101.50014145419988,3.0680138123544864],[101.50020664407201,3.0680373437213913],[101.50069095119642,3.0678107178662675],[101.50071215961769,3.0677513216892951],[101.5007134604773,3.0677476785097646],[101.50083382672709,3.0677906573387919],[101.50083252586751,3.0677943005183312],[101.50080801675101,3.0678629406023168]],[[101.50043241981786,3.0679950099551205],[101.50023370124086,3.0680911641052795],[101.50021767554917,3.0681360360420205],[101.50026495133966,3.0681512604491292],[101.50045806092457,3.0680543050143854],[101.50043241981786,3.0679950099551205]],[[101.50071367070707,3.0678656024946975],[101.50051495213008,3.067958150864226],[101.50054379837512,3.068017846565783],[101.50074171566753,3.0679224937002085],[101.50075694007464,3.0678816281863908],[101.50071367070707,3.0678656024946975]]]},"properties":{"FID":410,"id":0,"NAME":" ","Height":0}},{"type":"Feature","id":411,"geometry":{"type":"Polygon","coordinates":[[[101.49930504576488,3.0683966102665727],[101.49928715734903,3.0684064764521763],[101.49928328434638,3.068399454297436],[101.49922852992297,3.0684281518283085],[101.49921787713379,3.06840782647931],[101.49920824538113,3.0684133613148918],[101.49919576047213,3.0684526861272192],[101.49873707053399,3.0683070604574332],[101.49873249457154,3.0683213331022228],[101.49868001043124,3.0683045061259451],[101.49868453860675,3.0682903825309009],[101.49868006401313,3.0682889619292273],[101.49869285118241,3.0682486850611546],[101.49868626698952,3.0682376989300297],[101.49866573678268,3.0682486025028228],[101.49859254372939,3.0681107881779908],[101.4987049187191,3.0680511059307576],[101.49870819279208,3.0680493959140751],[101.49873985048724,3.0681100091265261],[101.49925074508948,3.0682722088227803],[101.49930660664768,3.0682429310276418],[101.4993100330245,3.0682411352173786],[101.49936936442563,3.0683543385683456],[101.49936593804881,3.0683561343786097],[101.49930138268108,3.0683899687164362],[101.49930504576488,3.0683966102665727]],[[101.49868081171581,3.0681925266052388],[101.49870044318814,3.0682361966151026],[101.49890637332641,3.06830110066646],[101.4989272067256,3.068237799184272],[101.49872207787193,3.0681724944906223],[101.49868081171581,3.0681925266052388]],[[101.49902135766429,3.068266244787027],[101.49900332876113,3.0683291456269228],[101.49920485183418,3.0683928477514031],[101.49924571734799,3.0683708124253251],[101.49922408266421,3.0683295462692151],[101.49902135766429,3.068266244787027]]]},"properties":{"FID":411,"id":0,"NAME":" ","Height":0}},{"type":"Feature","id":412,"geometry":{"type":"Polygon","coordinates":[[[101.49999702949123,3.0686708410926533],[101.49998336632235,3.0686860346367535],[101.49994202998141,3.068732000951325],[101.49992496685978,3.0687166565187969],[101.49991786491933,3.0687251986207684],[101.49991985339199,3.0687664097817926],[101.499379419794,3.0687924861504445],[101.4993773831803,3.068750277265071],[101.49936738581295,3.06874227106006],[101.49935193665925,3.068759640600728],[101.49923533912381,3.0686559341597333],[101.49931990225072,3.0685608595231715],[101.49932162138401,3.068558955405309],[101.49937150633762,3.0686039940482175],[101.49990855863778,3.0685780808299858],[101.49995073079985,3.0685311850762238],[101.49995331751107,3.0685283086343533],[101.50004835167488,3.0686137704477003],[101.50004576496364,3.0686166468895717],[101.49999702949123,3.0686708410926533]],[[101.49935469205148,3.0687041468125442],[101.49938433958111,3.0687361981959302],[101.49959507742687,3.06872578149633],[101.49959267357312,3.0686616787295571],[101.49938113444277,3.0686753005674965],[101.49935469205148,3.0687041468125442]],[[101.49969684056911,3.0686552684528801],[101.49970084699204,3.0687185699350681],[101.49990677713029,3.0687065506662985],[101.49993882851369,3.0686736979983271],[101.49990677713029,3.0686440504686949],[101.49969684056911,3.0686552684528801]]]},"properties":{"FID":412,"id":0,"NAME":" ","Height":0}},{"type":"Feature","id":413,"geometry":{"type":"Polygon","coordinates":[[[101.49959567839032,3.0681680874254074],[101.49968301841005,3.0681270215904437],[101.49970137882244,3.0681660710528678],[101.4996140388027,3.0682071368878314],[101.49959567839032,3.0681680874254074]]]},"properties":{"FID":413,"id":0,"NAME":" ","Height":0}},{"type":"Feature","id":414,"geometry":{"type":"Polygon","coordinates":[[[101.49969744153258,3.0681226145252287],[101.49976875586061,3.0681142010370897],[101.49977373784135,3.0681564292548051],[101.49970242351331,3.0681648427429442],[101.49969744153258,3.0681226145252287]]]},"properties":{"FID":414,"id":0,"NAME":" ","Height":0}},{"type":"Feature","id":415,"geometry":{"type":"Polygon","coordinates":[[[101.49993251839759,3.0682255795943574],[101.49992728509854,3.0682331941829237],[101.50001158148881,3.0682891499641451],[101.49987475020819,3.0684952838573589],[101.49986710624033,3.0684965939133848],[101.49986921691539,3.0685080324104508],[101.49980190901029,3.068520452321513],[101.49979939139364,3.0685068084635412],[101.49959660943509,3.0683705484998458],[101.49963327422554,3.0683159839908205],[101.49962091885475,3.0683077112642847],[101.49971346722427,3.0681694896734308],[101.49972605023274,3.0681779148182322],[101.49973533563356,3.0681640962928687],[101.49981007475691,3.0681553901842982],[101.49981588781087,3.0681592488783034],[101.4998223417672,3.0681498582011071],[101.49984597322818,3.0681660994597419],[101.49986521049247,3.0681342331517065],[101.49995214986991,3.0681867172920017],[101.49992981206682,3.0682237196070359],[101.49993251839759,3.0682255795943574]]]},"properties":{"FID":415,"id":0,"NAME":" ","Height":0}},{"type":"Feature","id":416,"geometry":{"type":"Polygon","coordinates":[[[101.50078909161857,3.0677183664522696],[101.50090848302169,3.0676644800639514],[101.50091921670655,3.0676882617597858],[101.50079982530343,3.067742148148104],[101.50078909161857,3.0677183664522696]]]},"properties":{"FID":416,"id":0,"NAME":" ","Height":0}},{"type":"Feature","id":417,"geometry":{"type":"Polygon","coordinates":[[[101.50090668013137,3.0676408421687036],[101.50095235335269,3.0676184062003333],[101.50097380896354,3.0676620836938531],[101.50092813574221,3.0676845196622233],[101.50090668013137,3.0676408421687036]]]},"properties":{"FID":417,"id":0,"NAME":" ","Height":0}},{"type":"Feature","id":418,"geometry":{"type":"Polygon","coordinates":[[[101.50065547741406,3.0684317100537633],[101.50075002899504,3.0684505402415025],[101.50074281577092,3.0684867598349483],[101.50064826418993,3.068467929647209],[101.50065547741406,3.0684317100537633]]]},"properties":{"FID":418,"id":0,"NAME":" ","Height":0}},{"type":"Feature","id":419,"geometry":{"type":"Polygon","coordinates":[[[101.50017350473637,3.069527867365577],[101.50017333676206,3.0695242354770649],[101.50017323171038,3.0695206012242293],[101.50017318961282,3.0695169656971255],[101.50017321048202,3.0695133299861901],[101.50017329431171,3.0695096951819156],[101.50017344107674,3.0695060623745229],[101.50017365073312,3.0695024326536329],[101.50017392321791,3.0694988071079421],[101.50017425844945,3.0694951868248932],[101.50017465632715,3.0694915728903518],[101.50017511673165,3.0694879663882779],[101.50017563952491,3.0694843684004036],[101.50017622455009,3.069480780005907],[101.50017687163174,3.0694772022810874],[101.50017758057574,3.0694736362990453],[101.50017835116948,3.0694700831293593],[101.50017918318181,3.0694665438377635],[101.50018007636319,3.0694630194858306],[101.50018103044573,3.0694595111306526],[101.50018204514323,3.0694560198245222],[101.50018312015138,3.0694525466146194],[101.50018495475493,3.0694419833679527],[101.50018697112444,3.0694314533060165],[101.50018916866102,3.06942095955629],[101.500191546712,3.0694105052354659],[101.50019410457108,3.0694000934485275],[101.50019684147858,3.0693897272878243],[101.50019975662161,3.0693794098321558],[101.50020284913435,3.0693691441458553],[101.50020611809835,3.0693589332778797],[101.50020956254266,3.0693487802609054],[101.50021207972975,3.0693444870725424],[101.50021452169271,3.069340150655357],[101.5002168876894,3.0693357723272729],[101.50021917700073,3.0693313534189515],[101.50022138893094,3.0693268952733876],[101.50022352280779,3.0693223992455012],[101.50022557798273,3.0693178667017249],[101.50022755383117,3.0693132990195897],[101.5002294497526,3.0693086975873056],[101.5002312651708,3.0693040638033398],[101.50023299953406,3.0692993990759918],[101.50023465231524,3.0692947048229664],[101.50023622301207,3.0692899824709405],[101.50023771114712,3.0692852334551315],[101.50023911626818,3.0692804592188607],[101.50024043794816,3.0692756612131138],[101.50024167578539,3.0692708408961007],[101.50024282940367,3.0692659997328122],[101.50024389845241,3.0692611391945754],[101.50024488260667,3.0692562607586047],[101.50024578156736,3.069251365907554],[101.50024659506127,3.0692464561290675],[101.50024732284116,3.0692415329153246],[101.50024796468584,3.0692365977625884],[101.50024852040026,3.0692316521707514],[101.5002489898155,3.0692266976428768],[101.50024937278891,3.0692217356847458],[101.50024966920409,3.0692167678043965],[101.50024987897098,3.0692117955116669],[101.50025000202579,3.0692068203177367],[101.50025003833113,3.0692018437346671],[101.50024998787599,3.0691968672749406],[101.50024985067567,3.0691918924510038],[101.5002496267719,3.0691869207748046],[101.50024935972402,3.0691822932589523],[101.50024916938813,3.0691776619535438],[101.50024905581651,3.0691730281301739],[101.50024901904033,3.0691683930611289],[101.50024905906969,3.0691637580190378],[101.50024917589361,3.0691591242765215],[101.50024936948,3.0691544931058434],[101.50024963977572,3.0691498657785625],[101.50024998670654,3.0691452435651816],[101.50025041017722,3.0691406277347988],[101.50025091007147,3.0691360195547608],[101.50025148625207,3.0691314202903128],[101.5002521385608,3.0691268312042528],[101.50025286681854,3.0691222535565839],[101.50025367082537,3.0691176886041687],[101.50025455036054,3.0691131376003842],[101.50025550518252,3.0691086017947766],[101.50025653502918,3.0691040824327214],[101.50025763961776,3.0690995807550765],[101.50024842484504,3.0690977778647608],[101.50024312359,3.06909657303407],[101.50027017401783,3.0689667309804962],[101.500167495102,3.0689437309033605],[101.50018993107037,3.0688435703302779],[101.50029111076744,3.0688662345824116],[101.50030028006439,3.068822221957014],[101.50031341327916,3.0688249580434239],[101.50031513178672,3.0688167272966922],[101.50036981945962,3.0688281456020237],[101.50036810596229,3.0688363523524087],[101.50046773600673,3.0688571086116667],[101.50066429154448,3.0688980576820342],[101.50070691930497,3.0689069384654717],[101.50069707323732,3.068954199590189],[101.5007403347276,3.0689632124006576],[101.50073295517656,3.068998634245657],[101.50068969368628,3.0689896214351884],[101.50066742170793,3.0690965269312596],[101.50062479394744,3.0690876461478229],[101.5004960217817,3.0697057525433706],[101.50029946624394,3.0696648034730032],[101.50031506529493,3.0695899280282886],[101.50018632528972,3.0695635245295945],[101.50018587200732,3.0695632258526624],[101.50018542398377,3.0695629193436935],[101.50018498135439,3.0695626050952591],[101.50018454425286,3.0695622832022678],[101.5001841128112,3.0695619537619363],[101.50018368715969,3.0695616168737621],[101.50018326742691,3.0695612726394912],[101.5001828537396,3.0695609211630881],[101.50018244622272,3.0695605625507048],[101.50018204499935,3.0695601969106487],[101.50018165019065,3.0695598243533495],[101.50018126191588,3.0695594449913259],[101.50018088029229,3.0695590589391522],[101.50018050543514,3.0695586663134224],[101.50018013745765,3.0695582672327171],[101.50017977647094,3.0695578618175654],[101.50017942258405,3.069557450190409],[101.50017907590386,3.0695570324755677],[101.50017873653506,3.0695566087991977],[101.50017840458017,3.0695561792892576],[101.50017808013942,3.0695557440754664],[101.5001777633108,3.069555303289266],[101.50017745419001,3.0695548570637823],[101.50017715287041,3.0695544055337827],[101.50017685944299,3.0695539488356371],[101.50017657399637,3.0695534871072772],[101.50017629661679,3.069553020488152],[101.50017602738798,3.0695525491191891],[101.50017576639129,3.0695520731427504],[101.50017551370553,3.0695515927025885],[101.50017526940699,3.0695511079438056],[101.5001750335695,3.0695506190128068],[101.50017480626427,3.0695501260572575],[101.50017458755993,3.06954962922604],[101.50017437752255,3.0695491286692049],[101.50017417621557,3.06954862453793],[101.50017398369977,3.0695481169844716],[101.50017380003331,3.0695476061621192],[101.50017362527164,3.0695470922251507],[101.50017345946758,3.0695465753287836],[101.50017330267116,3.0695460556291296],[101.50017315492975,3.0695455332831481],[101.50017301628799,3.0695450084485958],[101.50017288678774,3.0695444812839821],[101.50017276646811,3.0695439519485204],[101.50017265536543,3.0695434206020784],[101.50017255351327,3.0695428874051327],[101.50017246094238,3.0695423525187184],[101.50017237768073,3.0695418161043801],[101.50017230375346,3.0695412783241243],[101.50017223918289,3.0695407393403698],[101.50017218398852,3.0695401993159002],[101.50017213818704,3.0695396584138113],[101.50017210179227,3.0695391167974653],[101.5001720748152,3.0695385746304402],[101.50017205726398,3.0695380320764794],[101.50017204914391,3.069537489299444],[101.50017205045745,3.0695369464632627],[101.50017206120418,3.0695364037318802],[101.50017208138088,3.0695358612692125],[101.50017211098145,3.0695353192390913],[101.50017214999694,3.0695347778052202],[101.50017219841558,3.0695342371311218],[101.50017225622274,3.0695336973800886],[101.50017232340096,3.0695331587151347],[101.50017239992995,3.0695326212989471],[101.50017248578661,3.0695320852938348],[101.50017258094499,3.0695315508616798],[101.50017268537637,3.0695310181638913],[101.50017279904918,3.0695304873613525],[101.50017292192912,3.0695299586143752],[101.50017305397907,3.0695294320826507],[101.50017319515915,3.0695289079252004],[101.5001733454267,3.0695283863003286],[101.50017350473637,3.069527867365577]]]},"properties":{"FID":419,"id":0,"NAME":" ","Height":0}},{"type":"Feature","id":420,"geometry":{"type":"Polygon","coordinates":[]},"properties":{"FID":420,"id":0,"NAME":" ","Height":0}},{"type":"Feature","id":421,"geometry":{"type":"Polygon","coordinates":[[[101.50067971627271,3.0699965186870264],[101.50070756091203,3.0699724801494868],[101.50073072526421,3.0699993121907494],[101.50070288062489,3.070023350728289],[101.50067971627271,3.0699965186870264]]]},"properties":{"FID":421,"id":0,"NAME":" ","Height":0}},{"type":"Feature","id":422,"geometry":{"type":"Polygon","coordinates":[[[101.50073560587258,3.0700093392403813],[101.50087382746342,3.0701451569774809],[101.50083589853159,3.0701837572178343],[101.50069767694075,3.0700479394807347],[101.50073560587258,3.0700093392403813]]]},"properties":{"FID":422,"id":0,"NAME":" ","Height":0}},{"type":"Feature","id":423,"geometry":{"type":"Polygon","coordinates":[[[101.5008445805761,3.0702288912165776],[101.50085944310355,3.0701885871574386],[101.50098384253532,3.0702344606999108],[101.50096898000787,3.0702747647590498],[101.5008445805761,3.0702288912165776]]]},"properties":{"FID":423,"id":0,"NAME":" ","Height":0}},{"type":"Feature","id":424,"geometry":{"type":"Polygon","coordinates":[[[101.50076725661368,3.0703789317550538],[101.50074951446001,3.0703764328601695],[101.5007655401517,3.0702626504491479],[101.50078328230538,3.0702651493440323],[101.50076725661368,3.0703789317550538]]]},"properties":{"FID":424,"id":0,"NAME":" ","Height":0}},{"type":"Feature","id":425,"geometry":{"type":"Polygon","coordinates":[[[101.50099286830454,3.0704812457804564],[101.5010084470042,3.0704380705271039],[101.50092936650121,3.0704099314524211],[101.50096513347145,3.0703094139326037],[101.50095856330826,3.0703070164635822],[101.50098480537842,3.0702351011721092],[101.50103058359097,3.0702518057566461],[101.50101540564516,3.0702934002798843],[101.50103009214014,3.0702986261492615],[101.50104669562997,3.0702519646175048],[101.50126119525358,3.0703282896369473],[101.50124459176375,3.070374951168704],[101.50119811725784,3.0705055605560037],[101.50118610286772,3.0705393251351483],[101.50115113173837,3.0705268814204096],[101.50114655066433,3.0705401993092933],[101.50112164788216,3.0705316332752952],[101.50112631938839,3.0705180524860642],[101.50112029647484,3.070534978950008],[101.50111482475543,3.0705330319578259],[101.50110957232754,3.0705482590627158],[101.50106793655975,3.0705338972474023],[101.50107332827533,3.0705182663391337],[101.50107935118888,3.0705013398751921],[101.5010741318923,3.0704994827021754],[101.50107059290924,3.0705092907409197],[101.50099286830454,3.0704812457804564]]]},"properties":{"FID":425,"id":0,"NAME":" ","Height":0}},{"type":"Feature","id":426,"geometry":{"type":"Polygon","coordinates":[[[101.50091917690428,3.0705982352514649],[101.5009198454503,3.0705947671690144],[101.50083977286859,3.070580054185803],[101.50084964455475,3.0705263294322989],[101.50093219565228,3.0705414978318464],[101.50093310982874,3.0705365226022758],[101.50096394049993,3.0705421876019297],[101.50096302632348,3.0705471628315002],[101.50095315463732,3.0706008875850044],[101.50095243021454,3.0706046455281424],[101.50091917690428,3.0705982352514649]]]},"properties":{"FID":426,"id":0,"NAME":" ","Height":0}},{"type":"Feature","id":427,"geometry":{"type":"Polygon","coordinates":[[[101.5008219722996,3.0704835445964336],[101.500800850145,3.0704762448247984],[101.50080670862913,3.0704592930879957],[101.50077472975462,3.0704482963999262],[101.5008226335688,3.0703089899058158],[101.50079823594767,3.0703011162355884],[101.50081032185675,3.0702636664285619],[101.50083543244369,3.0702717701891618],[101.50083660724333,3.0702683538177942],[101.50083660724333,3.0702683538177928],[101.50084570632829,3.0702418932603668],[101.50089448163159,3.0702586657954907],[101.50089686439526,3.0702521284695319],[101.5009182987579,3.0702599409942319],[101.50091605909391,3.0702660857133623],[101.50093759247586,3.0702734904731632],[101.50093632766105,3.0702771686128041],[101.5008666159022,3.0704798936127227],[101.5008278420341,3.0704665603063037],[101.5008219722996,3.0704835445964336]]]},"properties":{"FID":427,"id":0,"NAME":" ","Height":0}},{"type":"Feature","id":428,"geometry":{"type":"Polygon","coordinates":[[[101.5010874699657,3.0647814581283419],[101.50102490850611,3.0647830741069999],[101.50101929951403,3.064565925984557],[101.50108186097361,3.064564310005899],[101.5010874699657,3.0647814581283419]]]},"properties":{"FID":428,"id":0,"NAME":" ","Height":0}},{"type":"Feature","id":429,"geometry":{"type":"Polygon","coordinates":[[[101.501719683503,3.0646332204801787],[101.50166359183351,3.064632552722208],[101.50166479376038,3.064531590864541],[101.50172088542988,3.0645322586225117],[101.501719683503,3.0646332204801787]]]},"properties":{"FID":429,"id":0,"NAME":" ","Height":0}},{"type":"Feature","id":430,"geometry":{"type":"Polygon","coordinates":[[[101.50140611362357,3.0647521457905262],[101.50140598058815,3.0647698395018637],[101.50135269516326,3.0647694388595714],[101.50135282783961,3.0647517929045396],[101.50123450568702,3.0647510093141244],[101.50123507275154,3.0646653825720875],[101.50122649284114,3.0646652718635661],[101.50122700435594,3.0646256294666876],[101.50120485815735,3.0646252076343332],[101.50120565944194,3.0645831401936388],[101.50122754722514,3.0645835571037954],[101.50122809541031,3.0645410727529439],[101.50123589532886,3.0645411733970542],[101.50123610825619,3.0645090213695578],[101.50132235308013,3.0645095925273327],[101.50132264699134,3.0644813770513868],[101.50143684142006,3.0644825665766868],[101.50143655202177,3.0645103488117154],[101.50152461890676,3.0645109320361197],[101.50152440877058,3.0645426625984822],[101.5015321829102,3.0645426753221137],[101.50153212221271,3.0645797614922499],[101.50155381759397,3.0645799350553],[101.50155341695168,3.0646300153418413],[101.50153204024409,3.0646298443281803],[101.50153198258907,3.0646650715424202],[101.50152359820621,3.0646650578200272],[101.50152301633759,3.0647529199806862],[101.50140611362357,3.0647521457905262]]]},"properties":{"FID":430,"id":0,"NAME":" ","Height":0}},{"type":"Feature","id":431,"geometry":{"type":"Polygon","coordinates":[[[101.50227256986639,3.0647456006431759],[101.50194644704044,3.0647456006431759],[101.50194644704044,3.0646521609570865],[101.50193442777166,3.0646522509890626],[101.50193362648707,3.0645452794970107],[101.50194644704044,3.0645451834629029],[101.50194644704044,3.0644490863680023],[101.50227256986639,3.0644490863680023],[101.50227256986639,3.0647456006431759]],[[101.50204901146729,3.0646626676886615],[101.50218723305815,3.0646626676886615],[101.50218723305815,3.0645340615128243],[101.50204901146729,3.0645340615128243],[101.50204901146729,3.0646626676886615]]]},"properties":{"FID":431,"id":0,"NAME":" ","Height":0}},{"type":"Feature","id":432,"geometry":{"type":"Polygon","coordinates":[[[101.50280141769227,3.06459335657209],[101.50247529486631,3.06459335657209],[101.50247529486631,3.0644999168860005],[101.50246327559753,3.0645000069179766],[101.50246247431295,3.0643930354259248],[101.50247529486631,3.064392939391817],[101.50247529486631,3.0642968422969163],[101.50280141769227,3.0642968422969163],[101.50280141769227,3.06459335657209]],[[101.50257785929317,3.0645104236175755],[101.50271608088403,3.0645104236175755],[101.50271608088403,3.0643818174417383],[101.50257785929317,3.0643818174417383],[101.50257785929317,3.0645104236175755]]]},"properties":{"FID":432,"id":0,"NAME":" ","Height":0}},{"type":"Feature","id":433,"geometry":{"type":"Polygon","coordinates":[[[101.50284949476736,3.0650757298920563],[101.50252337194141,3.0650757298920563],[101.50252337194141,3.0649822902059669],[101.50251135267263,3.064982380237943],[101.50251055138804,3.0648754087458911],[101.50252337194141,3.0648753127117834],[101.50252337194141,3.0647792156168827],[101.50284949476736,3.0647792156168827],[101.50284949476736,3.0650757298920563]],[[101.50262593636826,3.0649927969375419],[101.50276415795912,3.0649927969375419],[101.50276415795912,3.0648641907617047],[101.50262593636826,3.0648641907617047],[101.50262593636826,3.0649927969375419]]]},"properties":{"FID":433,"id":0,"NAME":" ","Height":0}},{"type":"Feature","id":434,"geometry":{"type":"Polygon","coordinates":[[[101.5026948468425,3.0670156398715163],[101.50236872401655,3.0670156398715163],[101.50236872401655,3.0669222001854268],[101.50235670474777,3.0669222902174029],[101.50235590346318,3.0668153187253511],[101.50236872401655,3.0668152226912433],[101.50236872401655,3.0667191255963426],[101.5026948468425,3.0667191255963426],[101.5026948468425,3.0670156398715163]],[[101.5024712884434,3.0669327069170018],[101.50260951003426,3.0669327069170018],[101.50260951003426,3.0668041007411646],[101.5024712884434,3.0668041007411646],[101.5024712884434,3.0669327069170018]]]},"properties":{"FID":434,"id":0,"NAME":" ","Height":0}},{"type":"Feature","id":435,"geometry":{"type":"Polygon","coordinates":[[[101.50184517608005,3.0651782209554406],[101.50168233318331,3.0651775549313234],[101.50168170155612,3.0654377853311128],[101.50135157230724,3.0654369840465279],[101.50135229452091,3.0651394320165357],[101.5016583865025,3.065140174958239],[101.50165989569314,3.065008875373151],[101.50156283204554,3.06500922327153],[101.50156280022402,3.0650003450698606],[101.50148736070219,3.0650008646257962],[101.50148731097345,3.0650086223080928],[101.50142481077584,3.0650082216658006],[101.50142485517688,3.0650012951046204],[101.50134989066717,3.0650018113891226],[101.50134920834614,3.0649027383748941],[101.50148135417776,3.064901828279635],[101.50148130133904,3.0648912341164389],[101.50164195889828,3.0648904328318545],[101.5016420159741,3.0649018765346647],[101.501651221532,3.0649018435398334],[101.50165069456061,3.0647058101817142],[101.50175253617095,3.0647055364139444],[101.50175292528318,3.0648502861619251],[101.50176315319169,3.0648499679603285],[101.50176455543971,3.0648950402182158],[101.5017530465523,3.0648953982724891],[101.50175333745554,3.0650036142794375],[101.5016746479569,3.065003825810348],[101.50167460631916,3.0650074482942826],[101.50167461124509,3.0650088226292374],[101.50167459052136,3.0650088227035162],[101.50167308031538,3.0651402106228334],[101.50168242376979,3.0651402333011206],[101.50168240089833,3.0651496563444862],[101.50184532368989,3.0651503226953718],[101.50184559095551,3.0650998094939355],[101.50183466784087,3.0650997684295946],[101.50183506848316,3.064993197579835],[101.50184615481919,3.0649932392577899],[101.50184668710963,3.0648926363644602],[101.50218011312414,3.0648944005232686],[101.50217851055497,3.0651972860962697],[101.50196052952504,3.0651961327574861],[101.50195980378685,3.06529383526094],[101.50212553414507,3.0652949044890572],[101.50212553414507,3.0652704420461232],[101.50219043819642,3.0652704420461232],[101.50219043819642,3.0652953232248725],[101.50230822703037,3.0652960831528331],[101.50230686019195,3.0655079431064434],[101.5023947657655,3.0655076222831821],[101.50239516640779,3.0656173982712804],[101.50230615193367,3.0656177231416244],[101.50230603478481,3.0656358812139692],[101.50193343745295,3.0656334773602159],[101.50193356407109,3.0656138515467686],[101.50192561364119,3.0656137924906504],[101.50192871728504,3.0651959644387556],[101.50184508454046,3.0651955219374614],[101.50184517608005,3.0651782209554406]],[[101.50145766344382,3.0653489679354244],[101.5015938818232,3.0653481666508395],[101.50159316061794,3.0652255617566997],[101.50145694223856,3.0652263630412846],[101.50145766344382,3.0653489679354244]],[[101.50195165539026,3.0651085825600255],[101.50208947633882,3.0651081819177333],[101.5020891071365,3.0649811763200088],[101.50195128618793,3.064981576962301],[101.50195165539026,3.0651085825600255]]]},"properties":{"FID":435,"id":0,"NAME":" ","Height":0}},{"type":"Feature","id":436,"geometry":{"type":"Polygon","coordinates":[[[101.5023258552912,3.0660883532859118],[101.50232425272203,3.0660522954796021],[101.50235795914341,3.0660507974164282],[101.50235956171258,3.0660868552227378],[101.5023258552912,3.0660883532859118]]]},"properties":{"FID":436,"id":0,"NAME":" ","Height":0}},{"type":"Feature","id":437,"geometry":{"type":"Polygon","coordinates":[[[101.50280201865566,3.067101777964361],[101.50280281994024,3.0670593098813739],[101.50284508207886,3.0670601072802164],[101.50284428079428,3.0671025753632035],[101.50280201865566,3.067101777964361]]]},"properties":{"FID":437,"id":0,"NAME":" ","Height":0}},{"type":"Feature","id":438,"geometry":{"type":"Polygon","coordinates":[[[101.50268465550415,3.0663716574668785],[101.50268525646759,3.0663329954856686],[101.50272333185887,3.0663335873311226],[101.50272273089544,3.0663722493123324],[101.50268465550415,3.0663716574668785]]]},"properties":{"FID":438,"id":0,"NAME":" ","Height":0}},{"type":"Feature","id":439,"geometry":{"type":"Polygon","coordinates":[[[101.50273754028673,3.0663720581091707],[101.50273814125018,3.0663325948433764],[101.50277682416727,3.0663331839233399],[101.50277622320382,3.0663726471891342],[101.50273754028673,3.0663720581091707]]]},"properties":{"FID":439,"id":0,"NAME":" ","Height":0}},{"type":"Feature","id":440,"geometry":{"type":"Polygon","coordinates":[[[101.50278862217901,3.0663716574668785],[101.50278882250015,3.0663343977336917],[101.50282773583503,3.0663346069451625],[101.50282753551389,3.0663718666783493],[101.50278862217901,3.0663716574668785]]]},"properties":{"FID":440,"id":0,"NAME":" ","Height":0}},{"type":"Feature","id":441,"geometry":{"type":"Polygon","coordinates":[[[101.50263357361187,3.0663732600360474],[101.50259354076557,3.0663716745767862],[101.50259514333474,3.0663312097052611],[101.50263517618104,3.0663327951645223],[101.50263357361187,3.0663732600360474]]]},"properties":{"FID":441,"id":0,"NAME":" ","Height":0}},{"type":"Feature","id":442,"geometry":{"type":"Polygon","coordinates":[[[101.50291007519593,3.0666926331186914],[101.50291088023106,3.0668753760903518],[101.50318923943125,3.0668753760903518],[101.50318923943125,3.0671718903655254],[101.5028631166053,3.0671718903655254],[101.5028631166053,3.067078450679436],[101.50285109733652,3.0670785407114121],[101.50285029605193,3.0669715692193602],[101.5028631166053,3.0669714731852524],[101.5028631166053,3.0668753760903518],[101.50288185618736,3.0668753760903518],[101.50288104956974,3.0666922738906446],[101.50262966851153,3.0666891627389337],[101.5026333482506,3.0663918398223533],[101.50283989585674,3.0663943961046076],[101.5028410401661,3.0660734173242088],[101.50279120131374,3.066073729842242],[101.50279119823986,3.066073239634624],[101.50279095526427,3.0660732387684009],[101.50279100099262,3.0660917587453973],[101.5025157319285,3.0660924384220989],[101.50251737146904,3.0661940899355296],[101.50255963006882,3.0661947238145264],[101.50255523046063,3.0664880310266094],[101.50223471662676,3.0664832233191017],[101.50223911623495,3.0661899161070187],[101.50248188388859,3.0661935576218231],[101.50248025434665,3.0660925260210665],[101.50246648073583,3.0660925600299822],[101.50246621685514,3.0659856883521357],[101.50246027078029,3.0659855885379299],[101.50246167302831,3.0659020546199791],[101.50246601053189,3.0659021274317895],[101.50246575050721,3.065796817439828],[101.502790270764,3.0657960161552431],[101.5027906537763,3.0659511361365945],[101.50284218258511,3.0659519504683903],[101.50284132787453,3.0660060343420503],[101.50279078735529,3.0660052356286172],[101.50279079622277,3.0660088269548487],[101.50284126979331,3.0660090068962846],[101.50284127375906,3.0660078945017024],[101.50285318590461,3.0660079369692448],[101.50285310054792,3.0659829843630289],[101.50316098369436,3.0659819311709775],[101.5031608465582,3.0659418417000901],[101.50320611860748,3.0659416868356129],[101.50320625574363,3.0659817763065003],[101.50321783167962,3.0659817367080882],[101.50321903360648,3.0663330999984613],[101.50287657695817,3.0663342714579067],[101.50287636100114,3.0663948474059],[101.50295706722279,3.0663958462452769],[101.50295338748373,3.0666931691618573],[101.50291007519593,3.0666926331186914]],[[101.50310390262301,3.067088957411011],[101.50310390262301,3.0669603512351737],[101.50296568103215,3.0669603512351737],[101.50296568103215,3.067088957411011],[101.50310390262301,3.067088957411011]],[[101.50258189075616,3.0659958549966735],[101.50269727573635,3.0659962556389653],[101.50269764581363,3.0658896733829879],[101.50258226083344,3.0658892727406961],[101.50258189075616,3.0659958549966735]],[[101.50235031951118,3.0663900870123251],[101.50246650577596,3.066391689581494],[101.50246799074789,3.066284029116185],[101.50235180448311,3.0662824265470161],[101.50235031951118,3.0663900870123251]],[[101.50274375024223,3.0665920107276605],[101.50286234036076,3.0665920107276605],[101.50286234036076,3.0664854278291895],[101.50274375024223,3.0664854278291895],[101.50274375024223,3.0665920107276605]]]},"properties":{"FID":442,"id":0,"NAME":" ","Height":0}},{"type":"Feature","id":443,"geometry":{"type":"Polygon","coordinates":[[[101.50168925972885,3.0674814366166312],[101.5017753978217,3.067559962505928],[101.50173803959784,3.0676009421902664],[101.50165190150499,3.0675224163009696],[101.50168925972885,3.0674814366166312]]]},"properties":{"FID":443,"id":0,"NAME":" ","Height":0}},{"type":"Feature","id":444,"geometry":{"type":"Polygon","coordinates":[[[101.50435860719406,3.0643793052711485],[101.50437176019716,3.0643796639894147],[101.50437055827028,3.0644237346415713],[101.50435807854882,3.064423394285531],[101.50425837842842,3.0644219317512555],[101.50425757714383,3.064469608184043],[101.50435733707462,3.0644680056148736],[101.50435433225742,3.064735834987296],[101.50430022450387,3.0647351862132721],[101.50430012281875,3.064743666752328],[101.50426085591175,3.0647431959261051],[101.50426095759687,3.0647347153870488],[101.50424734492182,3.0647345521655249],[101.50424734492182,3.0647345521655254],[101.50424723785954,3.0647434811593541],[101.50422036032907,3.0647431588868059],[101.50422046739135,3.0647342298929772],[101.50408660252528,3.0647326247986584],[101.50408734082413,3.0646710506739976],[101.50404423512316,3.064670930935939],[101.50404463576545,3.0645266997107004],[101.50408907017108,3.0645268231396048],[101.50409461537113,3.0640643534550525],[101.50409486923157,3.0640643564989425],[101.50409524584865,3.0640402553906521],[101.5039865426331,3.0640946069984221],[101.50393490137621,3.06401762774167],[101.50384041617576,3.0641100378645225],[101.50383799580452,3.064155838735878],[101.50385352939206,3.0641563059114416],[101.50385032425373,3.0642628767612012],[101.50382765230613,3.0642621948981179],[101.50382342486202,3.0644997772567759],[101.50337756634872,3.0644918438312656],[101.50338557919457,3.064041521894687],[101.50364354187001,3.0640461119778837],[101.50364399347316,3.0640293023047738],[101.50376812909484,3.0640326372916249],[101.50386119185062,3.0639416183738146],[101.50378421827547,3.0638926832830879],[101.50383781707535,3.0637830496683596],[101.50383781707535,3.0637830496683591],[101.5038134205051,3.0637707568228811],[101.50381318077189,3.0637872584589458],[101.50352713404379,3.0637831028164073],[101.50352565557574,3.0638848707000803],[101.50346869490569,3.0638840431842929],[101.50347017337374,3.0637822753006199],[101.50315131970495,3.063777643043931],[101.50315520987645,3.0635098695727678],[101.50342063539514,3.0635134753533975],[101.5034208357163,3.0635513360500224],[101.50346250251469,3.0635525379768995],[101.50346345099801,3.0635141244024555],[101.50346392361728,3.0634949833221716],[101.50350140195329,3.0634955278016291],[101.50350153521106,3.0634863552250255],[101.50354699269658,3.063487015624331],[101.50354685943881,3.0634961882009346],[101.50354657807647,3.063515555309329],[101.50381707094338,3.0635194849877827],[101.50381602723482,3.0635913269268675],[101.50385421949727,3.063592139528196],[101.50399776061727,3.0634517764403797],[101.50419474992944,3.0636532258879301],[101.50420609460929,3.0636418812080919],[101.5042387469561,3.0636745335549165],[101.50422703676492,3.0636862437460963],[101.50442244144713,3.063886072685265],[101.50439943371588,3.0639085710202654],[101.50440681639773,3.0639161208571903],[101.50430506686732,3.0640156176304791],[101.50430475902628,3.0640668731631497],[101.50436234510327,3.06406756364369],[101.50435910944577,3.0643374174790265],[101.50425797778612,3.064336594942989],[101.50425837842842,3.0643790630259762],[101.50435860719406,3.0643793052711485]]]},"properties":{"FID":444,"id":0,"NAME":" ","Height":0}},{"type":"Feature","id":445,"geometry":{"type":"Polygon","coordinates":[[[101.5056597062385,3.0642823817189169],[101.50571881974459,3.0642835098392549],[101.50571781813886,3.06433599397955],[101.50571617508589,3.0643359626235775],[101.5057158149274,3.0643606334805287],[101.50566092693334,3.0643598321959438],[101.50566129068494,3.0643349152113522],[101.50565870463278,3.064334865859212],[101.50565892040184,3.064323559559897],[101.50563667761303,3.0643229616354661],[101.50563768968038,3.0642853127295706],[101.50565963904295,3.0642859027661986],[101.5056597062385,3.0642823817189169]]]},"properties":{"FID":445,"id":0,"NAME":" ","Height":0}},{"type":"Feature","id":446,"geometry":{"type":"Polygon","coordinates":[[[101.50584892764053,3.064365324637099],[101.50584792672326,3.0645841918796481],[101.50563063207511,3.0645831981541232],[101.50562997731627,3.0646391800342707],[101.50556146748428,3.0646383787496863],[101.50556211653608,3.0645828848208652],[101.50532228403573,3.0645817880258943],[101.50532328495299,3.0643629207833452],[101.5056216892792,3.0643642854372759],[101.5056216940729,3.0643641993130677],[101.50562171747156,3.0643638793467387],[101.50562174643235,3.0643635598358303],[101.50562178094654,3.0643632408770252],[101.50562182100367,3.0643629225668394],[101.50562186659164,3.0643626050015915],[101.50562191769662,3.0643622882773753],[101.50562197430317,3.0643619724900306],[101.50562203639416,3.0643616577351134],[101.50562210395078,3.0643613441078665],[101.50562217695263,3.0643610317031924],[101.50562225537757,3.0643607206156234],[101.50562233920191,3.064360410939293],[101.50562242840026,3.0643601027679086],[101.50562252294564,3.0643597961947209],[101.50562262280944,3.0643594913124974],[101.50562272796145,3.0643591882134946],[101.50562283836983,3.0643588869894289],[101.50562295400118,3.0643585877314492],[101.50562307482052,3.0643582905301097],[101.50562320079128,3.0643579954753419],[101.50562333187534,3.0643577026564284],[101.50562346803305,3.064357412161975],[101.50562360922319,3.0643571240798839],[101.50562375540306,3.0643568384973272],[101.5056239065284,3.0643565555007215],[101.50562406255349,3.0643562751756996],[101.50562422343114,3.0643559976070871],[101.50562438911264,3.0643557228788754],[101.50562455954785,3.0643554510741948],[101.50562473468523,3.0643551822752935],[101.50562491447175,3.0643549165635084],[101.50562509885303,3.0643546540192426],[101.50562528777328,3.0643543947219407],[101.50562548117531,3.064354138750065],[101.50562567900062,3.0643538861810717],[101.50562588118933,3.0643536370913873],[101.50562608768028,3.0643533915563843],[101.50562629841097,3.0643531496503611],[101.50562651331765,3.0643529114465178],[101.50562673233527,3.0643526770169331],[101.50562695539756,3.0643524464325447],[101.50562718243704,3.0643522197631263],[101.505627413385,3.0643519970772672],[101.50562764817154,3.0643517784423508],[101.50562788672563,3.0643515639245358],[101.50562812897509,3.0643513535887337],[101.50562837484661,3.0643511474985914],[101.50562862426578,3.0643509457164706],[101.50562887715714,3.06435074830343],[101.50562913344416,3.0643505553192063],[101.50562939304929,3.0643503668221945],[101.50562965589398,3.0643501828694339],[101.50562992189869,3.064350003516588],[101.50563019098293,3.0643498288179272],[101.50563046306527,3.0643496588263153],[101.50563073806339,3.0643494935931908],[101.50563101589405,3.0643493331685523],[101.50563129647323,3.0643491776009442],[101.50563157971598,3.0643490269374398],[101.50563186553661,3.0643488812236295],[101.50563215384864,3.0643487405036058],[101.50563244456481,3.0643486048199504],[101.50563273759717,3.0643484742137193],[101.50563303285703,3.0643483487244345],[101.50563333025507,3.064348228390068],[101.50563362970126,3.0643481132470329],[101.50563393110504,3.0643480033301702],[101.50563423437517,3.0643478986727408],[101.50563453941989,3.0643477993064137],[101.50563484614689,3.0643477052612567],[101.50563515446336,3.0643476165657266],[101.50563546427603,3.0643475332466634],[101.50563577549111,3.0643474553292784],[101.50563608801446,3.0643473828371492],[101.50563640175149,3.0643473157922121],[101.50563671660727,3.0643472542147534],[101.50563703248653,3.0643471981234076],[101.50563734929369,3.0643471475351465],[101.50563766693288,3.0643471024652786],[101.50563798530798,3.0643470629274416],[101.50563830432267,3.0643470289335997],[101.5056386238804,3.0643470004940392],[101.50563894388448,3.0643469776173653],[101.50563926423806,3.0643469603105009],[101.50563958484422,3.0643469485786832],[101.50563990560595,3.0643469424254612],[101.50564022642618,3.0643469418526981],[101.50564054720783,3.064346946860566],[101.50564086785384,3.0643469574475506],[101.50564118826719,3.0643469736104478],[101.50564150835091,3.0643469953443665],[101.50564182800814,3.064347022642731],[101.50564214714217,3.0643470554972798],[101.50564246565642,3.0643470938980726],[101.5056427834545,3.0643471378334879],[101.50564310044028,3.0643471872902324],[101.50564341651781,3.0643472422533402],[101.50564373159146,3.0643473027061794],[101.50564404556589,3.0643473686304579],[101.50564435834607,3.0643474400062267],[101.50564466983738,3.0643475168118877],[101.50564497994557,3.0643475990242006],[101.50564528857679,3.0643476866182882],[101.50564559563763,3.0643477795676439],[101.50564590103521,3.0643478778441429],[101.50564620467709,3.0643479814180465],[101.50564650647141,3.0643480902580138],[101.50564680632684,3.0643482043311101],[101.50564710415264,3.0643483236028177],[101.50564739985869,3.0643484480370455],[101.50564769335553,3.0643485775961405],[101.50564798455432,3.0643487122408977],[101.50564827336696,3.0643488519305753],[101.50564855970606,3.0643489966229032],[101.50564884348496,3.0643491462740986],[101.50564912461782,3.0643493008388769],[101.50564940301953,3.0643494602704684],[101.50564967860588,3.0643496245206294],[101.50564995129345,3.0643497935396584],[101.50565022099975,3.0643499672764114],[101.50565048764317,3.0643501456783158],[101.50565075114301,3.0643503286913885],[101.50565101141953,3.0643505162602502],[101.50565126839399,3.0643507083281438],[101.50565152198863,3.0643509048369499],[101.5056517721267,3.0643511057272064],[101.5056520187325,3.0643513109381244],[101.50565226173144,3.0643515204076079],[101.50565250104998,3.0643517340722726],[101.50565273661569,3.0643519518674647],[101.50565296835728,3.0643521737272796],[101.50565319620466,3.0643523995845841],[101.50565342008886,3.0643526293710348],[101.50565363994215,3.0643528630170991],[101.50565385569799,3.064353100452077],[101.50565406729108,3.0643533416041211],[101.50565427465742,3.0643535864002609],[101.50565447773425,3.064353834766421],[101.50565467646013,3.0643540866274477],[101.5056548707749,3.0643543419071286],[101.50565506061979,3.0643546005282176],[101.50565524593733,3.0643548624124568],[101.50565542667147,3.0643551274806011],[101.5056556027675,3.0643553956524423],[101.50565577417214,3.0643556668468324],[101.50565594083353,3.0643559409817098],[101.50565610270122,3.0643562179741215],[101.50565625972627,3.0643564977402522],[101.50565641186111,3.0643567801954448],[101.50565655905974,3.0643570652542298],[101.50565670127762,3.06435735283035],[101.50565683847169,3.0643576428367858],[101.50565697060047,3.0643579351857833],[101.50565709762395,3.0643582297888776],[101.5056572195037,3.0643585265569242],[101.50565733620286,3.0643588254001224],[101.50565744768609,3.0643591262280432],[101.50565755391966,3.0643594289496572],[101.50565765487144,3.0643597334733625],[101.50565775051088,3.0643600397070117],[101.50565784080902,3.0643603475579391],[101.50565792573855,3.0643606569329913],[101.50565800527377,3.0643609677385526],[101.50565807939063,3.0643612798805742],[101.50565814806666,3.0643615932646036],[101.50565821128112,3.0643619077958122],[101.50565826901486,3.0643622233790242],[101.50565832125042,3.0643625399187453],[101.50565836797199,3.0643628573191921],[101.50565840916542,3.0643631754843206],[101.50565844481827,3.0643634943178557],[101.50565847491974,3.0643638137233196],[101.50565849946071,3.0643641336040615],[101.50565851843376,3.0643644538632877],[101.50584892764053,3.064365324637099]]]},"properties":{"FID":446,"id":0,"NAME":" ","Height":0}},{"type":"Feature","id":447,"geometry":{"type":"Polygon","coordinates":[[[101.5052988464616,3.0641274596663939],[101.5052988464616,3.0638910807139195],[101.50537813004847,3.0638910807139195],[101.50537777299319,3.0637712886685122],[101.50539620253863,3.0637712337369312],[101.50539620253863,3.0637604713266189],[101.5054919560465,3.0637604713266189],[101.5054919560465,3.0637709483315421],[101.50551888037904,3.0637708680801783],[101.505518980986,3.0638046217121011],[101.50574436069067,3.0638061445479448],[101.50574115555233,3.0642805050220625],[101.50552039497016,3.0642790133965061],[101.50552043404691,3.0642921236485403],[101.50551258912458,3.0642921236485403],[101.50551218848229,3.0643017390635561],[101.50537935300875,3.0643013838884934],[101.50537883460571,3.0641274596663939],[101.5052988464616,3.0641274596663939]]]},"properties":{"FID":447,"id":0,"NAME":" ","Height":0}},{"type":"Feature","id":448,"geometry":{"type":"Polygon","coordinates":[[[101.50606467420346,3.0645732743771821],[101.50605543846478,3.0645732671617614],[101.50605517639998,3.0646605347419498],[101.50601323564351,3.064660408793733],[101.5060131916689,3.0646708307753645],[101.50598136578675,3.0646706964889421],[101.50598136531777,3.0646707892150236],[101.50587076333399,3.0646702298119259],[101.50587101188317,3.0646113236560333],[101.50587106126869,3.064611323864411],[101.50587356783004,3.0641157408793416],[101.50595764719334,3.0641161661362375],[101.50595769078537,3.0640603683492058],[101.50606507484574,3.0640604522429999],[101.50606486863624,3.0643244004020178],[101.50607408929731,3.0643479130877473],[101.50607448993961,3.0643779612596722],[101.50606481051504,3.0643987955478709],[101.50606467420346,3.0645732743771821]]]},"properties":{"FID":448,"id":0,"NAME":" ","Height":0}},{"type":"Feature","id":449,"geometry":{"type":"Polygon","coordinates":[[[101.50637935856386,3.0650155646297068],[101.50637847371031,3.0649412369316367],[101.50635974725174,3.0649416649649757],[101.50635954693058,3.0649150222525359],[101.50637815173199,3.0649141907530315],[101.50637500838418,3.0646501495366318],[101.50637437309737,3.0645967854440355],[101.50637323584145,3.0645012559470688],[101.50653229061042,3.0644993624379171],[101.50653342650013,3.0645947771723372],[101.50676069036774,3.0645920716501092],[101.5067846694887,3.0645918017924503],[101.50678525521347,3.0646438483620049],[101.50693526990466,3.0646433867783371],[101.50693667215269,3.0650991173858628],[101.50689331448818,3.065099250794062],[101.50689300214286,3.0650614570103798],[101.50676598135509,3.0650622203430968],[101.50652799789228,3.0650650534795592],[101.50653253341274,3.0653071368847908],[101.50649436306193,3.065307852020168],[101.50648982265776,3.0650655079466298],[101.50649015631791,3.0650556476971413],[101.50646872195527,3.0650568496240185],[101.50646812099183,3.0650286043424093],[101.50644127795825,3.0650304072327246],[101.50644147827938,3.0650137805775928],[101.50637935856386,3.0650155646297068]]]},"properties":{"FID":449,"id":0,"NAME":" ","Height":0}},{"type":"Feature","id":450,"geometry":{"type":"Polygon","coordinates":[[[101.50836110574279,3.0640149543026811],[101.50840482583295,3.064023818513399],[101.50840031860716,3.0640480072917984],[101.50835749996217,3.0640394435628],[101.50836110574279,3.0640149543026811]]]},"properties":{"FID":450,"id":0,"NAME":" ","Height":0}},{"type":"Feature","id":451,"geometry":{"type":"Polygon","coordinates":[[[101.50835306785679,3.0640637074616301],[101.5083566360772,3.0640406454896785],[101.50839975520392,3.0640489087369565],[101.50839573626092,3.0640717453476198],[101.50835306785679,3.0640637074616301]]]},"properties":{"FID":451,"id":0,"NAME":" ","Height":0}},{"type":"Feature","id":452,"geometry":{"type":"Polygon","coordinates":[[[101.50822514604643,3.0640136376064424],[101.50823843408095,3.064014052857523],[101.50823753263579,3.0640428991025708],[101.50821013736042,3.0640420430002115],[101.50821003855847,3.0640945068378529],[101.50817784780844,3.0640944462149751],[101.50817788701453,3.0641200477839896],[101.50778545788918,3.0641206487474282],[101.50778517016298,3.0639327635368887],[101.50781639567737,3.0639327157183369],[101.50781685822884,3.0639114383504014],[101.50784450254702,3.0639120393138399],[101.50784411614387,3.0639298138579365],[101.50785389260072,3.0639210537654176],[101.50787530192322,3.0639209786449877],[101.50787518698532,3.0639326256857058],[101.50799788164194,3.0639324377918977],[101.50799774822381,3.0639142929267327],[101.50803861373763,3.0639139924450136],[101.50803874890499,3.0639323752080343],[101.50809134827935,3.0639322946576906],[101.50809134827935,3.0639227064148731],[101.50817623436504,3.0639227064148717],[101.50817623436504,3.0639321646636848],[101.50817759928832,3.0639321625734501],[101.50817760346416,3.0639348893960174],[101.50821033904018,3.0639349510449327],[101.50821025742908,3.0639782865374148],[101.50822551336701,3.0639784457737931],[101.50822514604643,3.0640136376064424]]]},"properties":{"FID":452,"id":0,"NAME":" ","Height":0}},{"type":"Feature","id":453,"geometry":{"type":"Polygon","coordinates":[[[101.50863110050891,3.0642427590998236],[101.5086313956069,3.0642434043328146],[101.50863167964928,3.0642440545084435],[101.50863195255336,3.0642447094372982],[101.50863221423958,3.0642453689285811],[101.50863246463173,3.0642460327901659],[101.50863270365686,3.0642467008286527],[101.50862815887068,3.0642728427382195],[101.50857016589887,3.0642635278049228],[101.50852118737863,3.0645207401565995],[101.50855863972073,3.0645275496733446],[101.50856202853599,3.0645346060696208],[101.50856552620471,3.064541609148292],[101.50856913188827,3.0645485572302866],[101.50857284472215,3.0645554486497195],[101.50857666381619,3.064562281754291],[101.50857685335708,3.0645628217478666],[101.5085770335121,3.0645633649448718],[101.50857720422712,3.0645639111821787],[101.5085773654509,3.064564460295748],[101.508577517135,3.064565012120676],[101.50857765923386,3.0645655664912441],[101.50857779170484,3.0645661232409704],[101.50857791450812,3.064566682202658],[101.50857802760684,3.0645672432084456],[101.50857813096705,3.0645678060898578],[101.5085782245577,3.0645683706778564],[101.50857830835065,3.0645689368028908],[101.50857838232079,3.0645695042949481],[101.50857844644587,3.0645700729836061],[101.50857850070665,3.0645706426980817],[101.50857854508682,3.0645712132672851],[101.50857857957307,3.064571784519869],[101.50857860415503,3.0645723562842808],[101.50857861882533,3.0645729283888152],[101.50857862357954,3.0645735006616639],[101.50857861841625,3.0645740729309678],[101.50857860333703,3.0645746450248694],[101.50857857834637,3.0645752167715643],[101.5085785434518,3.0645757879993512],[101.50857849866379,3.0645763585366854],[101.50857844399579,3.0645769282122299],[101.50857837946423,3.0645774968549055],[101.50857830508846,3.064578064293944],[101.50857822089085,3.064578630358938],[101.50857812689667,3.0645791948798933],[101.50857802313415,3.0645797576872793],[101.50857790963444,3.0645803186120797],[101.50857778643163,3.0645808774858443],[101.50857765356272,3.0645814341407371],[101.50857751106763,3.0645819884095911],[101.50857735898913,3.0645825401259534],[101.50857719737289,3.064583089124139],[101.50857702626745,3.0645836352392783],[101.50857684572421,3.0645841783073688],[101.50857665579736,3.0645847181653219],[101.50857645654395,3.0645852546510133],[101.50857624802383,3.064585787603332],[101.50857603029961,3.0645863168622269],[101.50857580343667,3.0645868422687577],[101.50857556750314,3.0645873636651388],[101.50857532256988,3.0645878808947917],[101.50857506871044,3.0645883938023868],[101.50857480600106,3.0645889022338935],[101.50857453452063,3.064589406036625],[101.50857425435068,3.0645899050592855],[101.50857396557535,3.0645903991520136],[101.50857366828136,3.0645908881664283],[101.50857336255798,3.0645913719556752],[101.50857304849704,3.0645918503744678],[101.50857272619285,3.0645923232791321],[101.50857239574219,3.0645927905276507],[101.50857205724431,3.064593251979705],[101.50857171080085,3.0645937074967167],[101.50857135651587,3.0645941569418902],[101.50857099449574,3.0645946001802526],[101.5085706248492,3.0645950370786954],[101.50857024768725,3.0645954675060145],[101.50856986312316,3.064595891332949],[101.50856947127239,3.0645963084322188],[101.50856907225266,3.0645967186785659],[101.50856866618376,3.0645971219487897],[101.50856825318768,3.0645975181217846],[101.5085678333884,3.0645979070785758],[101.50856740691202,3.0645982887023568],[101.5085669738866,3.064598662878522],[101.50856653444218,3.064599029494703],[101.50856608871075,3.0645993884408016],[101.50856563682615,3.0645997396090237],[101.50856517892407,3.0646000828939095],[101.50856471514206,3.0646004181923678],[101.50856424561937,3.0646007454037059],[101.50856377049701,3.0646010644296586],[101.50856328991766,3.0646013751744197],[101.50856280402566,3.0646016775446703],[101.50856231296689,3.0646019714496049],[101.50856181688886,3.0646022568009621],[101.50856131594053,3.0646025335130482],[101.50856081027231,3.064602801502764],[101.50856030003611,3.0646030606896293],[101.50855978538513,3.0646033109958086],[101.50855926647392,3.0646035523461324],[101.50855874345834,3.0646037846681207],[101.50855821649543,3.0646040078920058],[101.50855768574344,3.0646042219507517],[101.50855715136177,3.0646044267800736],[101.5085566135109,3.0646046223184604],[101.50855607235236,3.0646048085071897],[101.50855552804865,3.0646049852903472],[101.50855498076324,3.0646051526148441],[101.50855443066047,3.0646053104304305],[101.50855387790554,3.0646054586897131],[101.50855332266447,3.064605597348169],[101.50855276510399,3.0646057263641566],[101.50855220539154,3.0646058456989334],[101.50850436040236,3.0645994663670422],[101.50846710066918,3.0648104045339566],[101.50847746728851,3.0648122074242727],[101.50847371126703,3.0648339923489183],[101.50846259344341,3.0648324899403221],[101.50844726887574,3.0648302363274276],[101.50842262937475,3.0649708617720357],[101.50822130662286,3.0649360058926032],[101.50822731625725,3.0648999480862935],[101.50815249630915,3.064887928817523],[101.50817232810262,3.0647794549168754],[101.50815610208979,3.0647767505814016],[101.50821830180568,3.0644278913053564],[101.50821950373256,3.0644209802258136],[101.50817984014562,3.0644137686645516],[101.50820958783582,3.0642548138350709],[101.50798122172918,3.0642277704803389],[101.50798197293349,3.0642803547812067],[101.50798497775068,3.0642805050220665],[101.50798482750983,3.0643015387424137],[101.5079726580002,3.0643015387424137],[101.50797325896363,3.0643330893229344],[101.50796123969486,3.064334291249811],[101.5079628632887,3.0644398248493054],[101.5079692400207,3.0644396852128377],[101.50797104291102,3.0645220172039114],[101.50796413011531,3.0645221685790007],[101.50796754981097,3.0647444487965845],[101.50792908815092,3.0647468526503387],[101.50792938863258,3.0649680071957035],[101.50794381175511,3.0649674062322649],[101.50794501368198,3.0650755796511939],[101.50785246531245,3.0650785844683868],[101.5078530662759,3.064987838989174],[101.50781190028034,3.0649872380257346],[101.50781280172551,3.065013379935309],[101.50779988101158,3.0650142813804671],[101.50779988101158,3.0650437285889534],[101.5078377417082,3.0650434281072338],[101.5078377417082,3.0651597145325837],[101.50716083151526,3.0651590134085613],[101.50716023055185,3.0650418255380552],[101.50719608803701,3.0650424265014937],[101.50719688932159,3.0650119776872766],[101.50718507037396,3.0650117773661307],[101.50718507037395,3.0649957516744375],[101.50719708964272,3.0649819295153522],[101.50719688932158,3.0649618974007358],[101.50715141642138,3.0649622980430289],[101.50753763559118,3.0645756782309315],[101.50747012736493,3.0645071683989431],[101.50752341278981,3.0644542836163562],[101.50758591298741,3.0645205899157366],[101.50759432647554,3.0645127773910361],[101.50755185839255,3.0644699086657572],[101.50760794831348,3.0644130174602462],[101.50761536019589,3.0644208299849467],[101.50762597721663,3.0644096120007616],[101.50764520804665,3.0644286425096472],[101.50763399006247,3.0644390592092479],[101.5076666424093,3.0644729134829496],[101.50766784433614,3.0643945879147996],[101.50763799648536,3.0643951888782381],[101.50763819680651,3.0643531214375432],[101.50766724337269,3.0643533217586896],[101.50766804465727,3.0643262784039571],[101.50768987966219,3.0643252767982263],[101.50769028030449,3.0643060459681943],[101.50772713939539,3.0643068472527792],[101.50772874196456,3.0642904209187938],[101.50782409483013,3.0642956292685941],[101.50782289290325,3.0641922635571728],[101.50785654685581,3.0641910616302956],[101.50787377447438,3.0642090905334505],[101.50790662714235,3.0641762378654795],[101.50794388687554,3.0641778404346489],[101.50796191577869,3.0641950680532188],[101.508214520744,3.0642239142982666],[101.50822714097622,3.064146390014701],[101.50827101130723,3.0641540022182552],[101.508274817409,3.0641329684979079],[101.50827000970149,3.0641320670527499],[101.50828343121829,3.0640667623591002],[101.50829024213725,3.0640672631619656],[101.50829124374299,3.0640617543304463],[101.50859262690739,3.0641176439302269],[101.50859187570308,3.0641224516377346],[101.50861846833523,3.0641262076592253],[101.5086161396019,3.0641389030118651],[101.50861358550728,3.0641385274097162],[101.50860111551594,3.0642238642179822],[101.50861764201051,3.0642265685534555],[101.50861821540323,3.0642269864400657],[101.5086187815801,3.064227414052263],[101.50861934037616,3.064227851265473],[101.50861989162863,3.064228297952325],[101.50862043517692,3.0642287539826873],[101.50862097086267,3.0642292192237068],[101.50862149852983,3.064229693539847],[101.50862201802467,3.0642301767929276],[101.50862252919586,3.0642306688421646],[101.50862303189447,3.0642311695442119],[101.50862352597406,3.0642316787532016],[101.50862401129068,3.0642321963207886],[101.50862448770296,3.0642327220961927],[101.50862495507209,3.0642332559262417],[101.50862541326194,3.0642337976554175],[101.508625862139,3.0642343471259004],[101.50862630157252,3.0642349041776162],[101.50862673143448,3.0642354686482811],[101.50862715159964,3.0642360403734505],[101.5086275619456,3.0642366191865666],[101.50862796235282,3.0642372049190065],[101.50862835270465,3.0642377974001316],[101.50862873288736,3.0642383964573363],[101.50862910279021,3.0642390019161012],[101.50862946230544,3.0642396136000398],[101.50862981132828,3.0642402313309534],[101.50863014975708,3.0642408549288813],[101.50863047749326,3.0642414842121535],[101.5086307944413,3.064242118997444],[101.50863110050891,3.0642427590998236]],[[101.50760516885754,3.0646789437817876],[101.50741225959378,3.0648754588261751],[101.50766346231107,3.0648742568992984],[101.50766766905514,3.0646789437817876],[101.50760516885754,3.0646789437817876]],[[101.50779026559667,3.064605025278853],[101.50784976097705,3.0646062272057302],[101.50784916001362,3.0643796639894179],[101.50779807812134,3.0643808659162945],[101.50779792788046,3.0643868755506802],[101.50779357089553,3.0643868755506802],[101.50779026559667,3.064605025278853]]]},"properties":{"FID":453,"id":0,"NAME":" ","Height":0}},{"type":"Feature","id":454,"geometry":{"type":"Polygon","coordinates":[[[101.50017217018136,3.0699801988383055],[101.50017873758991,3.0699465293071402],[101.50018538065532,3.0699478250698986],[101.50018538065532,3.0699478250698995],[101.50018538065532,3.0699478250698999],[101.50020123027755,3.0698665678517378],[101.50020094873341,3.0698665102631635],[101.50020094873341,3.0698665102631648],[101.50019511605076,3.0698653172144375],[101.50020142616688,3.069834467757929],[101.50020725884968,3.0698356608066857],[101.50033907768099,3.0698613727215802],[101.50034899606118,3.0698633073506829],[101.50034239251057,3.0698971621734894],[101.50033247413039,3.0698952275443872],[101.50032886278973,3.0699137420232883],[101.50037651494564,3.0699235527612712],[101.50038704707821,3.0698716184523942],[101.500531800057,3.0699009739515914],[101.50053921993891,3.0699025507205482],[101.50053416107541,3.0699263564719352],[101.50054409885681,3.0699285096579043],[101.5005232654576,3.0700246638080633],[101.50050741266232,3.0700212290357509],[101.5005022783949,3.0700465462854138],[101.50051044490425,3.0700483017033107],[101.50050123013153,3.07009117042859],[101.50049356296981,3.0700895223470974],[101.50046208829814,3.0702447250384104],[101.50031733531934,3.0702153695392131],[101.50032517438676,3.0701767148274475],[101.5003212415817,3.0701760064339898],[101.50032569552496,3.0701512793696968],[101.50019574038365,3.0701245238994264],[101.50022339717422,3.0699901909165819],[101.50018661314269,3.0699830160093331],[101.50017217018136,3.0699801988383055]]]},"properties":{"FID":454,"id":0,"NAME":" ","Height":0}},{"type":"Feature","id":455,"geometry":{"type":"Polygon","coordinates":[[[101.50496257298906,3.065373845317835],[101.50496227250733,3.0653361348620694],[101.50499984234537,3.0653358355007994],[101.5050001428271,3.065373545956565],[101.50496257298906,3.065373845317835]]]},"properties":{"FID":455,"id":0,"NAME":" ","Height":0}},{"type":"Feature","id":456,"geometry":{"type":"Polygon","coordinates":[[[101.50505231015293,3.0650091954052199],[101.50505073620292,3.0649755567989443],[101.50518880755291,3.0649690964419811],[101.5051907446815,3.0650104969344043],[101.50515473758657,3.0650121817059848],[101.50515437440799,3.0650044198198367],[101.50505231015293,3.0650091954052199]]]},"properties":{"FID":456,"id":0,"NAME":" ","Height":0}},{"type":"Feature","id":457,"geometry":{"type":"Polygon","coordinates":[[[101.50400764678069,3.0653933813246206],[101.50400749653983,3.0653567225548723],[101.50404432026221,3.065356571637972],[101.50404447050308,3.0653932304077203],[101.50400764678069,3.0653933813246206]]]},"properties":{"FID":457,"id":0,"NAME":" ","Height":0}},{"type":"Feature","id":458,"geometry":{"type":"Polygon","coordinates":[[[101.50388369807148,3.0653884233762536],[101.50385898345007,3.0653628824301169],[101.50388541755346,3.0653373035477274],[101.50391013217487,3.0653628444938641],[101.50388369807148,3.0653884233762536]]]},"properties":{"FID":458,"id":0,"NAME":" ","Height":0}},{"type":"Feature","id":459,"geometry":{"type":"Polygon","coordinates":[[[101.50517671316325,3.0662172975037185],[101.50515462315816,3.0662172975037185],[101.50515462315816,3.0661331626223292],[101.50517671316325,3.0661331626223292],[101.50517671316325,3.0662172975037185]]]},"properties":{"FID":459,"id":0,"NAME":" ","Height":0}},{"type":"Feature","id":460,"geometry":{"type":"Polygon","coordinates":[[[101.50485121634091,3.0658241171740843],[101.50485318401758,3.0658776985232086],[101.50479999875327,3.0658796516543836],[101.5047980310766,3.0658260703052593],[101.50485121634091,3.0658241171740843]]]},"properties":{"FID":460,"id":0,"NAME":" ","Height":0}},{"type":"Feature","id":461,"geometry":{"type":"Polygon","coordinates":[[[101.50600544174469,3.0652055379947756],[101.50600531389503,3.0652212635024152],[101.50597759445644,3.0652210381411256],[101.5059777223061,3.0652053126334859],[101.50600544174469,3.0652055379947756]]]},"properties":{"FID":461,"id":0,"NAME":" ","Height":0}},{"type":"Feature","id":462,"geometry":{"type":"Polygon","coordinates":[[[101.50705577559448,3.0661492383943036],[101.5070555665329,3.0661723745421496],[101.50704382100524,3.0661722684078634],[101.50704358882386,3.0661949447893821],[101.50695554768012,3.0661940433442241],[101.50695601566369,3.0661483369491456],[101.50705577559448,3.0661492383943036]]]},"properties":{"FID":462,"id":0,"NAME":" ","Height":0}},{"type":"Feature","id":463,"geometry":{"type":"Polygon","coordinates":[[[101.50429821729693,3.065166287570225],[101.5043296176366,3.0651665504917296],[101.50432927856546,3.0652070452724507],[101.5042978782258,3.0652067823509461],[101.50429821729693,3.065166287570225]]]},"properties":{"FID":463,"id":0,"NAME":" ","Height":0}},{"type":"Feature","id":464,"geometry":{"type":"Polygon","coordinates":[[[101.50429099270612,3.0652637244450984],[101.50429211951257,3.065208661170046],[101.50432304459905,3.0652092940162934],[101.50432191779259,3.0652643572913458],[101.50429099270612,3.0652637244450984]]]},"properties":{"FID":464,"id":0,"NAME":" ","Height":0}},{"type":"Feature","id":465,"geometry":{"type":"Polygon","coordinates":[[[101.50474499605316,3.0658105954967128],[101.50478586156699,3.0658081916429638],[101.50478916686589,3.0658643817244626],[101.50474830135207,3.0658667855782116],[101.50474499605316,3.0658105954967128]]]},"properties":{"FID":465,"id":0,"NAME":" ","Height":0}},{"type":"Feature","id":466,"geometry":{"type":"Polygon","coordinates":[[[101.50427079491203,3.0651655240631381],[101.50427113638202,3.0651312063295024],[101.50433153320759,3.065131807292941],[101.50433119173761,3.0651661250265767],[101.50427079491203,3.0651655240631381]]]},"properties":{"FID":466,"id":0,"NAME":" ","Height":0}},{"type":"Feature","id":467,"geometry":{"type":"Polygon","coordinates":[[[101.50449420649863,3.0663301283893136],[101.5044936055352,3.0663679890859386],[101.50442810601463,3.0663669494110204],[101.50442870697806,3.0663290887143955],[101.50449420649863,3.0663301283893136]]]},"properties":{"FID":467,"id":0,"NAME":" ","Height":0}},{"type":"Feature","id":468,"geometry":{"type":"Polygon","coordinates":[[[101.50602343308766,3.0652243181022274],[101.50600675028656,3.0652243464261772],[101.50600671272633,3.0652022234595981],[101.50602339552744,3.0652021951356483],[101.50602343308766,3.0652243181022274]]]},"properties":{"FID":468,"id":0,"NAME":" ","Height":0}},{"type":"Feature","id":469,"geometry":{"type":"Polygon","coordinates":[[[101.5055908849594,3.066577354418893],[101.50556774573442,3.0665772181465414],[101.50554461077463,3.0665767534554544],[101.50554435868857,3.0665766997565611],[101.50554410757265,3.0665766416898546],[101.50554385750252,3.0665765792728323],[101.50554360855355,3.0665765125243047],[101.50554336080077,3.0665764414643855],[101.50554311431883,3.0665763661144889],[101.50554286918201,3.0665762864973214],[101.50554262546419,3.0665762026368761],[101.50554238323879,3.066576114558424],[101.50554214257883,3.0665760222885075],[101.50554190355683,3.0665759258549321],[101.50554166624481,3.0665758252867583],[101.50554143071429,3.0665757206142921],[101.50554119703624,3.0665756118690761],[101.50554096528109,3.0665754990838812],[101.50554073551865,3.0665753822926951],[101.5055405078182,3.0665752615307125],[101.50554028224833,3.0665751368343255],[101.50554005887703,3.0665750082411107],[101.50553983777161,3.0665748757898204],[101.5055396189987,3.0665747395203677],[101.50553940262421,3.0665745994738183],[101.50553918871337,3.0665744556923746],[101.50553897733062,3.0665743082193657],[101.50553876853968,3.066574157099232],[101.50553856240344,3.0665740023775139],[101.50553835898407,3.0665738441008359],[101.50553815834282,3.0665736823168959],[101.50553796054018,3.0665735170744464],[101.50553776563574,3.066573348423284],[101.50553757368824,3.0665731764142308],[101.50553738475556,3.0665730010991226],[101.50553719889457,3.0665728225307896],[101.50553701616133,3.0665726407630443],[101.50553683661087,3.0665724558506615],[101.50553666029732,3.0665722678493648],[101.50553648727383,3.0665720768158087],[101.5055363175925,3.0665718828075605],[101.50553615130448,3.0665716858830847],[101.50553598845988,3.0665714861017248],[101.50553582910779,3.0665712835236847],[101.50553567329621,3.0665710782100111],[101.5055355210721,3.0665708702225749],[101.50553537248133,3.0665706596240536],[101.50553522756869,3.0665704464779111],[101.50553508637783,3.0665702308483782],[101.50553494895132,3.0665700128004354],[101.50553481533055,3.0665697923997914],[101.5055346855558,3.0665695697128634],[101.50553455966617,3.0665693448067586],[101.50553443769962,3.0665691177492516],[101.50553431969287,3.0665688886087672],[101.50553420568151,3.066568657454356],[101.50553409569989,3.0665684243556766],[101.50553398978113,3.066568189382973],[101.50553388795718,3.0665679526070542],[101.50553379025871,3.0665677140992731],[101.50553369671516,3.0665674739315034],[101.50553360735472,3.0665672321761193],[101.50553352220433,3.0665669889059748],[101.50553344128963,3.066566744194378],[101.50553336463503,3.0665664981150735],[101.50553329226361,3.0665662507422171],[101.50553322419717,3.0665660021503545],[101.50553316045625,3.0665657524143985],[101.50553310106004,3.0665655016096074],[101.50553304602644,3.066565249811561],[101.50553299537204,3.0665649970961382],[101.50553294911209,3.0665647435394954],[101.50553290726056,3.0665644892180413],[101.50553286983005,3.0665642342084154],[101.50553283683182,3.0665639785874657],[101.50553280827583,3.0665637224322224],[101.50553278417068,3.0665634658198786],[101.50553276452364,3.0665632088277639],[101.50553274934063,3.066562951533323],[101.50553273862623,3.0665626940140913],[101.50553273238364,3.0665624363476724],[101.50553273061479,3.0665621786117141],[101.50553273332018,3.0665619208838848],[101.50553274049899,3.0665616632418509],[101.50553275214908,3.0665614057632524],[101.50553276826692,3.0665611485256807],[101.50553278884766,3.0665608916066542],[101.5055328138851,3.0665606350835954],[101.5055328433717,3.0665603790338074],[101.50553287729855,3.0665601235344511],[101.50553291565545,3.0665598686625204],[101.50553295843085,3.0665596144948211],[101.50553300561182,3.0665593611079469],[101.50553305718418,3.0665591085782555],[101.50553311313237,3.0665588569818474],[101.50553317343955,3.06655860639454],[101.50553323808752,3.0665583568918486],[101.50553330705681,3.0665581085489602],[101.50553338032664,3.0665578614407134],[101.50553345787492,3.0665576156415737],[101.50553353967828,3.0665573712256124],[101.50553362571209,3.066557128266485],[101.50553371595041,3.0665568868374069],[101.50553381036603,3.0665566470111321],[101.50553390893053,3.0665564088599324],[101.50553401161417,3.0665561724555754],[101.50553411838605,3.0665559378693001],[101.50553422921396,3.0665557051718002],[101.50553434406453,3.0665554744331986],[101.50553446290311,3.0665552457230283],[101.50553458569394,3.0665550191102109],[101.50553471239996,3.0665547946630363],[101.50553484298304,3.0665545724491414],[101.50553497740378,3.0665543525354906],[101.50553511562173,3.0665541349883543],[101.50553525759518,3.0665539198732912],[101.50553540328137,3.066553707255125],[101.50553555263642,3.0665534971979289],[101.50553570561529,3.0665532897650034],[101.50553586217188,3.066553085018858],[101.50553602225904,3.0665528830211932],[101.5055361858285,3.0665526838328812],[101.50553635283099,3.0665524875139472],[101.50553652321616,3.0665522941235515],[101.50553669693268,3.0665521037199723],[101.50553687392821,3.0665519163605879],[101.50553705414939,3.0665517321018592],[101.50553723754192,3.066551550999312],[101.50553742405053,3.0665513731075218],[101.50553761361903,3.0665511984800959],[101.50553780619028,3.066551027169659],[101.50553800170626,3.0665508592278345],[101.50553820010803,3.0665506947052323],[101.50553840133583,3.0665505336514309],[101.50553860532901,3.0665503761149639],[101.50553881202609,3.066550222143305],[101.50553902136477,3.0665500717828533],[101.50553923328199,3.0665499250789199],[101.50553944771389,3.0665497820757142],[101.50553966459583,3.0665496428163301],[101.50553988386247,3.0665495073427333],[101.50554010544772,3.0665493756957485],[101.50554032928481,3.0665492479150478],[101.5055405553063,3.0665491240391378],[101.50554078344406,3.0665490041053487],[101.50554101362935,3.0665488881498217],[101.50554124579281,3.066548776207501],[101.50554147986448,3.0665486683121199],[101.50554171577379,3.0665485644961925],[101.50554195344968,3.066548464791004],[101.50554219282051,3.0665483692266005],[101.50554243381417,3.0665482778317799],[101.505542676358,3.0665481906340846],[101.50554292037894,3.0665481076597909],[101.50554316580346,3.0665480289339038],[101.50554341255756,3.0665479544801468],[101.50554366056691,3.0665478843209568],[101.50554390975678,3.0665478184774764],[101.50554416005207,3.0665477569695474],[101.50555993628537,3.0665475887470568],[101.50557571309753,3.0665476889172929],[101.50559148592285,3.0665480574512665],[101.5055908849594,3.066577354418893]]]},"properties":{"FID":469,"id":0,"NAME":" ","Height":0}},{"type":"Feature","id":470,"geometry":{"type":"MultiPolygon","coordinates":[[[[101.50535181019562,3.0665297429920924],[101.50535182874737,3.0665300132040838],[101.50535184260079,3.0665302836976518],[101.50535185175173,3.0665305543911097],[101.50535124861993,3.0665437664385369],[101.50535085683637,3.0665569864412152],[101.50535067650124,3.0665702110185022],[101.50535067837885,3.0665710079803272],[101.50535220629476,3.0665710330281288],[101.50550382507538,3.0665735185819094],[101.50550157906675,3.0667105251087237],[101.50510716945847,3.06670405937744],[101.50510837382443,3.0670778142718542],[101.50519829493787,3.0670775363085978],[101.50519794092632,3.0669389407935235],[101.50520397000092,3.0669389253935879],[101.50521773104909,3.066938890244038],[101.50522061140637,3.0669388828868032],[101.50544748475303,3.0669383033890827],[101.50544868667997,3.0674088577614231],[101.50536950974693,3.0674090600013639],[101.50536950974693,3.0674261354602801],[101.50526539283122,3.0674261354602801],[101.50526539283122,3.0674093259449675],[101.50521782075356,3.067409447457305],[101.50519989121524,3.0674094932543392],[101.50519974441819,3.0673520222131216],[101.50489942975969,3.0673528939537844],[101.50489925837405,3.0674121933819283],[101.50448339167461,3.0674109914550516],[101.50448368637346,3.0673090256540019],[101.50444898400008,3.0673087973489164],[101.50444922748437,3.0672717877368822],[101.50444147195709,3.0672718380974486],[101.50444117147538,3.0672255639126846],[101.50448392839481,3.0672252862703537],[101.50448444084293,3.0670479792166101],[101.50490030754237,3.0670491811434868],[101.50490022292803,3.0670784577058465],[101.50504657255053,3.0670780053113411],[101.50504573670585,3.0668186148544616],[101.50494848494493,3.0668175294553439],[101.50494843257657,3.0668299931257956],[101.50501372924955,3.0668302698066134],[101.50501313842786,3.06696970372874],[101.50444582894191,3.0669672998749853],[101.50444641976361,3.0668278659528587],[101.5048889255909,3.0668297409775511],[101.50488907788869,3.0667934941027095],[101.50449961516966,3.0667919687917991],[101.50450011023715,3.0666655615624827],[101.50450015709104,3.0666490324029043],[101.50455947189063,3.0666492005378689],[101.50455957739024,3.0666248875906938],[101.50432157975129,3.0666205603608949],[101.50432157975129,3.0666210698139924],[101.50430718456128,3.0666210698139946],[101.50430728023709,3.0668918323697509],[101.50432097878763,3.0668918789634598],[101.50432067830592,3.0669802205889183],[101.5043073114536,3.0669801751234349],[101.50430738279366,3.0671820674581589],[101.50424976534347,3.0671820878176819],[101.50424979562396,3.067267781588892],[101.50408993862607,3.067267838075463],[101.50408990834558,3.0671821443042528],[101.50408987423263,3.0670856046473536],[101.50408985554893,3.0670327297693731],[101.50405813109261,3.0670327297693731],[101.50405775663761,3.0671849189805687],[101.50378491940056,3.0671842476762885],[101.5037851420997,3.0670937363831938],[101.50374195051472,3.0670938026787957],[101.50374164313563,3.0668935451965829],[101.50372091679438,3.0668936818537773],[101.50371911390407,3.0666202434892624],[101.50374122341577,3.0666200977122626],[101.50374074858786,3.0663107473184388],[101.50382340897916,3.0663106204414006],[101.50382338106063,3.0663038362388946],[101.50404243223394,3.0663029347937374],[101.50404254363761,3.0663300058831231],[101.50405986000966,3.0663300484893115],[101.50405848429995,3.0668891762200468],[101.50408980482329,3.0668891762200468],[101.50408960786386,3.0663317810387838],[101.5041499756305,3.0663317597074178],[101.50415090613457,3.0662410355595724],[101.50426809400507,3.0662422374864491],[101.50426717625321,3.0663317182937706],[101.50429360873909,3.0663317089536695],[101.50429366072755,3.0663225069944002],[101.50433960865428,3.0663227665872066],[101.5043384067274,3.0665355076444336],[101.50432179268724,3.0665354137798002],[101.5043215921649,3.0665913595124787],[101.50455970409058,3.0665956888202182],[101.50456011276312,3.066501508050782],[101.50450908261114,3.0665017590187422],[101.50449961516995,3.0665110183843174],[101.5045343208085,3.0665445220960135],[101.50449781227961,3.0665856880915503],[101.50446370760447,3.066585237368971],[101.50442900196589,3.0665506819712576],[101.50444132171637,3.0665379866186182],[101.50442704883469,3.0665239390982428],[101.50441968703257,3.0665311506595048],[101.504385507237,3.0664980976703875],[101.50438550723702,3.066468425100612],[101.50442013775515,3.0664334189803202],[101.50443005365189,3.0664428841544762],[101.50444372557011,3.0664304141631278],[101.50443230726475,3.0664190709782266],[101.50446806458935,3.0663845155805136],[101.50449480746235,3.0663851165439517],[101.50452966334178,3.0664190709782266],[101.50451794455473,3.0664306395244174],[101.50449646011177,3.0664527249307829],[101.50450903196592,3.0664656559807768],[101.50456026942712,3.0664654039932628],[101.50456064140023,3.0663796808003907],[101.50450140878409,3.0663798703447624],[101.50450100489752,3.0662536557917646],[101.50456118908811,3.0662534632023548],[101.50456143404483,3.0661970116139257],[101.50413270534865,3.0661957616760351],[101.50413283357706,3.0661517793305686],[101.50403428166705,3.0661514920072155],[101.50403476454443,3.0659858650633298],[101.50396959037339,3.0659865934967527],[101.50396988728684,3.0661169385072919],[101.50386972567155,3.0661171666658666],[101.50386954507213,3.0660378835196687],[101.50366660002935,3.0660402433457401],[101.50366479713904,3.0658851947786085],[101.50386465025736,3.0658828709051469],[101.50386431638215,3.0658087506077871],[101.50397068752923,3.0658082714584811],[101.50397128529583,3.0659409756463982],[101.50403489749019,3.065940264670751],[101.50403548359392,3.0657392310884086],[101.50409496053207,3.0657394044905608],[101.50409528105476,3.0656365167082256],[101.50374596169866,3.0656384307868909],[101.50374580733072,3.0656102586369682],[101.50373379994775,3.0656103244308475],[101.503731396094,3.0651716211207467],[101.50383205003106,3.0651710695923242],[101.50383205746994,3.0651704191938691],[101.50383226789954,3.065152020856619],[101.50383247832914,3.0651336225193688],[101.50387092264084,3.0651340622232999],[101.50387071711835,3.065152031521496],[101.50408085633347,3.0651520898089966],[101.50408085144709,3.0651697062968926],[101.50415990356369,3.0651692731346092],[101.50419733638594,3.0651690025948457],[101.50419849968601,3.0653299608364497],[101.5042354641129,3.0653296936819392],[101.50423670680678,3.0655016371280124],[101.50422605518342,3.0655016241756159],[101.50421341736441,3.065501428822885],[101.50420078360864,3.0655010535264768],[101.50418815647812,3.0655004983624989],[101.5041884374556,3.0655005924805234],[101.50418871675555,3.0655006914657719],[101.50418899429367,3.0655007952883655],[101.5041892699862,3.0655009039169667],[101.50418954374992,3.0655010173187858],[101.50418981550217,3.0655011354595936],[101.50419008516096,3.0655012583037298],[101.50419035264487,3.0655013858141147],[101.50419061787318,3.0655015179522591],[101.50419088076582,3.065501654678279],[101.50419114124342,3.0655017959509037],[101.50419139922741,3.0655019417274909],[101.50419165463985,3.0655020919640386],[101.50419190740371,3.0655022466151989],[101.50419215744265,3.065502405634291],[101.50419240468121,3.065502568973316],[101.50419264904475,3.065502736582971],[101.50419289045954,3.0655029084126633],[101.50419312885269,3.0655030844105275],[101.50419336415224,3.0655032645234397],[101.50419359628719,3.0655034486970334],[101.50419382518744,3.0655036368757167],[101.50419405078391,3.0655038290026897],[101.50419427300851,3.0655040250199588],[101.50419449179417,3.0655042248683579],[101.50419470707482,3.0655044284875634],[101.5041949187855,3.0655046358161142],[101.50419512686231,3.0655048467914292],[101.50419533124244,3.0655050613498265],[101.5041955318642,3.0655052794265432],[101.50419572866703,3.0655055009557537],[101.50419592159152,3.0655057258705902],[101.50419611057944,3.065505954103164],[101.50419629557375,3.0655061855845838],[101.5041964765186,3.0655064202449784],[101.5041966533594,3.0655066580135171],[101.50419682604274,3.06550689881843],[101.50419699451651,3.0655071425870317],[101.50419715872985,3.0655073892457425],[101.5041973186332,3.065507638720109],[101.50419747417831,3.0655078909348292],[101.5041976253182,3.065508145813773],[101.50419777200726,3.0655084032800066],[101.50419791420121,3.0655086632558155],[101.50419805185714,3.0655089256627273],[101.5041981849335,3.0655091904215355],[101.50419831339012,3.0655094574523245],[101.50419843718821,3.0655097266744922],[101.5041985562904,3.0655099980067755],[101.50419867066077,3.0655102713672737],[101.50419878026477,3.0655105466734751],[101.50419888506934,3.0655108238422795],[101.50419898504283,3.0655111027900248],[101.50419908015506,3.0655113834325127],[101.50419917037733,3.0655116656850323],[101.50419925568239,3.0655119494623873],[101.50419933604452,3.0655122346789208],[101.50419941143946,3.0655125212485421],[101.50419948184442,3.0655128090847512],[101.50419954723817,3.0655130981006669],[101.50419960760098,3.0655133882090504],[101.50419966291462,3.065513679322335],[101.50419971316239,3.0655139713526487],[101.50419975832912,3.0655142642118447],[101.50419979840119,3.0655145578115239],[101.5041998333665,3.0655148520630657],[101.5041998632145,3.0655151468776514],[101.50419988793617,3.0655154421662929],[101.50419990752404,3.065515737839859],[101.50419992197222,3.0655160338091019],[101.50419993127635,3.065516329984685],[101.50419993543359,3.0655166262772089],[101.50419993444271,3.0655169225972401],[101.50419992830402,3.0655172188553355],[101.50419991701933,3.0655175149620706],[101.5041999005921,3.0655178108280681],[101.50419987902725,3.065518106364022],[101.50419985233131,3.0655184014807264],[101.50419982051233,3.0655186960891014],[101.50419978357991,3.0655189901002218],[101.50419974154519,3.0655192834253415],[101.50419969442088,3.0655195759759217],[101.5041996422212,3.0655198676636579],[101.50419958496188,3.0655201584005054],[101.50419952266024,3.0655204480987068],[101.50419945533507,3.0655207366708184],[101.50419938300669,3.0655210240297364],[101.50419930569693,3.0655213100887231],[101.50419922342913,3.0655215947614325],[101.50419913622812,3.0655218779619378],[101.50419904412021,3.0655221596047566],[101.50419894713323,3.065522439604877],[101.50419884529644,3.0655227178777817],[101.50419873864057,3.0655229943394757],[101.50419862719782,3.0655232689065102],[101.50419851100183,3.0655235414960096],[101.50419839008768,3.0655238120256931],[101.50419826449185,3.065524080413903],[101.50419813425226,3.0655243465796285],[101.50419799940823,3.0655246104425276],[101.50419786000046,3.065524871922956],[101.50419771607102,3.0655251309419862],[101.50419756766335,3.065525387421435],[101.50419741482226,3.0655256412838856],[101.50419725759387,3.0655258924527109],[101.50419709602566,3.0655261408520968],[101.50419693016639,3.0655263864070652],[101.50419676006611,3.065526629043497],[101.50419658577617,3.0655268686881532],[101.5041964073492,3.0655271052686985],[101.50419622483902,3.0655273387137227],[101.50419603830075,3.0655275689527612],[101.50419584779067,3.0655277959163176],[101.50419565336631,3.0655280195358841],[101.50419545508635,3.0655282397439625],[101.50419525301062,3.0655284564740839],[101.50419504720014,3.0655286696608299],[101.50419483771702,3.0655288792398507],[101.5041946246245,3.0655290851478867],[101.5041944079869,3.0655292873227848],[101.5041941878696,3.0655294857035198],[101.50419396433904,3.0655296802302119],[101.5041937374627,3.0655298708441441],[101.50419350730907,3.0655300574877802],[101.50419327394761,3.0655302401047835],[101.50419303744876,3.0655304186400314],[101.50419279788389,3.0655305930396342],[101.50419255532535,3.0655307632509503],[101.50419230984632,3.0655309292226023],[101.50419206152091,3.0655310909044928],[101.50419181042408,3.0655312482478183],[101.5041915566316,3.0655314012050865],[101.50419130022011,3.0655315497301272],[101.50419104126698,3.0655316937781092],[101.50419077985039,3.0655318333055526],[101.50419051604923,3.0655319682703417],[101.50419024994315,3.0655320986317376],[101.50418998161246,3.0655322243503917],[101.50418971113814,3.0655323453883572],[101.50418943860186,3.0655324617090982],[101.50418916408586,3.0655325732775047],[101.50418888767301,3.0655326800599001],[101.50418860944674,3.0655327820240528],[101.50418832949104,3.0655328791391856],[101.50418804789041,3.0655329713759847],[101.50418776472985,3.0655330587066083],[101.50418748009483,3.0655331411046971],[101.50418719407125,3.065533218545379],[101.50418690674547,3.0655332910052793],[101.5041866182042,3.0655333584625262],[101.50418632853454,3.0655334208967582],[101.50418603782394,3.0655334782891295],[101.50418574616012,3.065533530622317],[101.50418545363114,3.0655335778805237],[101.50418516032529,3.0655336200494854],[101.50418486633112,3.0655336571164735],[101.50418457173733,3.0655336890702998],[101.50418427663287,3.0655337159013185],[101.50418398110682,3.0655337376014313],[101.50418368524838,3.0655337541640879],[101.50418338914683,3.0655337655842891],[101.50418309289158,3.065533771858588],[101.50418279657204,3.0655337729850904],[101.50418250027764,3.0655337689634563],[101.50418220409783,3.0655337597948997],[101.50418190812201,3.0655337454821878],[101.5041816124395,3.0655337260296411],[101.50418131713958,3.0655337014431314],[101.50418102231136,3.0655336717300798],[101.50418072804385,3.0655336368994552],[101.50418043442585,3.065533596961771],[101.50418014154602,3.0655335519290818],[101.50417984949273,3.0655335018149805],[101.50417955835417,3.0655334466345945],[101.50417926821818,3.0655333864045788],[101.50417897917237,3.0655333211431142],[101.50417869130396,3.0655332508698967],[101.50417208070614,3.0655332508698967],[101.50416201456855,3.0655334011107565],[101.50416201456855,3.0655362556870891],[101.50416193832662,3.0655406173627782],[101.50416230741747,3.0656079764447099],[101.50416246178541,3.0656361485946326],[101.50412773379188,3.0656363388850085],[101.50412741242049,3.0657394991024804],[101.50413164393507,3.0657395114392578],[101.5041317477779,3.0657038933469023],[101.50455963169892,3.0657051408218914],[101.50455963169892,3.0656599609451747],[101.50451523145165,3.065659415040495],[101.50451831912811,3.0654082840216121],[101.50445458047172,3.0654060344219745],[101.50445488095343,3.0654462989723523],[101.5044545804717,3.0654808543700658],[101.50444199458016,3.0654808543700658],[101.50444105879424,3.0655954881459575],[101.50433335404101,3.0655946089234813],[101.50433452916727,3.0654506559572816],[101.50432597429582,3.0654506559572816],[101.50432477236896,3.0654141474283927],[101.50430253672174,3.0654138469466732],[101.50430178551743,3.0653782398629423],[101.50432890399264,3.0653777515801521],[101.50432842110274,3.0653641561090126],[101.50433022399307,3.0652036988709344],[101.50445713456621,3.065205124832437],[101.50445533167589,3.0653655820705152],[101.50445329268021,3.0653655591604512],[101.50445341610504,3.0653796295908959],[101.50451867343158,3.0653794673399601],[101.50452143765415,3.0651546439036021],[101.50460373075424,3.0651556557040132],[101.50460374239583,3.0651458185654987],[101.50460127086689,3.0651458156406131],[101.50460129811626,3.0651227899164764],[101.5046037696452,3.065122792841362],[101.5046190024984,3.0651228108684072],[101.50461900728912,3.0651227927647593],[101.50461910799277,3.0651224372367554],[101.50461921483981,3.0651220835064938],[101.50461932779817,3.0651217316801214],[101.50461944683394,3.065121381863213],[101.50461957191143,3.0651210341607409],[101.5046197029931,3.0651206886770432],[101.50461984003958,3.0651203455157923],[101.5046199830098,3.065120004779962],[101.50462013186082,3.065119666571801],[101.50462028654798,3.0651193309927973],[101.50462044702488,3.0651189981436509],[101.50462061324333,3.0651186681242422],[101.50462078515349,3.0651183410336031],[101.50462096270374,3.065118016969886],[101.50462114584083,3.0651176960303355],[101.50462133450978,3.0651173783112582],[101.504621528654,3.0651170639079948],[101.5046217282152,3.0651167529148906],[101.50462193313352,3.0651164454252675],[101.50462214334746,3.0651161415313966],[101.50462235879395,3.0651158413244697],[101.50462257940832,3.0651155448945726],[101.50462280512438,3.0651152523306564],[101.50462303587442,3.065114963720514],[101.50462327158914,3.0651146791507502],[101.50462351219787,3.0651143987067591],[101.50462375762835,3.0651141224726945],[101.50462400780698,3.0651138505314486],[101.50462426265867,3.0651135829646252],[101.50462452210694,3.0651133198525149],[101.50462478607393,3.0651130612740722],[101.50462505448046,3.0651128073068898],[101.50462532724595,3.0651125580271792],[101.50462560428855,3.0651123135097422],[101.50462588552516,3.0651120738279536],[101.50462617087136,3.0651118390537371],[101.50462646024152,3.0651116092575426],[101.50462675354883,3.0651113845083269],[101.50462705070527,3.0651111648735325],[101.50462735162165,3.0651109504190672],[101.50462765620769,3.0651107412092831],[101.50462796437198,3.0651105373069605],[101.50462827602205,3.0651103387732852],[101.50462859106437,3.0651101456678331],[101.50462890940443,3.0651099580485508],[101.50462923094669,3.0651097759717389],[101.50462955559465,3.0651095994920343],[101.5046298832509,3.0651094286623946],[101.50463021381712,3.0651092635340822],[101.50463054719413,3.0651091041566487],[101.50463088328185,3.065108950577919],[101.50463122197945,3.0651088028439797],[101.50463156318531,3.0651086609991616],[101.50463190679702,3.0651085250860293],[101.50463225271147,3.0651083951453675],[101.50463260082488,3.0651082712161686],[101.50463295103276,3.065108153335621],[101.50463330323004,3.0651080415390979],[101.50463365731103,3.065107935860147],[101.50463401316948,3.0651078363304802],[101.50463437069858,3.0651077429799645],[101.50463472979109,3.0651076558366115],[101.50463509033921,3.0651075749265719],[101.50463545223478,3.0651075002741246],[101.50463581536918,3.0651074319016711],[101.50463617963345,3.0651073698297284],[101.50463654491828,3.0651073140769229],[101.50463691111408,3.0651072646599853],[101.50463727811092,3.0651072215937436],[101.5046376457987,3.0651071848911218],[101.50463801406708,3.0651071545631337],[101.50463838280555,3.0651071306188791],[101.50463875190346,3.0651071130655438],[101.50463912125005,3.0651071019083953],[101.50463949073449,3.0651070971507814],[101.5046398602459,3.0651070987941296],[101.50464022967341,3.0651071068379467],[101.50464059890616,3.0651071212798198],[101.50464096783334,3.0651071421154139],[101.50464133634425,3.0651071693384777],[101.50464170432831,3.0651072029408417],[101.50464207167509,3.0651072429124291],[101.50464246187603,3.0651073416144348],[101.50464285031944,3.0651074470211701],[101.50464323689013,3.0651075591013761],[101.50464362147343,3.065107677821814],[101.50464400395532,3.065107803147276],[101.50464438422235,3.0651079350405959],[101.50464476216176,3.065108073462659],[101.50464513766146,3.0651082183724152],[101.50464551061009,3.0651083697268904],[101.50464588089706,3.0651085274811987],[101.50464624841256,3.0651086915885566],[101.50464661304758,3.065108862000296],[101.504646974694,3.0651090386658804],[101.50464733324456,3.0651092215329174],[101.50464768859295,3.0651094105471763],[101.50464804063377,3.0651096056526028],[101.50464838926261,3.0651098067913369],[101.5046487343761,3.0651100139037286],[101.50464907587188,3.0651102269283572],[101.50464941364869,3.0651104458020475],[101.50464974760635,3.0651106704598909],[101.50465007764581,3.0651109008352631],[101.50465040366922,3.0651111368598434],[101.50465072557986,3.0651113784636368],[101.50465104328231,3.0651116255749931],[101.50465135668232,3.0651118781206299],[101.50465166568695,3.0651121360256512],[101.50465197020456,3.0651123992135734],[101.50465227014486,3.0651126676063458],[101.50465256541889,3.0651129411243736],[101.50465285593909,3.065113219686542],[101.50465314161927,3.0651135032102417],[101.50465342237476,3.06511379161139],[101.50465369812227,3.0651140848044593],[101.50465396878002,3.0651143827025007],[101.50465423426776,3.0651146852171687],[101.50465449450674,3.0651149922587502],[101.5046547494198,3.0651153037361891],[101.50465499893133,3.0651156195571136],[101.50465524296735,3.065115939627864],[101.50465548145547,3.0651162638535205],[101.50465571432498,3.0651165921379304],[101.50465594150683,3.0651169243837377],[101.50465616293361,3.0651172604924124],[101.50465637853968,3.0651176003642777],[101.5046565882611,3.0651179438985414],[101.50465679203566,3.0651182909933254],[101.50465698980294,3.0651186415456948],[101.5046571815043,3.0651189954516904],[101.50465736708287,3.0651193526063576],[101.50465754648363,3.0651197129037775],[101.50465771346714,3.065120258333351],[101.50465787096346,3.0651208065776592],[101.50465801892518,3.0651213574716962],[101.50465815730779,3.0651219108496579],[101.5046582860696,3.0651224665449925],[101.50465836953083,3.0651228574566116],[101.50493656048641,3.065123186676677],[101.50493692875173,3.0650769693791911],[101.50496135091797,3.0650771639781254],[101.50496136755696,3.0650750757838763],[101.50501236630225,3.0650754821483805],[101.50501234966326,3.0650775703426296],[101.50501198547526,3.0651232759370188],[101.50501745785249,3.0651232824132051],[101.50501745785249,3.0650775703426296],[101.50512503030798,3.0650775703426296],[101.50512503030798,3.0651242418380464],[101.50511158274715,3.0651242418380464],[101.50511147067861,3.0652189397457148],[101.50515452222784,3.0652189906942944],[101.50515411650636,3.0655618253405117],[101.50511106495713,3.0655617743919321],[101.50510306105059,3.0655617649198534],[101.50510177176761,3.0656666266017569],[101.50483162961295,3.0656633051818227],[101.50483186813661,3.0656907831062545],[101.50465879066631,3.0656922855148507],[101.50465852062531,3.0656611767926303],[101.50465146340052,3.0656610900234731],[101.50465142076031,3.0656613040692995],[101.50465136686356,3.0656615520633594],[101.50465130866834,3.06566179908407],[101.50465124619221,3.0656620450569316],[101.50465117945403,3.0656622899077619],[101.50465110847391,3.0656625335627163],[101.50465103327326,3.065662775948311],[101.50465095387476,3.0656630169914454],[101.50465087030236,3.0656632566194228],[101.50465078258125,3.0656634947599746],[101.50465069073789,3.0656637313412798],[101.5046505948,3.0656639662919876],[101.50465049479649,3.0656641995412404],[101.50465039075755,3.0656644310186918],[101.50465028271452,3.0656646606545306],[101.5046501707,3.0656648883795019],[101.50465005474777,3.0656651141249256],[101.50464993489281,3.0656653378227192],[101.50464981117126,3.0656655594054181],[101.50464968362044,3.0656657788061952],[101.50464955227881,3.0656659959588817],[101.50464941718597,3.0656662107979864],[101.50464927838267,3.0656664232587163],[101.5046491359108,3.0656666332769955],[101.50464898981329,3.0656668407894845],[101.50464884013422,3.0656670457335999],[101.50464868691873,3.0656672480475327],[101.50464853021302,3.065667447670267],[101.50464837006436,3.0656676445415987],[101.50464820652105,3.0656678386021539],[101.5046480396324,3.0656680297934056],[101.50464786944876,3.0656682180576924],[101.50464769602144,3.0656684033382366],[101.50464751940275,3.0656685855791586],[101.50464733964596,3.0656687647254968],[101.50464715680528,3.0656689407232225],[101.50464697093585,3.0656691135192573],[101.50464678209373,3.0656692830614869],[101.50464659033587,3.0656694492987793],[101.5046463957201,3.0656696121809994],[101.50464619830512,3.0656697716590231],[101.50464599815047,3.0656699276847545],[101.50464579531651,3.0656700802111372],[101.5046455898644,3.0656702291921705],[101.50464538185612,3.0656703745829241],[101.5046451713544,3.0656705163395492],[101.50464495842273,3.0656706544192938],[101.50464474312531,3.0656707887805141],[101.50464452552708,3.065670919382689],[101.50464430569369,3.0656710461864289],[101.50464408369139,3.0656711691534926],[101.50464385958718,3.0656712882467936],[101.50464363344862,3.0656714034304149],[101.50464340534391,3.0656715146696181],[101.50464317534187,3.0656716219308553],[101.50464294351184,3.0656717251817769],[101.50464270992376,3.0656718243912437],[101.50464247464805,3.0656719195293358],[101.50464223775568,3.0656720105673596],[101.5046419993181,3.0656720974778593],[101.50464175940722,3.0656721802346243],[101.50464151809538,3.065672258812695],[101.50464127545537,3.065672333188374],[101.50464103156037,3.0656724033392297],[101.50464078648393,3.0656724692441055],[101.50464054029996,3.0656725308831256],[101.50464029308272,3.0656725882376996],[101.50464004490675,3.0656726412905306],[101.5046397958469,3.0656726900256186],[101.50463954597829,3.0656727344282646],[101.50463929537629,3.0656727744850785],[101.50463904411646,3.0656728101839783],[101.50463879227458,3.0656728415141985],[101.5046385399266,3.0656728684662902],[101.50463828714865,3.0656728910321243],[101.50463803401693,3.065672909204896],[101.50463778060781,3.0656729229791235],[101.5046375269977,3.0656729323506542],[101.50463727326309,3.06567293731666],[101.5046370194805,3.0656729378756449],[101.50463676572647,3.0656729340274387],[101.50463651207754,3.0656729257732032],[101.50463625861019,3.0656729131154274],[101.50463600540087,3.0656728960579285],[101.50463575252596,3.065672874605851],[101.50463550006171,3.0656728487656646],[101.50463524808426,3.0656728185451629],[101.50463499666959,3.0656727839534597],[101.50463474589357,3.0656727450009869],[101.50463449583178,3.0656727016994934],[101.50463424655966,3.0656726540620372],[101.5046339981524,3.0656726021029863],[101.50463375068489,3.0656725458380105],[101.50463350423178,3.0656724852840784],[101.50463325886739,3.0656724204594532],[101.50463301466573,3.065672351383685],[101.50463277170043,3.065672278077606],[101.50463253004479,3.0656722005633248],[101.50463228977168,3.0656721188642191],[101.50463205095355,3.0656720330049279],[101.50463181366244,3.0656719430113459],[101.50463157796992,3.0656718489106143],[101.50463134394705,3.0656717507311129],[101.50463111166444,3.0656716485024509],[101.50463088119211,3.0656715422554601],[101.50463065259959,3.0656714320221834],[101.50463042595582,3.0656713178358657],[101.50463020132915,3.0656711997309447],[101.50462997878732,3.0656710777430392],[101.50462975839746,3.0656709519089396],[101.50462954022601,3.0656708222665965],[101.50462932433879,3.0656706888551084],[101.50462911080092,3.0656705517147107],[101.50462889967677,3.0656704108867632],[101.50462869103004,3.065670266413739],[101.50462848492364,3.065670118339209],[101.50462828141973,3.0656699667078309],[101.50462808057969,3.0656698115653351],[101.50462788246409,3.0656696529585115],[101.5046276871327,3.0656694909351936],[101.50462749464438,3.065669325544246],[101.50462730505723,3.0656691568355492],[101.5046271184284,3.0656689848599838],[101.50462693481418,3.0656688096694156],[101.50462675426996,3.0656686313166808],[101.50462657685017,3.065668449855568],[101.50462640260834,3.0656682653408041],[101.50462623159702,3.065668077828037],[101.50462606386775,3.0656678873738188],[101.50462589947115,3.0656676940355876],[101.50462573845678,3.0656674978716532],[101.50462558087321,3.0656672989411762],[101.50462542676797,3.0656670973041518],[101.50462527618754,3.0656668930213913],[101.50462512917731,3.065666686154505],[101.50462498578165,3.0656664767658808],[101.50462484604377,3.065666264918669],[101.50462471000584,3.0656660506767599],[101.50462457770887,3.0656658341047671],[101.50462444919278,3.065665615268006],[101.50462432449632,3.0656653942324752],[101.50462420365709,3.0656651710648375],[101.50462408671153,3.0656649458323972],[101.50462397369492,3.0656647186030823],[101.50462386464135,3.0656644894454224],[101.50462375958369,3.0656642584285296],[101.50462365855365,3.065664025622076],[101.5046235615817,3.0656637910962736],[101.50462346869705,3.0656635549218523],[101.50462337992774,3.0656633171700407],[101.50462329530053,3.0656630779125416],[101.50462321484096,3.0656628372215122],[101.50462313857328,3.0656625951695435],[101.50462306652049,3.0656623518296353],[101.50462299870433,3.065662107275176],[101.50462293514526,3.0656618615799207],[101.50462287586244,3.0656616148179689],[101.50462282087373,3.0656613670637411],[101.50462277019574,3.0656611183919571],[101.50462272384375,3.0656608688776146],[101.50462270160533,3.0656607363948436],[101.50459222253961,3.0656603616522324],[101.50459222253961,3.0657052358389199],[101.50463071351169,3.0657053480574974],[101.50463032166439,3.0658397516757048],[101.50463009520021,3.0659174288908635],[101.50466043703895,3.0659175173510338],[101.50466043507815,3.0659181899064523],[101.50486358161751,3.0659184533909394],[101.50486368633206,3.0658745605426825],[101.50490005928754,3.0658746473171288],[101.50490005936334,3.0658745605926363],[101.50490004462007,3.0658745605426847],[101.50490006448933,3.0658686961261616],[101.50487131701958,3.065868598726726],[101.50487136843175,3.0658534244119062],[101.50486518874062,3.0658533765814786],[101.50486593994493,3.0657563209861616],[101.50490044432324,3.0657565880479178],[101.5049004790967,3.0657463246491741],[101.50498700924703,3.0657466178223847],[101.50498682263543,3.0658016962872932],[101.50499845238311,3.0658018439666272],[101.50499785141967,3.0658491698374086],[101.50498666227146,3.0658490277529884],[101.50498659537669,3.065868771763383],[101.50498659006055,3.0658748537523728],[101.50512122218855,3.0658751749423403],[101.5051218001289,3.065826483467605],[101.50522306246829,3.0658276853944817],[101.50522249592639,3.0658754165496673],[101.50561939785595,3.0658763634329991],[101.50561932865013,3.0659053722056018],[101.50562526826035,3.0659054317008625],[101.50562175021264,3.0654744708576134],[101.50551992067466,3.0654750861418307],[101.50551999320521,3.065475203484473],[101.50552039781655,3.0654758843192997],[101.50552079050665,3.0654765720989827],[101.50552117115633,3.0654772666148054],[101.50552153965008,3.0654779676560064],[101.50552189587606,3.0654786750098442],[101.50552223972619,3.0654793884616622],[101.50552257109611,3.0654801077949525],[101.50552288988526,3.0654808327914225],[101.50552319599691,3.065481563231061],[101.50552348933815,3.0654822988922059],[101.50552376981997,3.0654830395516099],[101.50552403735726,3.065483784984508],[101.50552429186882,3.0654845349646878],[101.50552453327742,3.065485289264557],[101.5055247615098,3.0654860476552117],[101.50552497649672,3.0654868099065071],[101.50552517817289,3.0654875757871265],[101.50552536647716,3.0654883450646522],[101.50552554135234,3.0654891175056354],[101.5055257027454,3.0654898928756675],[101.50552585060736,3.0654906709394503],[101.50552598489332,3.0654914514608693],[101.50552610556255,3.0654922342030635],[101.50552621257843,3.0654930189284979],[101.50552630590848,3.0654938053990364],[101.50552638552438,3.065494593376012],[101.50552645140196,3.065495382620302],[101.50552650352125,3.0654961728923982],[101.50552654186642,3.0654969639524805],[101.50552656642583,3.0654977555604903],[101.50552657719203,3.065498547476202],[101.50552657416175,3.0654993394592971],[101.50552655733593,3.0655001312694368],[101.50552652671963,3.0655009226663341],[101.5055264823222,3.0655017134098279],[101.50552642415707,3.0655025032599554],[101.50552635224192,3.0655032919770249],[101.50552626659854,3.0655040793216877],[101.50552616725295,3.0655048650550136],[101.50552605423529,3.0655056489385588],[101.50552592757984,3.0655064307344428],[101.50552578732506,3.0655072102054182],[101.5055256335135,3.0655079871149424],[101.50552546619183,3.0655087612272509],[101.50552528541084,3.0655095323074275],[101.50552509122538,3.0655103001214763],[101.50552488369439,3.0655110644363934],[101.50552466288083,3.0655118250202356],[101.50552442885173,3.0655125816421922],[101.5055241816781,3.065513334072655],[101.50552392143494,3.065514082083288],[101.50552364820125,3.0655148254470963],[101.50552336205992,3.0655155639384946],[101.5055230630978,3.0655162973333772],[101.50552275140559,3.0655170254091839],[101.50552242707792,3.0655177479449698],[101.50552209021318,3.0655184647214702],[101.50552174091359,3.0655191755211688],[101.50552137928518,3.0655198801283627],[101.50552100543769,3.0655205783292288],[101.50552061948454,3.0655212699118866],[101.50552022154287,3.0655219546664663],[101.50551981173344,3.0655226323851679],[101.50551939018061,3.0655233028623279],[101.50551895701233,3.0655239658944802],[101.50551851236001,3.0655246212804173],[101.50551805635861,3.0655252688212529],[101.50551758914652,3.0655259083204816],[101.5055171108655,3.0655265395840368],[101.5055166216607,3.0655271624203526],[101.5055161216806,3.0655277766404199],[101.50551561107689,3.0655283820578449],[101.50551509000454,3.0655289784889042],[101.50551455862167,3.0655295657526018],[101.50551401708954,3.0655301436707245],[101.50551346557248,3.0655307120678934],[101.50551290423786,3.0655312707716207],[101.50551233325604,3.0655318196123593],[101.50551175280026,3.065532358423555],[101.50551116304669,3.0655328870416976],[101.50551056417432,3.0655334053063701],[101.50550995636483,3.065533913060297],[101.50550933980273,3.0655344101493935],[101.50550871467509,3.0655348964228102],[101.50550808117161,3.0655353717329796],[101.50550743948456,3.0655358359356626],[101.50550678980865,3.0655362888899895],[101.50550620472214,3.0655366818459031],[101.50550623063755,3.0655554014105748],[101.50533274357448,3.0655556415864673],[101.5053326631753,3.0655650643718544],[101.50524462203155,3.0655643131675561],[101.50524505833715,3.0655131781515479],[101.50525477958902,3.065513261097383],[101.50525438768743,3.0652301774957538],[101.50537210291269,3.0652300145305231],[101.50537097459447,3.0650432778663803],[101.50596773128891,3.0650396720857498],[101.50596820933187,3.0651187881948743],[101.50597471748893,3.0651188490187722],[101.50597369459209,3.0652282989809794],[101.50606178206704,3.0652285248462974],[101.50606148158532,3.065345712716804],[101.50596957905316,3.0653454770692883],[101.50597034574483,3.0654723645401987],[101.50595883180081,3.0654724341108572],[101.50595954316218,3.0655126678720674],[101.5059419914969,3.0655129781979289],[101.5059418618481,3.0655056454146914],[101.50572126115877,3.0655057744964291],[101.50572126115877,3.0655165165763472],[101.50572129177039,3.0655165166426062],[101.50572126115875,3.0655306592150069],[101.50572125972133,3.0655313233051618],[101.50565606085813,3.0655311821820814],[101.50565697578948,3.0656432612719398],[101.50574801159152,3.0656440362725847],[101.50574829761929,3.0655749605656646],[101.5060523920134,3.0655762197556884],[101.50605211254839,3.0656437105577434],[101.50609573650151,3.0656438281425245],[101.50609513553806,3.0658667855782058],[101.50605118933279,3.0658666671248209],[101.50605105471074,3.065899178350509],[101.5062014200751,3.0658987099225823],[101.50620060462153,3.0658253191009517],[101.50628173468571,3.0658244176557941],[101.50628255734685,3.0658984571584953],[101.50641087445094,3.0658980574167378],[101.50641094182498,3.0658481557116155],[101.50687387319729,3.0658487807314709],[101.50687428463603,3.0658096940515547],[101.50695992192601,3.0658105954967123],[101.50695951875898,3.0658488963645429],[101.50707861220512,3.0658490571567745],[101.5070786107852,3.0658501088427941],[101.50709018075131,3.0658501088427941],[101.50709018075131,3.0658759502706494],[101.50707857589579,3.0658759502706494],[101.50707826736493,3.066104468789546],[101.50709072256525,3.0661045229784141],[101.50709061668287,3.0661288598262626],[101.50707823450647,3.0661288059551],[101.50707823051091,3.0661317653286582],[101.50705852702022,3.0661317387262854],[101.50705847992992,3.066143228759918],[101.50694432449295,3.066142760909766],[101.5069442968766,3.0661531446566528],[101.50683131575016,3.0661528441749337],[101.50683134379884,3.0661422978741344],[101.50677632759556,3.0661420723978914],[101.50677632759556,3.0662180487080097],[101.50654615859861,3.0662180487080097],[101.50654615859861,3.066254707477758],[101.50642377728674,3.066254707477758],[101.5064238680398,3.0662838392101017],[101.50603323630389,3.0662850561313983],[101.50603313342563,3.066252032210401],[101.50592555746316,3.0662508189476663],[101.50592596433013,3.0662147434090929],[101.50603302102253,3.0662159508153985],[101.50603283637643,3.0661566794153976],[101.50576293200736,3.0661555617989746],[101.50576190131139,3.0662201520800401],[101.50570541074818,3.0662192506348824],[101.50570707050316,3.0661152393226607],[101.50570494550369,3.0661152187805722],[101.50569974908636,3.066115089943779],[101.50569455521131,3.0661148825458202],[101.50568936506617,3.0661145966341206],[101.50568417983776,3.0661142322740567],[101.50568394748602,3.0661141856156924],[101.50568371597373,3.0661141349561434],[101.50568348536977,3.066114080310486],[101.50568325574278,3.0661140216949825],[101.50568302716108,3.0661139591270756],[101.50568279969272,3.0661138926253866],[101.50568257340537,3.0661138222097044],[101.50568234836638,3.0661137479009857],[101.50568212464272,3.0661136697213429],[101.50568190230096,3.0661135876940429],[101.5056816814073,3.0661135018434957],[101.50568146202743,3.0661134121952505],[101.50568124422666,3.0661133187759857],[101.50568102806982,3.0661132216135023],[101.5056808136212,3.0661131207367149],[101.50568060094464,3.0661130161756445],[101.50568039010345,3.0661129079614069],[101.50568018116034,3.0661127961262067],[101.50567997417753,3.0661126807033252],[101.50567976921657,3.066112561727111],[101.50567956633847,3.0661124392329713],[101.50567936560363,3.0661123132573591],[101.50567916707176,3.0661121838377641],[101.50567897080197,3.0661120510127007],[101.50567877685263,3.0661119148216969],[101.50567858528149,3.066111775305282],[101.50567839614556,3.0661116325049758],[101.50567820950108,3.0661114864632739],[101.50567802540365,3.0661113372236377],[101.50567784390805,3.0661111848304801],[101.50567766506826,3.0661110293291518],[101.50567748893752,3.0661108707659297],[101.50567731556825,3.0661107091880009],[101.50567714501203,3.0661105446434496],[101.50567697731962,3.0661103771812437],[101.50567681254094,3.0661102068512185],[101.50567665072501,3.0661100337040637],[101.50567649191998,3.066109857791306],[101.50567633617314,3.066109679165296],[101.50567618353081,3.0661094978791921],[101.50567603403842,3.0661093139869435],[101.50567588774047,3.0661091275432755],[101.50567574468049,3.0661089386036724],[101.50567560490104,3.0661087472243613],[101.50567546844374,3.0661085534622958],[101.5056753353492,3.0661083573751382],[101.505675205657,3.0661081590212422],[101.50567507940576,3.0661079584596376],[101.50567495663304,3.0661077557500094],[101.50567483737539,3.0661075509526827],[101.5056747216683,3.066107344128604],[101.50567460954618,3.066107135339323],[101.50567450104242,3.0661069246469741],[101.50567439618929,3.0661067121142578],[101.50567429501803,3.0661064978044221],[101.50567419755869,3.066106281781245],[101.50567410384033,3.0661060641090128],[101.50567401389081,3.0661058448525038],[101.50567392773691,3.0661056240769669],[101.50567384540426,3.066105401848104],[101.50567376691737,3.0661051782320485],[101.50567369229958,3.0661049532953477],[101.50567362157312,3.0661047271049404],[101.50567355475903,3.0661044997281404],[101.50567349187719,3.0661042712326125],[101.5056734329463,3.0661040416863563],[101.50567337798392,3.0661038111576833],[101.50567332700639,3.0661035797151968],[101.5056732800289,3.0661033474277724],[101.50567323706541,3.0661031143645383],[101.50567319812872,3.0661028805948516],[101.5056731632304,3.0661026461882814],[101.50567313238085,3.0661024112145849],[101.50567310558925,3.0661021757436893],[101.50567308286357,3.066101939845669],[101.50567306421057,3.0661017035907259],[101.5056730496358,3.0661014670491675],[101.5056730391436,3.066101230291387],[101.50567303273711,3.0661009933878427],[101.50567303041821,3.066100756409035],[101.50567303218759,3.0661005194254871],[101.50567303804475,3.0661002825077244],[101.50567304798793,3.0661000457262513],[101.50567306201415,3.0660998091515328],[101.50567308157956,3.0660995415989398],[101.50567310574992,3.06609927442299],[101.50567313451808,3.0660990077029342],[101.50567316787549,3.06609874151789],[101.50567320581227,3.0660984759468151],[101.50567324831715,3.0660982110684856],[101.50567329537755,3.066097946961472],[101.50567334697948,3.0660976837041161],[101.50567340310765,3.0660974213745074],[101.5056734637454,3.0660971600504601],[101.50567352887475,3.0660968998094913],[101.50567359847639,3.0660966407287948],[101.50567367252967,3.0660963828852221],[101.50567375101261,3.0660961263552564],[101.50567383390192,3.0660958712149924],[101.50567392117306,3.0660956175401117],[101.5056740128001,3.0660953654058618],[101.50567410875587,3.0660951148870326],[101.50567420901193,3.0660948660579348],[101.50567431353851,3.0660946189923792],[101.50567442230461,3.0660943737636517],[101.50567453527799,3.0660941304444944],[101.5056746524251,3.0660938891070826],[101.50567477371123,3.0660936498230043],[101.50567489910038,3.0660934126632373],[101.50567502855537,3.0660931776981308],[101.50567516203779,3.0660929449973815],[101.50567529950806,3.0660927146300154],[101.50567544092537,3.066092486664366],[101.50567558624779,3.0660922611680541],[101.50567573543223,3.0660920382079691],[101.50567588843441,3.0660918178502463],[101.50567604520897,3.0660916001602514],[101.50567620570939,3.0660913852025562],[101.50567636988806,3.0660911730409244],[101.50567653769629,3.0660909637382883],[101.5056767090843,3.0660907573567333],[101.50567688400125,3.0660905539574785],[101.50567706239524,3.0660903536008575],[101.50567724421339,3.0660901563463017],[101.50567742940173,3.066089962252323],[101.50567761790533,3.0660897713764945],[101.50567780966831,3.0660895837754363],[101.50567800463376,3.0660893995047953],[101.50567820274385,3.0660892186192319],[101.50567840393981,3.0660890411724022],[101.50567860816199,3.0660888672169415],[101.50567881534977,3.0660886968044503],[101.50567902544171,3.0660885299854779],[101.50567923837549,3.0660883668095069],[101.50567945408797,3.0660882073249409],[101.50567967251513,3.0660880515790865],[101.50567989359219,3.0660878996181435],[101.50568011725356,3.0660877514871872],[101.50568034343293,3.0660876072301577],[101.50568057206318,3.0660874668898455],[101.5056808030765,3.0660873305078797],[101.50568103640437,3.0660871981247153],[101.50568127197756,3.0660870697796203],[101.50568150972622,3.0660869455106665],[101.50568174957981,3.0660868253547147],[101.50568199146717,3.0660867093474073],[101.50568223531657,3.0660865975231548],[101.50568248105569,3.0660864899151279],[101.50568272861159,3.0660863865552463],[101.50568297791088,3.0660862874741666],[101.50569619724274,3.0660865751440665],[101.50570752654066,3.0660866609720809],[101.50570757490023,3.0660836304395742],[101.50571893367815,3.0660838116966689],[101.50571893437018,3.0660597833867853],[101.50562522826608,3.0660594972612762],[101.50562519989519,3.0660771723236966],[101.50562525470471,3.0660882404838397],[101.5054420937544,3.0660891474966738],[101.50544199626746,3.0660780664821372],[101.5054379978138,3.0660780993473264],[101.50543665802185,3.0660780993473264],[101.50543682082966,3.0660952348686701],[101.50543695850357,3.0661097250482774],[101.50543979538789,3.066110243381531],[101.50544262295851,3.0661108103263324],[101.5054454403825,3.066111425715675],[101.50544824682994,3.0661120893682838],[101.50545104147412,3.0661128010886647],[101.50545382349183,3.0661135606671657],[101.50545659206355,3.0661143678800364],[101.50545934637375,3.0661152224894952],[101.5054620856111,3.0661161242437989],[101.50546480896867,3.0661170728773155],[101.50546751564424,3.0661180681106051],[101.50547020484053,3.0661191096505007],[101.50547287576536,3.0661201971901941],[101.50547552763194,3.0661213304093269],[101.50547815965913,3.0661225089740856],[101.5054807710716,3.0661237325372981],[101.5054833611001,3.0661250007385386],[101.50548592898168,3.0661263132042302],[101.50548847395993,3.0661276695477584],[101.50549099528516,3.0661290693695831],[101.50549349221464,3.0661305122573568],[101.50549596401288,3.0661319977860457],[101.50549840995174,3.066133525518056],[101.50550082931072,3.0661350950033608],[101.50550322137715,3.0661367057796349],[101.5055055854464,3.0661383573723899],[101.50550792082207,3.0661400492951132],[101.50551022681623,3.0661417810494132],[101.5055125027496,3.0661435521251641],[101.50551474795175,3.0661453620006576],[101.50551696176132,3.0661472101427543],[101.50552071778282,3.0661430033986847],[101.50552639966131,3.0661373368833713],[101.50552877223599,3.0661394359601468],[101.5055311078154,3.0661415761243607],[101.50553340568806,3.0661437567240979],[101.50553566515404,3.0661459770951267],[101.50553788552507,3.066148236561101],[101.50554006612481,3.0661505344337652],[101.50554220628902,3.0661528700131653],[101.50554430536579,3.0661552425878611],[101.50554636271573,3.0661576514351432],[101.50554837771215,3.0661600958212536],[101.50555034974124,3.0661625750016084],[101.50555227820233,3.066165088221025],[101.50555416250796,3.066167634713953],[101.50555600208419,3.066170213704706],[101.50555779637065,3.066172824407698],[101.50555954482078,3.0661754660276839],[101.50556124690198,3.0661781377600006],[101.50556290209579,3.0661808387908125],[101.50556450989802,3.0661835682973591],[101.50556606981891,3.0661863254482067],[101.5055675813833,3.0661891094035005],[101.50556904413077,3.0661919193152203],[101.50557045761572,3.0661947543274404],[101.5055718214076,3.066197613576588],[101.505573135091,3.0662004961917084],[101.50557439826574,3.0662034012947292],[101.50557561054706,3.0662063280007281],[101.50557677156567,3.0662092754182013],[101.50557788096793,3.0662122426493377],[101.50557893841591,3.0662152287902891],[101.50557994358748,3.0662182329314489],[101.50558089617647,3.0662212541577265],[101.5055817958927,3.0662242915488265],[101.50558264246212,3.0662273441795307],[101.50558343562685,3.0662304111199776],[101.50558417514529,3.0662334914359484],[101.50558486079217,3.0662365841891481],[101.50558549235863,3.0662396884374945],[101.5055860696523,3.0662428032354039],[101.50558659249732,3.0662459276340779],[101.50558706073444,3.0662490606817947],[101.50558747422102,3.0662522014241977],[101.50558783283111,3.0662553489045861],[101.50558813645549,3.0662585021642075],[101.50558838500164,3.0662616602425476],[101.50558857839387,3.0662648221776259],[101.50558871657327,3.0662679870062863],[101.50558879949776,3.0662711537644904],[101.50558882714206,3.0662743214876143],[101.50558879949776,3.0662774892107381],[101.50558871657327,3.0662806559689422],[101.50558857839387,3.0662838207976026],[101.50558838500164,3.0662869827326809],[101.50558813645549,3.066290140811021],[101.50558783283111,3.0662932940706424],[101.50558747422102,3.0662964415510308],[101.50558706073444,3.0662995822934338],[101.50558659249732,3.0663027153411506],[101.5055860696523,3.0663058397398246],[101.50558549235863,3.066308954537734],[101.50558486079217,3.0663120587860804],[101.50558417514529,3.0663151515392801],[101.50558343562685,3.0663182318552509],[101.50558264246212,3.0663212987956978],[101.5055817958927,3.066324351426402],[101.50558089617647,3.066327388817502],[101.50557994358748,3.0663304100437796],[101.50557893841591,3.0663334141849394],[101.50557788096793,3.0663364003258908],[101.50557677156567,3.0663393675570272],[101.50557561054706,3.0663423149745004],[101.50557439826574,3.0663452416804993],[101.505573135091,3.0663481467835201],[101.5055718214076,3.0663510293986405],[101.50557045761572,3.0663538886477881],[101.50556904413077,3.0663567236600082],[101.5055675813833,3.066359533571728],[101.50556606981891,3.0663623175270218],[101.50556450989802,3.0663650746778695],[101.50556290209579,3.066367804184416],[101.50556124690198,3.0663705052152279],[101.50555954482078,3.0663731769475446],[101.50555779637065,3.0663758185675305],[101.50555600208419,3.0663784292705225],[101.50555416250796,3.0663810082612755],[101.50555227820233,3.0663835547542035],[101.50555034974124,3.0663860679736201],[101.50554837771215,3.0663885471539749],[101.50554636271573,3.0663909915400853],[101.50554430536579,3.0663934003873674],[101.50554220628902,3.0663957729620632],[101.50554006612481,3.0663981085414633],[101.50553788552507,3.0664004064141275],[101.50553566515404,3.0664026658801018],[101.50553340568806,3.0664048862511306],[101.5055311078154,3.0664070668508678],[101.50552877223599,3.0664092070150817],[101.50552639966131,3.0664113060918572],[101.50552518654167,3.0664123421939076],[101.50551140284938,3.0663969104514477],[101.50548976816559,3.066410732610533],[101.50550303794118,3.0664285335290171],[101.50550080345835,3.0664299028218567],[101.5054980739518,3.0664315106240854],[101.50549531680096,3.06643307054498],[101.50549253284566,3.0664345821093746],[101.50548972293394,3.0664360448568306],[101.50548688792172,3.0664374583417824],[101.50548402867257,3.0664388221336676],[101.50548114605745,3.0664401358170625],[101.50547824095443,3.0664413989918065],[101.50547531424843,3.0664426112731245],[101.50547236683096,3.066443772291743],[101.50546939959983,3.0664448816940055],[101.50546641345888,3.0664459391419765],[101.50546340931771,3.0664469443135478],[101.50546038809144,3.0664478969025342],[101.50545735070034,3.0664487966187672],[101.50545429806964,3.0664496431881854],[101.50545123112919,3.0664504363529153],[101.50544815081321,3.0664511758713511],[101.50544505806002,3.0664518615182286],[101.50544195381167,3.0664524930846926],[101.50543883901376,3.0664530703783619],[101.50543571461509,3.0664535932233878],[101.50543258156736,3.0664540614605067],[101.50542944082497,3.0664544749470881],[101.50542629334457,3.0664548335571808],[101.50542314008496,3.0664551371815487],[101.50541998200661,3.0664553857277044],[101.50541682007153,3.0664555791199382],[101.50541365524288,3.0664557172993416],[101.50541048848467,3.0664558002238236],[101.50540732076155,3.0664558278681247],[101.50540415303843,3.0664558002238236],[101.50540098628022,3.0664557172993416],[101.50539782145157,3.0664555791199382],[101.50539465951648,3.0664553857277044],[101.50539150143814,3.0664551371815487],[101.50538834817853,3.0664548335571808],[101.50538520069813,3.0664544749470881],[101.50538205995574,3.0664540614605067],[101.50537892690801,3.0664535932233878],[101.50537580250933,3.0664530703783619],[101.50537268771143,3.0664524930846926],[101.50536958346308,3.0664518615182286],[101.50536649070989,3.0664511758713511],[101.50536341039391,3.0664504363529153],[101.50536034345346,3.0664496431881854],[101.50535729082276,3.0664487966187672],[101.50535425343166,3.0664478969025342],[101.50535123220538,3.0664469443135478],[101.50534822806422,3.0664459391419765],[101.50534524192327,3.0664448816940055],[101.50534227469214,3.066443772291743],[101.50533932727467,3.0664426112731245],[101.50533640056867,3.0664413989918065],[101.50533349546565,3.0664401358170625],[101.50533061285053,3.0664388221336676],[101.50532775360138,3.0664374583417824],[101.50532491858915,3.0664360448568306],[101.50532210867743,3.0664345821093746],[101.50531932472214,3.06643307054498],[101.5053165675713,3.0664315106240854],[101.50531383806475,3.0664299028218567],[101.50531113703393,3.0664282476280462],[101.50531103159743,3.0664281804575917],[101.50531999599423,3.066411333573972],[101.5052992627556,3.0663975114148867],[101.50528752075694,3.0664106681121774],[101.50528586928711,3.0664092070150817],[101.5052835337077,3.0664070668508678],[101.50528123583504,3.0664048862511306],[101.50527897636906,3.0664026658801018],[101.50527675599803,3.0664004064141275],[101.50527457539829,3.0663981085414633],[101.50527243523408,3.0663957729620632],[101.50527033615731,3.0663934003873674],[101.50526827880736,3.0663909915400853],[101.50526626381095,3.0663885471539749],[101.50526429178186,3.0663860679736201],[101.50526236332077,3.0663835547542035],[101.50526047901513,3.0663810082612755],[101.50525863943891,3.0663784292705225],[101.50525684515245,3.0663758185675305],[101.50525509670231,3.0663731769475446],[101.50525339462112,3.0663705052152279],[101.50525173942731,3.066367804184416],[101.50525013162508,3.0663650746778695],[101.50524857170419,3.0663623175270218],[101.50524706013979,3.066359533571728],[101.50524559739233,3.0663567236600082],[101.50524418390738,3.0663538886477881],[101.5052428201155,3.0663510293986405],[101.5052415064321,3.0663481467835201],[101.50524024325736,3.0663452416804993],[101.50523903097604,3.0663423149745004],[101.50523786995743,3.0663393675570272],[101.50523676055516,3.0663364003258908],[101.50523570310719,3.0663334141849394],[101.50523469793562,3.0663304100437796],[101.50523374534663,3.066327388817502],[101.5052328456304,3.066324351426402],[101.50523199906098,3.0663212987956978],[101.50523120589625,3.0663182318552509],[101.50523046637781,3.0663151515392801],[101.50522978073093,3.0663120587860804],[101.50522914916446,3.066308954537734],[101.5052285718708,3.0663058397398246],[101.50522804902577,3.0663027153411506],[101.50522758078866,3.0662995822934338],[101.50522716730208,3.0662964415510308],[101.50522680869199,3.0662932940706424],[101.50522650506761,3.066290140811021],[101.50522625652145,3.0662869827326809],[101.50522606312923,3.0662838207976026],[101.50522592494983,3.0662806559689422],[101.50522584202534,3.0662774892107381],[101.50522581438103,3.0662743214876143],[101.50522584202534,3.0662711537644904],[101.50522592494983,3.0662679870062863],[101.50522606312923,3.0662648221776259],[101.50522625652145,3.0662616602425476],[101.50522650506761,3.0662585021642075],[101.50522680869199,3.0662553489045861],[101.50522716730208,3.0662522014241977],[101.50522758078866,3.0662490606817947],[101.50522804902577,3.0662459276340779],[101.5052285718708,3.0662428032354039],[101.50522914916446,3.0662396884374945],[101.50522978073093,3.0662365841891481],[101.50523046637781,3.0662334914359484],[101.50523120589625,3.0662304111199776],[101.50523199906098,3.0662273441795307],[101.5052328456304,3.0662242915488265],[101.50523374534663,3.0662212541577265],[101.50523469793562,3.0662182329314489],[101.50523570310719,3.0662152287902891],[101.50523676055516,3.0662122426493377],[101.50523786995743,3.0662092754182013],[101.50523903097604,3.0662063280007281],[101.50524024325736,3.0662034012947292],[101.5052415064321,3.0662004961917084],[101.5052428201155,3.066197613576588],[101.50524418390738,3.0661947543274404],[101.50524559739233,3.0661919193152203],[101.50524706013979,3.0661891094035005],[101.50524857170419,3.0661863254482067],[101.50525013162508,3.0661835682973591],[101.50525173942731,3.0661808387908125],[101.50525339462112,3.0661781377600006],[101.50525509670231,3.0661754660276839],[101.50525684515245,3.066172824407698],[101.50525863943891,3.066170213704706],[101.50526047901513,3.066167634713953],[101.50526236332077,3.066165088221025],[101.50526429178186,3.0661625750016084],[101.50526626381095,3.0661600958212536],[101.50526827880736,3.0661576514351432],[101.50527033615731,3.0661552425878611],[101.50527243523408,3.0661528700131653],[101.50527457539829,3.0661505344337652],[101.50527675599803,3.066148236561101],[101.50527897636906,3.0661459770951267],[101.50528123583504,3.0661437567240979],[101.5052835337077,3.0661415761243607],[101.50528586928711,3.0661394359601468],[101.50528654679972,3.0661388365476121],[101.50529024830404,3.0661433038804038],[101.50529370384382,3.0661473603836136],[101.50529577717184,3.0661455591130058],[101.50529788140547,3.0661437940448031],[101.50530001591264,3.0661420657091778],[101.50530218005221,3.0661403746252711],[101.50530437317416,3.0661387213010332],[101.50530659461973,3.0661371062330729],[101.50530884372165,3.0661355299065081],[101.50531111980436,3.0661339927948204],[101.50531342218422,3.0661324953597116],[101.50531575016964,3.0661310380509663],[101.50531810306137,3.0661296213063158],[101.50532048015268,3.0661282455513086],[101.50532288072954,3.0661269111991794],[101.50532530407091,3.0661256186507271],[101.50532774944888,3.0661243682941954],[101.50533021612895,3.0661231605051533],[101.50533270337019,3.0661219956463848],[101.50533521042549,3.0661208740677779],[101.50533773654183,3.066119796106221],[101.50534028096044,3.0661187620855017],[101.50534284291705,3.066117772316209],[101.50534542164212,3.0661168270956392],[101.50534801636107,3.0661159267077087],[101.50535062629454,3.0661150714228667],[101.50535325065859,3.066114261498015],[101.50535588866492,3.0661134971764312],[101.50535853952117,3.0661127786876938],[101.50536120243109,3.066112106247616],[101.50536387659483,3.0661114800581775],[101.50536656120914,3.0661109003074678],[101.50536925546766,3.0661103671696264],[101.50537195856108,3.0661098808047917],[101.50537362391559,3.0661096108669446],[101.50537348508543,3.0660753198171546],[101.50527106442307,3.0660750754736257],[101.50527106442307,3.0661217443169964],[101.50515228520139,3.0661217443169964],[101.50515177318054,3.0661857469231961],[101.50512341497581,3.0661855200575583],[101.50512352789895,3.0662212037660681],[101.50510375675702,3.0662212663329731],[101.50510649347432,3.0665670049491047],[101.5053209547428,3.0665705207076046],[101.50532067216429,3.0665568496664579],[101.50532060454238,3.0665431758724],[101.50532075189378,3.0665295027050923],[101.50532077931065,3.0665292332482266],[101.5053208114058,3.0665289643084748],[101.50532084816949,3.0665286959670537],[101.50532088959065,3.0665284283049994],[101.50532093565675,3.0665281614031428],[101.50532098635391,3.0665278953420851],[101.50532104166679,3.0665276302021738],[101.5053211015787,3.0665273660634775],[101.50532116607154,3.0665271030057641],[101.50532123512585,3.0665268411084736],[101.50532130872075,3.0665265804506956],[101.50532138683404,3.0665263211111462],[101.50532146944212,3.0665260631681428],[101.50532155652004,3.0665258066995809],[101.50532164804152,3.0665255517829118],[101.5053217439789,3.066525298495117],[101.50532184430321,3.066525046912687],[101.50532194898416,3.0665247971115956],[101.50532205799014,3.0665245491672812],[101.50532217128824,3.0665243031546194],[101.50532228884423,3.0665240591479037],[101.50532241062261,3.0665238172208209],[101.5053225365866,3.0665235774464303],[101.50532266669819,3.0665233398971408],[101.50532280091805,3.0665231046446904],[101.50532293920567,3.0665228717601218],[101.50532308151928,3.0665226413137634],[101.50532322781591,3.0665224133752083],[101.50532337805137,3.0665221880132907],[101.5053235321803,3.0665219652960669],[101.50532369015615,3.066521745290796],[101.50532385193121,3.0665215280639164],[101.50532401745663,3.0665213136810281],[101.50532418668242,3.0665211022068726],[101.50532435955748,3.0665208937053121],[101.5053245360296,3.0665206882393123],[101.50532471604549,3.0665204858709214],[101.5053248995508,3.0665202866612522],[101.50532508649009,3.0665200906704642],[101.50532527680691,3.0665198979577437],[101.50532547044381,3.0665197085812883],[101.50532566734229,3.0665195225982869],[101.50532586744289,3.0665193400649047],[101.5053260706852,3.0665191610362648],[101.50532627700782,3.0665189855664314],[101.50532648634847,3.0665188137083947],[101.5053266986439,3.0665186455140536],[101.50532691383002,3.0665184810342012],[101.50532713184184,3.0665183203185085],[101.50532735261352,3.0665181634155094],[101.5053275760784,3.0665180103725866],[101.50532780216898,3.0665178612359583],[101.505328030817,3.0665177160506616],[101.50532826195341,3.0665175748605407],[101.50532849550839,3.0665174377082329],[101.50532873141144,3.0665173046351577],[101.50532896959129,3.0665171756815011],[101.50532920997603,3.0665170508862052],[101.50532945249306,3.0665169302869573],[101.50532969706913,3.0665168139201771],[101.50532994363041,3.0665167018210058],[101.50533019210242,3.0665165940232959],[101.50533044241014,3.066516490559601],[101.50533069447796,3.0665163914611666],[101.50533094822977,3.0665162967579187],[101.50533120358895,3.0665162064784566],[101.50533146047836,3.0665161206500442],[101.50533171882044,3.0665160392986004],[101.50533197853717,3.0665159624486922],[101.50533223955011,3.0665158901235272],[101.50533250178046,3.0665158223449476],[101.50533276514901,3.0665157591334209],[101.50533302957622,3.0665157005080368],[101.50533329498225,3.0665156464864993],[101.50533356128695,3.0665155970851221],[101.50533382840989,3.0665155523188243],[101.5053340962704,3.0665155122011245],[101.50533436478761,3.0665154767441378],[101.50533463388041,3.0665154459585722],[101.50533490346756,3.0665154198537241],[101.50533517346761,3.0665153984374767],[101.50533544379905,3.066515381716298],[101.50533571438025,3.0665153696952374],[101.50533598512948,3.0665153623779249],[101.50533625596498,3.0665153597665706],[101.50533652680497,3.0665153618619629],[101.50533679756764,3.066515368663469],[101.50533706817124,3.0665153801690352],[101.50533733853405,3.0665153963751868],[101.50533760857442,3.0665154172770293],[101.5053378782108,3.0665154428682513],[101.50533814736175,3.0665154731411239],[101.50533841594603,3.0665155080865052],[101.50533868388248,3.0665155476938426],[101.50533895109022,3.0665155919511746],[101.50533921748855,3.0665156408451359],[101.50533948299702,3.0665156943609615],[101.50533974753543,3.0665157524824904],[101.50534001102392,3.0665158151921701],[101.50534027338291,3.0665158824710628],[101.50534053453316,3.0665159542988514],[101.50534079439583,3.0665160306538448],[101.50534105289242,3.0665161115129846],[101.50534130994488,3.0665161968518526],[101.50534156547558,3.0665162866446765],[101.50534181940733,3.066516380864341],[101.50534207166349,3.0665164794823916],[101.50534232216786,3.0665165824690481],[101.50534257084477,3.0665166897932088],[101.50534281761917,3.0665168014224635],[101.50534306241649,3.0665169173231011],[101.50534330516282,3.0665170374601209],[101.50534354578487,3.0665171617972433],[101.50534378420996,3.06651729029692],[101.50534402036608,3.0665174229203451],[101.50534425418192,3.0665175596274676],[101.50534448558689,3.0665177003770046],[101.50534471451108,3.0665178451264503],[101.50534494088537,3.0665179938320923],[101.5053451646414,3.0665181464490234],[101.50534538571159,3.0665183029311551],[101.50534560402919,3.066518463231231],[101.50534581952826,3.0665186273008431],[101.50534603214372,3.066518795090444],[101.50534624181138,3.0665189665493631],[101.50534644846792,3.0665191416258213],[101.5053466520509,3.0665193202669481],[101.50534685249889,3.0665195024187959],[101.50534704975132,3.0665196880263568],[101.50534724374863,3.0665198770335791],[101.50534743443224,3.0665200693833854],[101.50534762174456,3.0665202650176879],[101.50534780562904,3.0665204638774073],[101.50534798603013,3.0665206659024902],[101.50534816289336,3.0665208710319276],[101.50534833616531,3.0665210792037723],[101.50534850579368,3.0665212903551593],[101.50534867172721,3.0665215044223233],[101.5053488339158,3.0665217213406177],[101.50534899231049,3.0665219410445368],[101.50534914686342,3.0665221634677313],[101.50534929752794,3.0665223885430333],[101.50534944425853,3.0665226162024712],[101.5053495870109,3.0665228463772953],[101.50534972574192,3.0665230789979954],[101.50534986040971,3.0665233139943227],[101.5053499909736,3.0665235512953108],[101.50535011739416,3.0665237908292977],[101.5053502396332,3.0665240325239469],[101.50535035765382,3.0665242763062688],[101.50535047142039,3.0665245221026449],[101.50535058089852,3.0665247698388467],[101.50535068605517,3.0665250194400611],[101.50535078685859,3.0665252708309114],[101.50535088327831,3.0665255239354803],[101.50535097528525,3.0665257786773332],[101.5053510628516,3.0665260349795407],[101.50535114595093,3.0665262927647032],[101.50535122455813,3.0665265519549716],[101.50535129864947,3.0665268124720741],[101.50535136820258,3.0665270742373369],[101.50535143319644,3.0665273371717108],[101.50535149361144,3.0665276011957916],[101.50535154942934,3.0665278662298476],[101.50535160063326,3.0665281321938416],[101.50535164720775,3.0665283990074554],[101.50535168913875,3.0665286665901141],[101.50535172641358,3.0665289348610116],[101.505351759021,3.0665292037391318],[101.50535178695115,3.066529473143278],[101.50535181019562,3.0665297429920924]],[[101.5050032929574,3.0667108434226593],[101.5049602789942,3.0667105762551858],[101.50495997554975,3.0667880557367617],[101.50504564131479,3.0667890118278898],[101.5050453643041,3.0667030461781879],[101.50500334566594,3.0667023573480541],[101.5050032929574,3.0667108434226593]],[[101.50491309030933,3.066305028403884],[101.5050151726554,3.0663067018849675],[101.50501240200134,3.0664757117822958],[101.50502696058693,3.0664757117822958],[101.50502696058693,3.066528608723103],[101.5050443836501,3.0665283065890581],[101.50504195480039,3.0662214619087851],[101.50502857567567,3.0662215042477872],[101.50502845939771,3.0661847604129333],[101.50500153232092,3.066184544996319],[101.50500241320444,3.0660744345562052],[101.50499553620665,3.0660744181498485],[101.50499522220483,3.0661151337191717],[101.50487833481603,3.066114232274014],[101.50487864401649,3.0660741392818003],[101.50486321028772,3.0660741024617715],[101.50486322816391,3.0660666093621654],[101.50480651968515,3.0660664556806529],[101.50480672429345,3.0659909552178979],[101.50466022348836,3.0659907652038831],[101.50466016226839,3.0660117636528978],[101.50466010884089,3.0660300892859871],[101.50468497018446,3.0660304623208967],[101.50468414498668,3.0660854585821742],[101.50465994847286,3.0660850955227792],[101.50465968546651,3.0661753067015636],[101.50462934362777,3.0661752182413933],[101.50462927951357,3.0661972094141263],[101.5045959449276,3.0661971122287444],[101.50459570088668,3.0662533527645994],[101.50487660704658,3.0662524538648874],[101.50487665033205,3.0662659805720334],[101.50487665033205,3.0662659805720329],[101.5049129649844,3.0662658643651457],[101.50491309030933,3.066305028403884]],[[101.50485981293646,3.0666218257133386],[101.50485951245473,3.0665910263371159],[101.50488017480033,3.066590824753249],[101.50488062598967,3.0665633022034546],[101.50488365312148,3.0663786471628831],[101.50481709765302,3.0663788601403819],[101.50459515319881,3.0663795703626353],[101.50459478148298,3.0664652342618406],[101.50459914890358,3.066465212782723],[101.50459937651657,3.0664133170230716],[101.50474661114286,3.0664139627889848],[101.50474601017942,3.0665509824529615],[101.50459877555312,3.0665503366870484],[101.50459899055241,3.0665013168485395],[101.50459462481898,3.0665013383193598],[101.50459398278551,3.0666492983631692],[101.50464143773556,3.0666494328799576],[101.50464157147444,3.0666022523642997],[101.50467858238538,3.0666023572761976],[101.50467844864652,3.0666495377918555],[101.50467840179262,3.0666660669514338],[101.50467840124588,3.0666662598301411],[101.50487892528527,3.0666670451723319],[101.5048796697637,3.066621631988188],[101.50485981293646,3.0666218257133386]],[[101.50520458694163,3.0671804576689463],[101.5051624179922,3.0671805880211855],[101.50516205132301,3.0672248402816376],[101.50520469999097,3.0672247164828916],[101.50520458694163,3.0671804576689463]],[[101.50572916056316,3.0659768454483696],[101.50572944004931,3.065964548058207],[101.50561919010974,3.0659634437182444],[101.50561915886496,3.0659765404885944],[101.50571893675884,3.0659768451539193],[101.50572916056316,3.0659768454483696]],[[101.50574788825556,3.065673821907577],[101.50565721896298,3.0656730500270788],[101.50565911872415,3.065905770770617],[101.50574692416288,3.0659066502908714],[101.50574788825556,3.065673821907577]],[[101.50570202974187,3.065516474949904],[101.50570202974188,3.0654921975549296],[101.50572126115878,3.0654921975549438],[101.50572126115878,3.0654923365431235],[101.50594162425804,3.0654922076004083],[101.50594127652421,3.065472540185036],[101.50565559623908,3.0654742663499008],[101.50565593998471,3.0655163751885248],[101.50567361648807,3.0655164134493544],[101.50570202974187,3.065516474949904]],[[101.50648869628644,3.066205326720024],[101.50648819958772,3.0662057045618156],[101.50648769637928,3.0662060736895769],[101.50648718681398,3.066206433991177],[101.50648667104662,3.0662067853571671],[101.50648614923387,3.0662071276808121],[101.50648562153421,3.0662074608581245],[101.50648508810799,3.0662077847878946],[101.50648454911722,3.0662080993717225],[101.50648400472564,3.0662084045140463],[101.5064834550986,3.0662087001221727],[101.50648290040309,3.0662089861063051],[101.50648234080759,3.0662092623795694],[101.5064817764821,3.0662095288580424],[101.50648120759804,3.0662097854607775],[101.50648432509583,3.0662148185295748],[101.50649679508717,3.0662148185295748],[101.50650866411509,3.0662148185295748],[101.50650893941318,3.0662050777320236],[101.50650906202644,3.0661953338163852],[101.50650903192476,3.0661855891758139],[101.50650884911552,3.0661758462036408],[101.50650851364362,3.0661661072927888],[101.50650802559147,3.0661563748351819],[101.50650674854414,3.0661555485104537],[101.50650517101512,3.0661545719448657],[101.50650535943092,3.0661554795867225],[101.50650553215854,3.0661563903443332],[101.50650568914655,3.0661573039465551],[101.5065058303482,3.0661582201213995],[101.50650595572148,3.0661591385961113],[101.50650606522905,3.0661600590972506],[101.50650615883831,3.066160981350774],[101.50650623652139,3.0661619050821169],[101.50650629825516,3.0661628300162742],[101.50650634402125,3.0661637558778834],[101.50650637380602,3.0661646823913058],[101.50650638760062,3.0661656092807075],[101.50650638540094,3.0661665362701442],[101.50650636720763,3.0661674630836413],[101.50650633302611,3.0661683894452758],[101.50650628286655,3.0661693150792604],[101.50650621674389,3.0661702397100234],[101.50650613467781,3.0661711630622923],[101.50650603669274,3.0661720848611758],[101.50650592281787,3.066173004832244],[101.50650579308707,3.0661739227016112],[101.50650564753899,3.0661748381960185],[101.50650548621694,3.0661757510429131],[101.50650530916897,3.0661766609705303],[101.50650511644777,3.066177567707975],[101.50650490811071,3.0661784709853022],[101.50650468421985,3.0661793705335958],[101.50650444484181,3.066180266085051],[101.50650419004786,3.0661811573730526],[101.50650391991388,3.0661820441322543],[101.50650363452026,3.0661829260986577],[101.50650333395198,3.0661838030096931],[101.50650301829852,3.066184674604294],[101.50650268765385,3.0661855406229774],[101.50650234211642,3.0661864008079198],[101.50650198178909,3.0661872549030358],[101.50650160677912,3.066188102654051],[101.50650121719818,3.0661889438085814],[101.50650081316225,3.0661897781162062],[101.50650039479159,3.0661906053285426],[101.50649996221077,3.0661914251993214],[101.50649951554858,3.0661922374844575],[101.50649905493799,3.0661930419421251],[101.50649858051614,3.0661938383328282],[101.50649809242424,3.0661946264194735],[101.50649759080763,3.0661954059674383],[101.50649707581563,3.0661961767446431],[101.50649654760157,3.0661969385216192],[101.50649600632271,3.0661976910715776],[101.5064956415905,3.0661981974750296],[101.50649526808792,3.0661986974448836],[101.5064948859284,3.0661991908292632],[101.50649449522807,3.0661996774782927],[101.50649409610557,3.0662001572441429],[101.50649368868217,3.0662006299810747],[101.50649327308162,3.0662010955454839],[101.50649284943017,3.0662015537959468],[101.50649241785652,3.0662020045932596],[101.50649197849175,3.066202447800483],[101.50649153146935,3.0662028832829846],[101.5064910769251,3.066203310908477],[101.50649061499709,3.0662037305470604],[101.50649014582561,3.0662041420712605],[101.50648966955322,3.0662045453560682],[101.50648918632456,3.0662049402789782],[101.50648869628644,3.066205326720024]],[[101.50390808250491,3.0654617256401182],[101.50390818666813,3.0654619936633667],[101.50390828616587,3.0654622634533544],[101.50390838096818,3.0654625349288755],[101.50390847104654,3.0654628080082182],[101.50390855637383,3.0654630826091878],[101.50390863692436,3.0654633586491311],[101.5039087126739,3.0654636360449619],[101.50390878359964,3.0654639147131832],[101.50390938456307,3.0654885542141614],[101.50390979184563,3.0655093256241406],[101.50406443830693,3.0655085284774319],[101.50406323638005,3.0652753546632963],[101.50385770170736,3.065276414120373],[101.50385890363424,3.0655095879345087],[101.5038782095709,3.0655094884193712],[101.50387821967485,3.0655081410650444],[101.50387814205479,3.0654967782444582],[101.50387790162004,3.0654854177027602],[101.50387749841998,3.0654740617727558],[101.50387693253739,3.0654627127863061],[101.50387702426308,3.065462440255871],[101.50387712070294,3.0654621693577533],[101.50387722182798,3.0654619001734917],[101.50387732760773,3.0654616327841087],[101.50387743801036,3.0654613672700863],[101.50387755300265,3.0654611037113431],[101.50387767254999,3.0654608421872078],[101.50387779661638,3.0654605827763977],[101.50387792516449,3.0654603255569932],[101.50387805815562,3.0654600706064161],[101.50387819554976,3.0654598180014041],[101.50387833730552,3.0654595678179901],[101.50387848338026,3.0654593201314775],[101.50387863373001,3.0654590750164181],[101.50387878830951,3.0654588325465899],[101.50387894707222,3.065458592794974],[101.50387910997038,3.0654583558337349],[101.50387927695495,3.0654581217341956],[101.50387944797565,3.0654578905668188],[101.50387962298103,3.0654576624011844],[101.5038798019184,3.0654574373059682],[101.5038799847339,3.0654572153489221],[101.50388017137251,3.0654569965968546],[101.50388036177806,3.0654567811156075],[101.50388055589322,3.0654565689700397],[101.50388075365957,3.0654563602240055],[101.50388095501759,3.0654561549403359],[101.50388115990668,3.0654559531808196],[101.50388136826516,3.0654557550061852],[101.5038815800303,3.065455560476082],[101.50388179513838,3.0654553696490616],[101.50388201352465,3.065455182582562],[101.50388223512338,3.0654549993328888],[101.50388245986787,3.0654548199551992],[101.50388268769045,3.0654546445034843],[101.50388291852259,3.0654544730305533],[101.50388315229478,3.0654543055880197],[101.50388338893666,3.0654541422262813],[101.50388362837701,3.0654539829945091],[101.50388387054376,3.0654538279406314],[101.503884115364,3.0654536771113179],[101.50388436276408,3.065453530551967],[101.50388461266949,3.0654533883066919],[101.50388486500506,3.0654532504183081],[101.50388511969479,3.0654531169283188],[101.50388537666204,3.065452987876903],[101.50388563582948,3.0654528633029048],[101.50388589711908,3.0654527432438199],[101.5038861604522,3.0654526277357856],[101.50388642574958,3.0654525168135685],[101.50388669293136,3.0654524105105558],[101.50388696191715,3.065452308858744],[101.50388723262594,3.0654522118887289],[101.50388750497629,3.0654521196296987],[101.5038877788862,3.0654520321094223],[101.50388805427323,3.0654519493542423],[101.5038883310545,3.0654518713890684],[101.50388860914668,3.0654517982373664],[101.50388888846611,3.0654517299211554],[101.50388916892867,3.0654516664609979],[101.50388945044995,3.0654516078759948],[101.50388973294524,3.0654515541837797],[101.50389001632948,3.0654515054005134],[101.5038903005174,3.0654514615408801],[101.50389058542343,3.0654514226180805],[101.50389087096185,3.0654513886438304],[101.50389115704671,3.0654513596283555],[101.50389144359187,3.0654513355803896],[101.50389173051111,3.0654513165071711],[101.50389201771807,3.0654513024144405],[101.50389230512629,3.06545129330644],[101.50389259264925,3.0654512891859103],[101.50389288020044,3.0654512900540927],[101.50389316769329,3.0654512959107252],[101.50389345504126,3.0654513067540452],[101.50389374215789,3.0654513225807887],[101.50389402895672,3.0654513433861927],[101.50389431535146,3.065451369163994],[101.50389460125589,3.0654513999064341],[101.50389488658395,3.0654514356042593],[101.50389517124977,3.0654514762467255],[101.50389545516767,3.0654515218215996],[101.50389573825217,3.0654515723151632],[101.50389602041808,3.0654516277122186],[101.50389630158048,3.0654516879960916],[101.50389658165473,3.0654517531486367],[101.50389686055652,3.0654518231502443],[101.50389713820194,3.0654518979798437],[101.50389741450736,3.0654519776149121],[101.50389768938967,3.06545206203148],[101.5038979627661,3.0654521512041382],[101.50389823455438,3.0654522451060462],[101.5038985046727,3.0654523437089409],[101.50389877303977,3.065452446983143],[101.50389903957479,3.0654525548975675],[101.50389930419753,3.0654526674197338],[101.50389956682838,3.0654527845157729],[101.50389982738824,3.0654529061504392],[101.50390008579872,3.0654530322871225],[101.50390034198203,3.0654531628878563],[101.50390059586105,3.0654532979133302],[101.50390084735939,3.065453437322903],[101.50390109640132,3.0654535810746131],[101.50390134291189,3.065453729125192],[101.50390158681692,3.065453881430078],[101.50390182804297,3.0654540379434287],[101.50390206651745,3.0654541986181338],[101.50390230216858,3.0654543634058316],[101.50390253492542,3.0654545322569229],[101.50390276471792,3.0654547051205836],[101.50390299147691,3.0654548819447833],[101.50390321513414,3.0654550626762997],[101.50390343562229,3.0654552472607333],[101.50390365287501,3.0654554356425257],[101.50390386682687,3.0654556277649756],[101.50390407741351,3.0654558235702547],[101.50390428457152,3.0654560229994274],[101.50390448823856,3.0654562259924671],[101.50390468835333,3.0654564324882743],[101.5039048848556,3.065456642424695],[101.5039050776862,3.0654568557385398],[101.50390526678711,3.0654570723656027],[101.50390545210141,3.0654572922406809],[101.50390563357331,3.0654575152975929],[101.5039058111482,3.0654577414692006],[101.50390598477263,3.0654579706874276],[101.50390615439434,3.0654582028832813],[101.50390631996227,3.0654584379868717],[101.5039064814266,3.0654586759274349],[101.5039066387387,3.0654589166333519],[101.50390679185125,3.0654591600321726],[101.50390694071815,3.065459406050635],[101.5039070852946,3.0654596546146893],[101.50390722553708,3.06545990564952],[101.50390736140338,3.0654601590795671],[101.50390749285259,3.0654604148285496],[101.50390761984517,3.0654606728194893],[101.50390774234286,3.0654609329747324],[101.50390786030883,3.065461195215974],[101.50390797370756,3.0654614594642817],[101.50390808250491,3.0654617256401182]],[[101.50416103800299,3.0659768370079381],[101.50416118824383,3.0660498540657155],[101.50453318461226,3.0660516569560312],[101.50453017979505,3.0658455264966276],[101.5041593853535,3.0658443245697504],[101.5041601365578,3.0659470893177332],[101.50417621232978,3.0659476902811718],[101.50417636257065,3.0659215483715969],[101.50421242037697,3.0659203464447193],[101.50421151893183,3.0659933635024967],[101.50417756449755,3.0659933635024967],[101.50417666305239,3.0659765365262186],[101.50416103800299,3.0659768370079381]],[[101.50466118982462,3.0654232745606511],[101.50466103958377,3.0654087011972675],[101.50465442898593,3.0654082504746887],[101.50465623187625,3.0655032026979709],[101.50491314374624,3.0655038036614095],[101.50491344422797,3.0655248373817567],[101.50496632901054,3.0655260393086339],[101.50496753093742,3.0654656424830651],[101.50500539163406,3.0654659429647846],[101.50500358874375,3.0652586105785038],[101.50465382802254,3.0652556057613114],[101.50465563091282,3.0653463512405228],[101.50470160461587,3.0653475531673995],[101.50470130413414,3.0653754979672896],[101.50470911665884,3.0653754979672896],[101.50470881617713,3.065424776969246],[101.50469724763093,3.0654243262466685],[101.50466118982462,3.0654232745606511]]],[[[101.50556246957503,3.0668773560752283],[101.5055623451324,3.0668682064666899],[101.50537057804262,3.0668648048331679],[101.50537076627893,3.0669384993494346],[101.5053340480797,3.0669385931379427],[101.50533376909314,3.0668293699032407],[101.50533591456571,3.0668293644231062],[101.50533592622062,3.0668287073770362],[101.5053683032979,3.0668292816932627],[101.50537048729237,3.0668292761147327],[101.50537048740557,3.0668293204357493],[101.50553496482991,3.0668322379953827],[101.50553612686019,3.0665916977259262],[101.50560243254176,3.0665920180432287],[101.5056040296485,3.0665174454442155],[101.50570379565949,3.0665195821133064],[101.50569598313481,3.0668843669204726],[101.50559621712382,3.0668822302513816],[101.50559650449136,3.0668688123976691],[101.50559156601618,3.0668687247972222],[101.50559163616371,3.0668821931230621],[101.50559163616371,3.0669053302154441],[101.50559161873296,3.0669055727581869],[101.50559159707986,3.0669058149604909],[101.50559157121096,3.0669060567488557],[101.50559154113414,3.0669062980499069],[101.50559150685849,3.066906538790418],[101.50559146839444,3.0669067788973314],[101.50559142575366,3.0669070182977842],[101.50559137894908,3.0669072569191251],[101.50559132799491,3.0669074946889414],[101.50559127290661,3.0669077315350779],[101.5055912137009,3.0669079673856596],[101.50559115039574,3.0669082021691136],[101.50559108301036,3.0669084358141916],[101.50559101156517,3.0669086682499898],[101.5055909360819,3.0669088994059717],[101.50559085658342,3.0669091292119894],[101.50559077309389,3.0669093575983046],[101.50559068563861,3.06690958449561],[101.50559059424413,3.0669098098350491],[101.50559049893819,3.0669100335482402],[101.50559039974972,3.0669102555672927],[101.5055902967088,3.066910475824832],[101.50559018984673,3.0669106942540174],[101.50559007919591,3.0669109107885624],[101.50558996478993,3.0669111253627568],[101.50558984666351,3.0669113379114843],[101.50558972485248,3.0669115483702436],[101.50558959939384,3.0669117566751671],[101.50558947032565,3.0669119627630419],[101.50558933768706,3.0669121665713268],[101.50558920151832,3.0669123680381736],[101.50558906186077,3.0669125671024426],[101.5055889187568,3.0669127637037259],[101.50558877224981,3.0669129577823613],[101.50558862238428,3.0669131492794519],[101.50558846920569,3.0669133381368852],[101.50558831276051,3.0669135242973491],[101.50558815309621,3.0669137077043507],[101.50558799026128,3.0669138883022313],[101.5055878243051,3.0669140660361864],[101.50558765527803,3.0669142408522796],[101.50558748323139,3.0669144126974599],[101.50558730821737,3.066914581519578],[101.5055871302891,3.0669147472674023],[101.50558694950055,3.0669149098906336],[101.5055867659066,3.0669150693399216],[101.50558657956297,3.0669152255668788],[101.50558639052619,3.0669153785240955],[101.50558619885363,3.0669155281651541],[101.50558600460349,3.066915674444644],[101.50558580783466,3.0669158173181743],[101.50558560860691,3.0669159567423869],[101.50558540698064,3.0669160926749726],[101.50558520301709,3.0669162250746793],[101.50558499677814,3.0669163539013287],[101.50558478832636,3.0669164791158261],[101.50558457772503,3.0669166006801736],[101.50558436503805,3.0669167185574797],[101.50558415032995,3.0669168327119731],[101.5055839336659,3.0669169431090118],[101.50558371511167,3.0669170497150935],[101.50558349473356,3.0669171524978678],[101.50558327259843,3.0669172514261427],[101.50558304877373,3.0669173464698973],[101.50558282332736,3.0669174376002886],[101.50558259632774,3.0669175247896621],[101.50558236784377,3.0669176080115585],[101.50558213794476,3.0669176872407231],[101.5055819067005,3.0669177624531123],[101.50558167418114,3.0669178336259013],[101.50558144045728,3.0669179007374918],[101.50558120559981,3.0669179637675179],[101.50558096968003,3.0669180226968522],[101.5055807327695,3.0669180775076113],[101.50558049494015,3.0669181281831621],[101.50558025626414,3.066918174708126],[101.50558001681389,3.0669182170683849],[101.50557977666207,3.0669182552510836],[101.50557953588157,3.0669182892446347],[101.50557929454544,3.0669183190387224],[101.50557905272693,3.0669183446243053],[101.50557881049943,3.0669183659936192],[101.50557856793642,3.0669183831401789],[101.50557832511154,3.0669183960587811],[101.50557808209847,3.0669184047455054],[101.50557783897095,3.066918409197716],[101.50557759580276,3.0669184094140616],[101.50557735266771,3.0669184053944765],[101.50557710963956,3.0669183971401801],[101.50557686679208,3.0669183846536781],[101.50557662419895,3.0669183679387593],[101.50557638193381,3.0669183470004961],[101.50557614007016,3.0669183218452427],[101.5055758986814,3.0669182924806324],[101.50557565784078,3.0669182589155772],[101.5055754176214,3.0669182211602624],[101.50557517809617,3.0669181792261457],[101.50557493933773,3.0669181331259523],[101.50557470141858,3.0669180828736726],[101.50557446441091,3.0669180284845559],[101.50557422838664,3.0669179699751079],[101.5055739934174,3.0669179073630843],[101.50557375957447,3.0669178406674851],[101.50557352692886,3.0669177699085508],[101.50557329555112,3.0669176951077546],[101.5055730655115,3.0669176162877951],[101.50557283687979,3.066917533472592],[101.50557260972539,3.0669174466872766],[101.50557238411723,3.0669173559581862],[101.50557216012376,3.0669172613128532],[101.50557193781296,3.0669171627799994],[101.50557171725231,3.0669170603895259],[101.50557149850871,3.0669169541725059],[101.50557128164859,3.0669168441611712],[101.5055710667377,3.0669167303889076],[101.50557085384131,3.0669166128902408],[101.50557064302399,3.0669164917008276],[101.50557043434974,3.0669163668574448],[101.50557022788188,3.0669162383979787],[101.50557002368306,3.0669161063614117],[101.50556982181524,3.0669159707878126],[101.50556962233971,3.0669158317183243],[101.50556942531698,3.0669156891951483],[101.50556923080684,3.0669155432615365],[101.50556903886832,3.0669153939617746],[101.50556884955968,3.06691524134117],[101.50556866293834,3.0669150854460376],[101.50556847906097,3.0669149263236868],[101.50556829798334,3.0669147640224059],[101.50556811976041,3.0669145985914477],[101.50556794444627,3.0669144300810145],[101.50556777209412,3.0669142585422442],[101.50556760275627,3.0669140840271925],[101.50556743648409,3.0669139065888191],[101.50556727332805,3.0669137262809709],[101.50556711333766,3.0669135431583645],[101.50556695656148,3.0669133572765719],[101.50556680304707,3.0669131686920017],[101.50556665284103,3.0669129774618833],[101.50556650598894,3.066912783644248],[101.50556636253536,3.0669125872979137],[101.50556622252383,3.0669123884824643],[101.50556608599682,3.0669121872582337],[101.50556595299578,3.0669119836862868],[101.50556582356107,3.066911777828401],[101.50556569773197,3.0669115697470466],[101.50556557554665,3.0669113595053696],[101.50556545704222,3.0669111471671715],[101.50556534225461,3.0669109327968895],[101.50556523121867,3.0669107164595779],[101.50556512396808,3.0669104982208872],[101.50556502053541,3.0669102781470468],[101.50556492095204,3.0669100563048404],[101.50556482524819,3.0669098327615898],[101.50556473345289,3.0669096075851332],[101.50556464559401,3.0669093808438044],[101.50556456169821,3.0669091526064109],[101.50556448179094,3.0669089229422153],[101.50556440589646,3.0669086919209136],[101.50556433403781,3.0669084596126122],[101.50556426623679,3.0669082260878087],[101.50556420251397,3.0669079914173709],[101.50556414288867,3.0669077556725126],[101.50556408737901,3.0669075189247748],[101.50556403600184,3.0669072812460021],[101.50556398877274,3.0669070427083223],[101.50556394570603,3.0669068033841231],[101.5055639068148,3.066906563346032],[101.50556387211084,3.0669063226668918],[101.50556384160468,3.0669060814197424],[101.50556322088869,3.0668965145739566],[101.50556276350109,3.0668869385297208],[101.50556246957503,3.0668773560752283]]]]},"properties":{"FID":470,"id":0,"NAME":" ","Height":0}},{"type":"Feature","id":471,"geometry":{"type":"Polygon","coordinates":[[[101.50354008702419,3.0663665059428382],[101.50363084270479,3.0663659655294082],[101.50363324655854,3.0667696627192176],[101.50352085623689,3.0667703319581969],[101.50351875892854,3.0664181152353081],[101.50348847898505,3.0664182955401418],[101.50348817243966,3.0663668150732213],[101.50351845238315,3.0663666347683876],[101.50354008702419,3.0663665059428382]]]},"properties":{"FID":471,"id":0,"NAME":" ","Height":0}},{"type":"Feature","id":472,"geometry":{"type":"Polygon","coordinates":[[[101.50586120582633,3.0671082304963813],[101.50583022409482,3.0670632766114352],[101.50588239241138,3.0670273227716498],[101.50588189654805,3.0670271574802981],[101.50587988908796,3.0670264494358013],[101.5058778941969,3.0670257067160742],[101.50587591247373,3.0670249295440937],[101.50587394451343,3.0670241181531797],[101.5058719909068,3.0670232727869267],[101.50587005224034,3.0670223936991281],[101.50586812909609,3.0670214811537009],[101.5058662220514,3.0670205354246072],[101.50586433167879,3.067019556795771],[101.50586245854579,3.0670185455609942],[101.50586060321477,3.0670175020238668],[101.5058587662427,3.067016426497676],[101.50585694818108,3.0670153193053147],[101.50585514957572,3.06701418077918],[101.50585337096661,3.0670130112610781],[101.5058516128877,3.0670118111021178],[101.5058498758668,3.067010580662608],[101.5058481604254,3.0670093203119482],[101.5058464670785,3.067008030428517],[101.50584479633449,3.0670067113995598],[101.50584314869492,3.0670053636210719],[101.50584152465447,3.0670039874976802],[101.50583992470069,3.0670025834425205],[101.50583834931392,3.0670011518771143],[101.50583679896712,3.0669996932312422],[101.50583527412573,3.0669982079428157],[101.50583377524754,3.0669966964577431],[101.50583230278252,3.0669951592297995],[101.50583085717274,3.0669935967204891],[101.50582968627009,3.0669919163977317],[101.50582854467466,3.0669902160279321],[101.50582743272959,3.0669884961221925],[101.50582635076911,3.0669867571974891],[101.50582529911846,3.0669849997765137],[101.50582427809373,3.0669832243875184],[101.50582328800182,3.0669814315641553],[101.50582232914034,3.0669796218453187],[101.50582140179752,3.0669777957749793],[101.50582050625209,3.0669759539020243],[101.50581964277326,3.0669740967800907],[101.50581881162054,3.0669722249673983],[101.50581801304378,3.0669703390265832],[101.50581724728303,3.0669684395245285],[101.50581651456845,3.0669665270321933],[101.50581581512029,3.066964602124441],[101.50581514914877,3.0669626653798678],[101.5058145168541,3.0669607173806268],[101.50581391842634,3.0669587587122549],[101.50581335404534,3.0669567899634949],[101.50581282388076,3.0669548117261214],[101.50581232809195,3.0669528245947588],[101.50581186682795,3.0669508291667071],[101.50581144022739,3.066948826041759],[101.50581104841852,3.0669468158220203],[101.5058106915191,3.0669447991117305],[101.50581036963641,3.0669427765170796],[101.5058100828672,3.0669407486460263],[101.50580983129767,3.066938716108115],[101.50580961500343,3.0669366795142934],[101.50580943404951,3.0669346394767278],[101.50580928849028,3.0669325966086207],[101.50580917836952,3.0669305515240239],[101.50580910372031,3.0669285048376569],[101.5058090645651,3.066926457164719],[101.50580906091565,3.0669244091207077],[101.50580909277306,3.0669223613212315],[101.50580916012777,3.0669203143818247],[101.50580926295952,3.0669182689177639],[101.50580940123739,3.0669162255438822],[101.50580957491982,3.0669141848743839],[101.50580978395462,3.0669121475226606],[101.50581002827894,3.0669101141011073],[101.50581030781936,3.0669080852209363],[101.50581062249182,3.0669060614919963],[101.50581097220179,3.0669040435225865],[101.50581135684409,3.0669020319192755],[101.50581177630315,3.0669000272867177],[101.50581223045288,3.0668980302274735],[101.50581271915674,3.0668960413418258],[101.50581324226786,3.0668940612276008],[101.505813799629,3.0668920904799886],[101.50581439107262,3.0668901296913629],[101.50581501642094,3.0668881794511047],[101.50581567548601,3.0668862403454247],[101.50581636806969,3.0668843129571854],[101.50581709396383,3.0668823978657289],[101.50581785295023,3.0668804956466995],[101.50581864480075,3.0668786068718732],[101.50581946927737,3.0668767321089847],[101.50582032613228,3.0668748719215566],[101.5058212151079,3.066873026868731],[101.50582213593704,3.0668711975051006],[101.50582308834289,3.0668693843805417],[101.5058240720392,3.0668675880400493],[101.50582508673027,3.0668658090235748],[101.50582613211111,3.0668640478658609],[101.5058272078675,3.0668623050962824],[101.50582831367606,3.0668605812386875],[101.50582944920443,3.066858876811239],[101.50583061411126,3.0668571923262604],[101.50583180804642,3.0668555282900796],[101.50583303065105,3.0668538852028786],[101.50583428155761,3.0668522635585429],[101.50583556039012,3.0668506638445119],[101.5058368667642,3.0668490865416329],[101.50583820028716,3.0668475321240178],[101.50583956055814,3.0668460010588987],[101.50584094716832,3.0668444938064883],[101.50584235970086,3.0668430108198428],[101.50584351543962,3.0668418388104457],[101.50581051160971,3.0667981449834927],[101.50604520041156,3.0666208744205714],[101.50602718441587,3.0665968857306503],[101.50605358861378,3.0665770556391578],[101.50598977444183,3.0664962243547031],[101.50601261105248,3.0664781954515483],[101.50607686044678,3.0665595780176429],[101.5061008024371,3.0665415970943082],[101.50611866594247,3.0665653827400354],[101.50628606027207,3.0664389425911827],[101.50628606027207,3.0664389425911782],[101.5063558352969,3.0663862385088811],[101.50640359396688,3.0664494662938631],[101.50639252677654,3.0664578258195259],[101.50643948418976,3.0665199928193116],[101.50646262670867,3.0665030887185414],[101.50645494033611,3.0664928206635986],[101.50651321359673,3.0664491989656417],[101.50655257670196,3.06650178326651],[101.50650753154208,3.0665355027861936],[101.50650802971202,3.0665365657104133],[101.50650866746057,3.0665379903795955],[101.50650928034919,3.0665394259188705],[101.50650986819272,3.0665408718944813],[101.50651043081352,3.0665423278695183],[101.50651096804161,3.0665437934040503],[101.50651147971465,3.0665452680552567],[101.50651196567803,3.0665467513775639],[101.50651242578493,3.0665482429227771],[101.50651285989632,3.0665497422402166],[101.50651326788102,3.0665512488768556],[101.50651364961577,3.0665527623774547],[101.50651400498522,3.0665542822847009],[101.50651433388198,3.0665558081393449],[101.5065146362067,3.0665573394803416],[101.50651491186801,3.0665588758449864],[101.50651516078263,3.0665604167690588],[101.50651538287532,3.0665619617869586],[101.50651557807902,3.06656351043185],[101.50651574633471,3.0665650622358012],[101.50651588759156,3.0665666167299248],[101.5065160018069,3.0665681734445216],[101.50651608894621,3.0665697319092216],[101.50651614898317,3.0665712916531254],[101.50651618189961,3.0665728522049469],[101.50651618768563,3.0665744130931563],[101.50651616633944,3.0665759738461222],[101.50651611786752,3.0665775339922536],[101.50651604228449,3.066579093060144],[101.50651593961321,3.0665806505787114],[101.50651580988469,3.0665822060773427],[101.50651565313812,3.0665837590860341],[101.50651546942089,3.0665853091355362],[101.5065152587885,3.0665868557574911],[101.50651502130457,3.066588398484579],[101.50651475704089,3.0665899368506553],[101.50651446607728,3.0665914703908941],[101.50651414850168,3.0665929986419265],[101.50651380441005,3.0665945211419832],[101.50651344509401,3.0665959916453756],[101.50651475356568,3.0665950077199069],[101.506546355583,3.06663703361072],[101.50655264741233,3.0666323060483514],[101.5065707934063,3.0666564562314931],[101.50656297136963,3.0666623335629066],[101.506573623519,3.066883069768795],[101.50654975968595,3.0668842213746821],[101.50653949044624,3.0666714199077685],[101.50653427780532,3.0666644824959355],[101.50648953919762,3.0666982754937568],[101.50650130700869,3.0668944377531364],[101.50620641933914,3.06691212812026],[101.50620641933914,3.066912128120256],[101.50600915551271,3.0670611299868877],[101.50598477802593,3.0670288565903716],[101.50593234487336,3.0670668391395557],[101.50592865491063,3.0670617453166646],[101.50586120582633,3.0671082304963813]]]},"properties":{"FID":472,"id":0,"NAME":" ","Height":0}},{"type":"Feature","id":473,"geometry":{"type":"Polygon","coordinates":[[[101.50577166227406,3.0673112058977332],[101.50586360968015,3.0671868064659651],[101.50589439582133,3.0672095614398769],[101.50580244841524,3.067333960871645],[101.50577166227406,3.0673112058977332]]]},"properties":{"FID":473,"id":0,"NAME":" ","Height":0}},{"type":"Feature","id":474,"geometry":{"type":"Polygon","coordinates":[[[101.50583115765447,3.0673316386546423],[101.50590026844989,3.0672372873947986],[101.50594608037348,3.0672708438993324],[101.50587696957805,3.0673651951591761],[101.50583115765447,3.0673316386546423]]]},"properties":{"FID":474,"id":0,"NAME":" ","Height":0}},{"type":"Feature","id":475,"geometry":{"type":"Polygon","coordinates":[[[101.50141257397303,3.0696095905682599],[101.50137965950353,3.0696277844961299],[101.5013466065144,3.0695679886339997],[101.5013795209839,3.0695497947061297],[101.50141257397303,3.0696095905682599]]]},"properties":{"FID":475,"id":0,"NAME":" ","Height":0}},{"type":"Feature","id":476,"geometry":{"type":"Polygon","coordinates":[[[101.50197687864171,3.0696510570455144],[101.50200542440504,3.0697345909634652],[101.50199781491345,3.0697371913292968],[101.50202308696059,3.0698117311047195],[101.50177645733497,3.0698953486832616],[101.50175669124873,3.0698370487117237],[101.50158058030961,3.0698960092668348],[101.50150887029619,3.0696818166123934],[101.50143180480305,3.0697087495356103],[101.5014014561494,3.0696219103187481],[101.50142021895263,3.0696153530760921],[101.50141227349127,3.0695918621468232],[101.50141496337812,3.0695909523321503],[101.50141481862067,3.0695908625182695],[101.50141456992992,3.0695907021482842],[101.50141432407285,3.0695905374669774],[101.50141408112422,3.0695903685244081],[101.50141384115788,3.0695901953719287],[101.50141360424676,3.0695900180621734],[101.50141337046288,3.0695898366490386],[101.5014131398773,3.0695896511876688],[101.50141291256013,3.0695894617344388],[101.50141268858043,3.0695892683469364],[101.50141246800632,3.0695890710839455],[101.50141225090483,3.0695888700054286],[101.50141203734195,3.0695886651725077],[101.50141182738261,3.0695884566474456],[101.50141162109063,3.0695882444936275],[101.50141141852869,3.0695880287755428],[101.5014112197584,3.0695878095587625],[101.50141102484015,3.0695875869099223],[101.50141083383322,3.0695873608967008],[101.50141064679563,3.0695871315877996],[101.50141046378428,3.0695868990529211],[101.50141028485476,3.0695866633627498],[101.50141011006149,3.0695864245889277],[101.50140993945757,3.0695861828040361],[101.50140977309489,3.0695859380815693],[101.50140961102402,3.069585690495916],[101.50140945329419,3.069585440122335],[101.50140929995337,3.0695851870369326],[101.50140915104816,3.0695849313166388],[101.50140900662385,3.0695846730391856],[101.5014088667243,3.0695844122830809],[101.50140873139208,3.0695841491275875],[101.50140860066828,3.0695838836526965],[101.50140847459267,3.0695836159391048],[101.50140835320356,3.0695833460681885],[101.50140823653786,3.0695830741219812],[101.501408124631,3.069582800183146],[101.50140801751704,3.0695825243349524],[101.50140791522851,3.0695822466612501],[101.50140781779652,3.0695819672464437],[101.50140772525067,3.0695816861754666],[101.50140763761911,3.0695814035337561],[101.50140755492846,3.0695811194072276],[101.50140747720387,3.0695808338822461],[101.50140740446895,3.0695805470456037],[101.50140733674583,3.0695802589844896],[101.50140727405507,3.0695799697864659],[101.50140721641576,3.0695796795394399],[101.50140716384537,3.0695793883316389],[101.50140711635994,3.069579096251581],[101.50140707397387,3.0695788033880498],[101.50140703670003,3.0695785098300674],[101.50140700454978,3.0695782156668661],[101.50140697753288,3.0695779209878631],[101.50140695565754,3.0695776258826326],[101.50140693893043,3.0695773304408771],[101.50140692735661,3.0695770347524021],[101.5014069209396,3.0695767389070889],[101.50140691968136,3.0695764429948649],[101.50140692358227,3.0695761471056788],[101.50140693264115,3.0695758513294726],[101.50140694685523,3.069575555756153],[101.5014069662202,3.0695752604755655],[101.50140699073017,3.0695749655774667],[101.5014070203777,3.0695746711514973],[101.50140705515376,3.0695743772871533],[101.50140709504781,3.0695740840737611],[101.50140714004769,3.0695737916004493],[101.50140719013973,3.0695734999561206],[101.50140724530871,3.0695732092294259],[101.50140730553787,3.069572919508738],[101.50140737080888,3.0695726308821238],[101.5014074411019,3.0695723434373163],[101.50140751639559,3.0695720572616905],[101.50140759666704,3.0695717724422353],[101.50140768189185,3.0695714890655279],[101.50140777204412,3.0695712072177055],[101.50140786709645,3.0695709269844422],[101.50140796701994,3.0695706484509202],[101.50140807178423,3.0695703717018055],[101.50140818135746,3.0695700968212214],[101.50140829570633,3.0695698238927238],[101.50140841479606,3.0695695529992748],[101.50140853859048,3.0695692842232178],[101.50140866705195,3.0695690176462529],[101.50140880014142,3.0695687533494116],[101.50140893781844,3.0695684914130323],[101.50140908004116,3.0695682319167354],[101.50140922676633,3.0695679749394009],[101.50140937794936,3.0695677205591418],[101.5014095335443,3.0695674688532817],[101.50140969350387,3.0695672198983326],[101.50140985777942,3.0695669737699691],[101.50141002632103,3.0695667305430065],[101.50141019907745,3.0695664902913791],[101.50141037599619,3.0695662530881158],[101.50141055702346,3.06956601900532],[101.50141074210423,3.0695657881141449],[101.50141093118225,3.0695655604847758],[101.50141112420005,3.0695653361864044],[101.50141132109893,3.0695651152872112],[101.50141152181908,3.0695648978543426],[101.50141172629945,3.0695646839538919],[101.50141193447791,3.0695644736508783],[101.50141214629117,3.0695642670092282],[101.50141236167484,3.0695640640917543],[101.50141258056345,3.0695638649601369],[101.50141280289048,3.0695636696749071],[101.50141302858833,3.0695634782954251],[101.50141325758841,3.0695632908798651],[101.5014134898211,3.069563107485195],[101.50141372521581,3.0695629281671621],[101.501413963701,3.0695627529802767],[101.50141740088442,3.0695611014703155],[101.5014208651636,3.0695595075804833],[101.50142435557269,3.06955797175516],[101.50142787113855,3.0695564944225362],[101.50143141088105,3.0695550759944958],[101.50143497381329,3.0695537168664995],[101.50143855894191,3.0695524174174742],[101.50144216526738,3.0695511780097098],[101.50144579178425,3.0695499989887547],[101.50144943748144,3.0695488806833229],[101.50145310134252,3.0695478234052005],[101.501456782346,3.0695468274491566],[101.50145993373832,3.0695549856740723],[101.50146296282047,3.0695631900977984],[101.50146586891549,3.0695714388867468],[101.50146656069865,3.0695735002972837],[101.50147199183353,3.0695716632957821],[101.50144337088773,3.0694861745884299],[101.50143488474069,3.0694887969171272],[101.50142391715792,3.0694927031794772],[101.5014248186031,3.0694950319128007],[101.50142572004826,3.0694966845622567],[101.50142120628917,3.0694981108820842],[101.50141671389636,3.0694996031341719],[101.50141224383285,3.0695011609986325],[101.50140779705687,3.0695027841415143],[101.50140337452164,3.0695044722148723],[101.50139897717523,3.0695062248568421],[101.50138932616113,3.0694789637362518],[101.50137993414629,3.0694516123043698],[101.50139052612691,3.0694475933613754],[101.50139721184516,3.0694451143871917],[101.50139647235606,3.0694341287130218],[101.50139558722798,3.0694231538130521],[101.50139455661659,3.0694121916179582],[101.50139338070323,3.0694012440561811],[101.50136419641626,3.069403760590578],[101.50136146068181,3.0693667794624648],[101.50135818678187,3.0693298420876434],[101.50136295879835,3.06932746732054],[101.50136777114108,3.0693251753742956],[101.50137262237278,3.0693229669334294],[101.50137751104458,3.0693208426575205],[101.5013824356964,3.0693188031810097],[101.50138739485746,3.0693168491130129],[101.50139238704662,3.0693149810371372],[101.50139741077291,3.0693131995113072],[101.50140246453591,3.0693115050675979],[101.50140754682629,3.0693098982120759],[101.50141265612613,3.0693083794246494],[101.50141779090947,3.0693069491589231],[101.50142294964277,3.0693056078420642],[101.50142813078529,3.0693043558746735],[101.5014333327896,3.0693031936306676],[101.50143855410209,3.0693021214571643],[101.50144379316333,3.0693011396743826],[101.5014490484086,3.0693002485755438],[101.50145431826839,3.0692994484267864],[101.50145960116875,3.0692987394670839],[101.50146489553188,3.0692981219081772],[101.50147019977658,3.0692975959345072],[101.50147551231865,3.069297161703163],[101.50148083157143,3.0692968193438332],[101.50148615594627,3.0692965689587681],[101.50149148385296,3.0692964106227474],[101.50149681370029,3.0692963443830612],[101.50150214389639,3.069296370259492],[101.50150747284934,3.0692964882443121],[101.50151279896761,3.0692966983022831],[101.50151812066045,3.0692970003706694],[101.5015234363385,3.0692973943592539],[101.50152874441414,3.0692978801503674],[101.50153404330207,3.0692984575989217],[101.50153933141969,3.0692991265324547],[101.50154460718765,3.0692998867511809],[101.50154986903028,3.0693007380280517],[101.50155511537605,3.0693016801088224],[101.50156034465807,3.0693027127121288],[101.50156555531457,3.0693038355295705],[101.50157074578929,3.0693050482258042],[101.50157591453207,3.0693063504386426],[101.50158105999915,3.0693077417791641],[101.50158618065383,3.0693092218318263],[101.50159127496671,3.0693107901545935],[101.50159634141633,3.0693124462790662],[101.50160137848954,3.0693141897106218],[101.50160638468195,3.069316019928559],[101.50161067894744,3.0693172790286836],[101.50161495076306,3.0693186123106164],[101.50161919884742,3.0693200193744308],[101.5016234219263,3.0693214997980696],[101.50162761873294,3.0693230531374702],[101.5016317880085,3.0693246789266984],[101.50163592850237,3.0693263766780894],[101.5016400389726,3.069328145882392],[101.50164411818621,3.0693299860089214],[101.50164816491962,3.0693318965057212],[101.50165217795897,3.069333876799726],[101.50165615610057,3.0693359262969335],[101.50166009815111,3.0693380443825848],[101.50166400292817,3.0693402304213468],[101.50166786926047,3.0693424837575036],[101.50167169598829,3.0693448037151527],[101.50167548196377,3.0693471895984086],[101.50167922605131,3.0693496406916108],[101.50168292712782,3.0693521562595389],[101.50168658408313,3.0693547355476318],[101.50169019582034,3.0693573777822167],[101.50169376125609,3.0693600821707383],[101.50169727932089,3.0693628479019992],[101.50170074895946,3.0693656741464004],[101.5017041691311,3.0693685600561924],[101.50170753880988,3.0693715047657291],[101.50171085698504,3.0693745073917258],[101.5017141226613,3.0693775670335266],[101.50171603823377,3.0693794250839641],[101.50174645178265,3.0693692428673791],[101.50179004013734,3.0694994381490379],[101.50183320312384,3.0694848041227929],[101.50181311610473,3.0694296020184293],[101.50185193115892,3.0694154779421017],[101.50184763812392,3.0694034221588709],[101.50191588085271,3.0693791210895958],[101.50200362151473,3.0696255160993777],[101.50196465670868,3.0696393913717781],[101.50196947019002,3.0696535887106635],[101.50197687864171,3.0696510570455144]]]},"properties":{"FID":476,"id":0,"NAME":" ","Height":0}},{"type":"Feature","id":477,"geometry":{"type":"Polygon","coordinates":[[[101.50215945884644,3.0697199049194452],[101.5020784144747,3.0697502965588499],[101.50198466417828,3.0695002957684361],[101.50206570855002,3.0694699041290314],[101.50215945884644,3.0697199049194452]]]},"properties":{"FID":477,"id":0,"NAME":" ","Height":0}},{"type":"Feature","id":478,"geometry":{"type":"Polygon","coordinates":[[[101.50237105659552,3.0695539395470428],[101.50215230590391,3.0696428821359398],[101.50214563695934,3.0696264801371402],[101.50213083796268,3.0696323144982856],[101.50207119234139,3.0694810219526434],[101.50208438060163,3.0694758226087324],[101.5020795307091,3.0694638944946466],[101.50229828140071,3.0693749519057496],[101.50230379628931,3.0693885155506875],[101.50231172795765,3.0693853185250632],[101.50237482911869,3.069541869500791],[101.50236737123686,3.0695448755568102],[101.50237105659552,3.0695539395470428]]]},"properties":{"FID":478,"id":0,"NAME":" ","Height":0}},{"type":"Feature","id":479,"geometry":{"type":"Polygon","coordinates":[[[101.50252056275252,3.069182793846291],[101.50264706555636,3.0693372414499853],[101.5025894212898,3.0693844559173593],[101.50246291848596,3.069230008313665],[101.50252056275252,3.069182793846291]]]},"properties":{"FID":479,"id":0,"NAME":" ","Height":0}},{"type":"Feature","id":480,"geometry":{"type":"Polygon","coordinates":[[[101.50251575504504,3.0693708954025412],[101.5025400940643,3.0693491104778956],[101.50255947415941,3.0693707627220963],[101.50253513514015,3.0693925476467419],[101.50251575504504,3.0693708954025412]]]},"properties":{"FID":480,"id":0,"NAME":" ","Height":0}},{"type":"Feature","id":481,"geometry":{"type":"Polygon","coordinates":[[[101.5026252806318,3.0683926771655323],[101.50258155639216,3.0684236074221087],[101.50253088766225,3.0683519800922832],[101.50257461190189,3.0683210498357067],[101.5026252806318,3.0683926771655323]]]},"properties":{"FID":481,"id":0,"NAME":" ","Height":0}},{"type":"Feature","id":482,"geometry":{"type":"Polygon","coordinates":[[[101.50318041118112,3.0677074034437721],[101.50315023375168,3.0677193292320362],[101.50317174419853,3.0677755252744143],[101.50312013447531,3.0677952801923856],[101.50309883704156,3.0677396406466935],[101.50309297100083,3.0677419588414856],[101.50308129920106,3.0677124241133726],[101.50316873938135,3.0676778687156592],[101.50318041118112,3.0677074034437721]]]},"properties":{"FID":482,"id":0,"NAME":" ","Height":0}},{"type":"Feature","id":483,"geometry":{"type":"Polygon","coordinates":[[[101.5033442207054,3.0676646475200124],[101.50331719870525,3.067677600580113],[101.50328893206907,3.0676676523371982],[101.50327597900896,3.0676406303370465],[101.50328592725188,3.0676123637008637],[101.50331294925203,3.0675994106407631],[101.50334121588821,3.0676093588836779],[101.50335416894832,3.0676363808838296],[101.5033442207054,3.0676646475200124]]]},"properties":{"FID":483,"id":0,"NAME":" ","Height":0}},{"type":"Feature","id":484,"geometry":{"type":"Polygon","coordinates":[[[101.50301370856545,3.0689906784886509],[101.50301211429047,3.0689906645756238],[101.50301052050112,3.0689906228407811],[101.50300892768288,3.0689905532968353],[101.50300733632096,3.0689904559649701],[101.50300574690007,3.0689903308748336],[101.50300415990439,3.0689901780645301],[101.50300257581732,3.0689899975806063],[101.5030009951214,3.06898978947804],[101.50299941829812,3.068989553820221],[101.50299784582778,3.0689892906789331],[101.5029962781894,3.068989000134331],[101.50299471586047,3.0689886822749184],[101.5029931593169,3.068988337197518],[101.50299160903283,3.0689879650072434],[101.5029900654805,3.0689875658174675],[101.50298852913008,3.0689871397497877],[101.50298700044956,3.0689866869339877],[101.50298547990459,3.0689862075080003],[101.50298396795834,3.068985701617863],[101.50298246507138,3.0689851694176746],[101.50298097170148,3.0689846110695491],[101.50297948830355,3.0689840267435637],[101.50297801532943,3.0689834166177108],[101.50297655322784,3.0689827808778403],[101.50297510244411,3.0689821197176044],[101.50297366342018,3.0689814333383989],[101.50297223659439,3.0689807219493019],[101.50297082240137,3.0689799857670095],[101.50296942127187,3.0689792250157697],[101.50296803363273,3.0689784399273146],[101.5029666599066,3.0689776307407901],[101.50296530051196,3.0689767977026818],[101.50296395586288,3.0689759410667414],[101.50296262636896,3.0689750610939091],[101.50296131243518,3.0689741580522321],[101.50296001446175,3.068973232216786],[101.50295873284406,3.0689722838695896],[101.50295746797252,3.0689713132995187],[101.50295622023241,3.0689703208022179],[101.5029549900038,3.0689693066800112],[101.50295377766143,3.0689682712418112],[101.5029525835746,3.0689672148030214],[101.50295140810702,3.0689661376854436],[101.50295025161678,3.068965040217178],[101.50294911445613,3.0689639227325247],[101.50294799697149,3.06896278557188],[101.50294689950321,3.0689616290816337],[101.50294582238564,3.0689604536140642],[101.50294476594685,3.0689592595272308],[101.50294373050865,3.068958047184863],[101.50294271638644,3.0689568169562529],[101.50294172388914,3.0689555692161394],[101.50294075331907,3.0689543043445964],[101.50293980497187,3.0689530227269164],[101.50293887913642,3.0689517247534921],[101.50293797609476,3.0689504108196988],[101.50293709612193,3.068949081325774],[101.50293623948598,3.0689477366766935],[101.50293540644788,3.0689463772820513],[101.50293459726134,3.0689450035559322],[101.50293381217288,3.0689436159167856],[101.50293305142165,3.0689422147873007],[101.50293231523936,3.0689408005942744],[101.50293160385026,3.068939373768484],[101.50293091747106,3.0689379347445547],[101.50293025631082,3.0689364839608269],[101.50292962057095,3.0689350218592231],[101.5029290104451,3.0689335488851137],[101.50292842611911,3.0689320654871812],[101.50292786777099,3.0689305721172828],[101.5029273355708,3.0689290692303137],[101.50292682968066,3.0689275572840673],[101.50292635025467,3.0689260367390974],[101.50292589743887,3.0689245080585765],[101.5029254713712,3.0689229717081559],[101.50292507218141,3.0689214281558228],[101.50292469999114,3.0689198778717577],[101.50292435491374,3.0689183213281921],[101.50292403705433,3.068916758999265],[101.50292374650972,3.0689151913608765],[101.50292348336843,3.0689136188905444],[101.50292324771063,3.0689120420672582],[101.50292303960805,3.0689104613713343],[101.50292285912413,3.068908877284267],[101.50292270631383,3.0689072902885854],[101.50292258122369,3.068905700867703],[101.50292248389182,3.0689041095057736],[101.50292241434788,3.0689025166875408],[101.50292237261304,3.0689009228981927],[101.5029223587,3.0688993286232131],[101.50292237261304,3.0688977343482335],[101.50292241434788,3.0688961405588855],[101.50292248389182,3.0688945477406526],[101.50292258122369,3.0688929563787233],[101.50292270631383,3.0688913669578408],[101.50292285912413,3.0688897799621593],[101.50292303960805,3.068888195875092],[101.50292324771063,3.0688866151791681],[101.50292348336843,3.0688850383558819],[101.50292374650972,3.0688834658855497],[101.50292403705433,3.0688818982471613],[101.50292435491374,3.0688803359182342],[101.50292469999114,3.0688787793746686],[101.50292507218141,3.0688772290906035],[101.5029254713712,3.0688756855382704],[101.50292589743887,3.0688741491878497],[101.50292635025467,3.0688726205073289],[101.50292682968066,3.068871099962359],[101.5029273355708,3.0688695880161125],[101.50292786777099,3.0688680851291434],[101.50292842611911,3.068866591759245],[101.5029290104451,3.0688651083613125],[101.50292962057095,3.0688636353872032],[101.50293025631082,3.0688621732855994],[101.50293091747106,3.0688607225018716],[101.50293160385026,3.0688592834779422],[101.50293231523936,3.0688578566521518],[101.50293305142165,3.0688564424591256],[101.50293381217288,3.0688550413296407],[101.50293459726134,3.0688536536904945],[101.50293540644788,3.0688522799643749],[101.50293623948598,3.0688509205697327],[101.50293709612193,3.0688495759206522],[101.50293797609476,3.0688482464267275],[101.50293887913642,3.0688469324929342],[101.50293980497187,3.0688456345195099],[101.50294075331907,3.0688443529018299],[101.50294172388914,3.0688430880302868],[101.50294271638644,3.0688418402901734],[101.50294373050865,3.0688406100615633],[101.50294476594685,3.0688393977191954],[101.50294582238564,3.068838203632362],[101.50294689950321,3.0688370281647925],[101.50294799697149,3.0688358716745463],[101.50294911445613,3.0688347345139015],[101.50295025161678,3.0688336170292483],[101.50295140810702,3.0688325195609827],[101.5029525835746,3.0688314424434049],[101.50295377766143,3.0688303860046151],[101.5029549900038,3.068829350566415],[101.50295622023241,3.0688283364442084],[101.50295746797252,3.0688273439469076],[101.50295873284406,3.0688263733768366],[101.50296001446175,3.0688254250296403],[101.50296131243518,3.0688244991941942],[101.50296262636896,3.0688235961525172],[101.50296395586288,3.0688227161796848],[101.50296530051196,3.0688218595437444],[101.5029666599066,3.0688210265056362],[101.50296803363273,3.0688202173191117],[101.50296942127187,3.0688194322306566],[101.50297082240137,3.0688186714794168],[101.50297223659439,3.0688179352971243],[101.50297366342018,3.0688172239080274],[101.50297510244411,3.0688165375288219],[101.50297655322784,3.068815876368586],[101.50297801532943,3.0688152406287155],[101.50297948830355,3.0688146305028625],[101.50298097170148,3.0688140461768771],[101.50298246507138,3.0688134878287516],[101.50298396795834,3.0688129556285633],[101.50298547990459,3.0688124497384259],[101.50298700044956,3.0688119703124386],[101.50298852913008,3.0688115174966386],[101.5029900654805,3.0688110914289588],[101.50299160903283,3.0688106922391829],[101.5029931593169,3.0688103200489083],[101.50299471586047,3.0688099749715079],[101.5029962781894,3.0688096571120953],[101.50299784582778,3.0688093665674931],[101.50299941829812,3.0688091034262053],[101.5030009951214,3.0688088677683862],[101.50300257581732,3.0688086596658199],[101.50300415990439,3.0688084791818961],[101.50300574690007,3.0688083263715926],[101.50300733632096,3.0688082012814561],[101.50300892768288,3.0688081039495909],[101.50301052050112,3.0688080344056452],[101.50301211429047,3.0688079926708025],[101.50301370856545,3.0688079787577753],[101.50301530284042,3.0688079926708025],[101.50301689662977,3.0688080344056452],[101.50301848944801,3.0688081039495909],[101.50302008080993,3.0688082012814561],[101.50302167023082,3.0688083263715926],[101.5030232572265,3.0688084791818961],[101.50302484131358,3.0688086596658199],[101.5030264220095,3.0688088677683862],[101.50302799883278,3.0688091034262053],[101.50302957130312,3.0688093665674931],[101.50303113894149,3.0688096571120953],[101.50303270127043,3.0688099749715079],[101.50303425781399,3.0688103200489083],[101.50303580809806,3.0688106922391829],[101.50303735165039,3.0688110914289588],[101.50303888800082,3.0688115174966386],[101.50304041668133,3.0688119703124386],[101.5030419372263,3.0688124497384259],[101.50304344917255,3.0688129556285633],[101.50304495205951,3.0688134878287516],[101.50304644542942,3.0688140461768771],[101.50304792882734,3.0688146305028625],[101.50304940180146,3.0688152406287155],[101.50305086390306,3.068815876368586],[101.50305231468678,3.0688165375288219],[101.50305375371072,3.0688172239080274],[101.50305518053651,3.0688179352971243],[101.50305659472953,3.0688186714794168],[101.50305799585902,3.0688194322306566],[101.50305938349817,3.0688202173191117],[101.50306075722429,3.0688210265056362],[101.50306211661893,3.0688218595437444],[101.50306346126801,3.0688227161796848],[101.50306479076194,3.0688235961525172],[101.50306610469572,3.0688244991941942],[101.50306740266915,3.0688254250296403],[101.50306868428683,3.0688263733768366],[101.50306994915837,3.0688273439469076],[101.50307119689849,3.0688283364442084],[101.50307242712709,3.068829350566415],[101.50307363946946,3.0688303860046151],[101.5030748335563,3.0688314424434049],[101.50307600902387,3.0688325195609827],[101.50307716551411,3.0688336170292483],[101.50307830267477,3.0688347345139015],[101.50307942015941,3.0688358716745463],[101.50308051762768,3.0688370281647925],[101.50308159474525,3.068838203632362],[101.50308265118404,3.0688393977191954],[101.50308368662225,3.0688406100615633],[101.50308470074445,3.0688418402901734],[101.50308569324176,3.0688430880302868],[101.50308666381183,3.0688443529018299],[101.50308761215902,3.0688456345195099],[101.50308853799447,3.0688469324929342],[101.50308944103614,3.0688482464267275],[101.50309032100897,3.0688495759206522],[101.50309117764492,3.0688509205697327],[101.50309201068302,3.0688522799643749],[101.50309281986955,3.0688536536904945],[101.50309360495801,3.0688550413296407],[101.50309436570925,3.0688564424591256],[101.50309510189153,3.0688578566521518],[101.50309581328064,3.0688592834779422],[101.50309649965983,3.0688607225018716],[101.50309716082008,3.0688621732855994],[101.50309779655994,3.0688636353872032],[101.50309840668579,3.0688651083613125],[101.50309899101178,3.068866591759245],[101.5030995493599,3.0688680851291434],[101.50310008156009,3.0688695880161125],[101.50310058745023,3.068871099962359],[101.50310106687623,3.0688726205073289],[101.50310151969202,3.0688741491878497],[101.5031019457597,3.0688756855382704],[101.50310234494948,3.0688772290906035],[101.50310271713975,3.0688787793746686],[101.50310306221715,3.0688803359182342],[101.50310338007657,3.0688818982471613],[101.50310367062117,3.0688834658855497],[101.50310393376246,3.0688850383558819],[101.50310416942027,3.0688866151791681],[101.50310437752285,3.068888195875092],[101.50310455800677,3.0688897799621593],[101.50310471081707,3.0688913669578408],[101.50310483590721,3.0688929563787233],[101.50310493323907,3.0688945477406526],[101.50310500278302,3.0688961405588855],[101.50310504451785,3.0688977343482335],[101.50310505843089,3.0688993286232131],[101.50310504451785,3.0689009228981927],[101.50310500278302,3.0689025166875408],[101.50310493323907,3.0689041095057736],[101.50310483590721,3.068905700867703],[101.50310471081707,3.0689072902885854],[101.50310455800677,3.068908877284267],[101.50310437752285,3.0689104613713343],[101.50310416942027,3.0689120420672582],[101.50310393376246,3.0689136188905444],[101.50310367062117,3.0689151913608765],[101.50310338007657,3.068916758999265],[101.50310306221715,3.0689183213281921],[101.50310271713975,3.0689198778717577],[101.50310234494948,3.0689214281558228],[101.5031019457597,3.0689229717081559],[101.50310151969202,3.0689245080585765],[101.50310106687623,3.0689260367390974],[101.50310058745023,3.0689275572840673],[101.50310008156009,3.0689290692303137],[101.5030995493599,3.0689305721172828],[101.50309899101178,3.0689320654871812],[101.50309840668579,3.0689335488851137],[101.50309779655994,3.0689350218592231],[101.50309716082008,3.0689364839608269],[101.50309649965983,3.0689379347445547],[101.50309581328064,3.068939373768484],[101.50309510189153,3.0689408005942744],[101.50309436570925,3.0689422147873007],[101.50309360495801,3.0689436159167856],[101.50309281986955,3.0689450035559322],[101.50309201068302,3.0689463772820513],[101.50309117764492,3.0689477366766935],[101.50309032100897,3.068949081325774],[101.50308944103614,3.0689504108196988],[101.50308853799447,3.0689517247534921],[101.50308761215902,3.0689530227269164],[101.50308666381183,3.0689543043445964],[101.50308569324176,3.0689555692161394],[101.50308470074445,3.0689568169562529],[101.50308368662225,3.068958047184863],[101.50308265118404,3.0689592595272308],[101.50308159474525,3.0689604536140642],[101.50308051762768,3.0689616290816337],[101.50307942015941,3.06896278557188],[101.50307830267477,3.0689639227325247],[101.50307716551411,3.068965040217178],[101.50307600902387,3.0689661376854436],[101.5030748335563,3.0689672148030214],[101.50307363946946,3.0689682712418112],[101.50307242712709,3.0689693066800112],[101.50307119689849,3.0689703208022179],[101.50306994915837,3.0689713132995187],[101.50306868428683,3.0689722838695896],[101.50306740266915,3.068973232216786],[101.50306610469572,3.0689741580522321],[101.50306479076194,3.0689750610939091],[101.50306346126801,3.0689759410667414],[101.50306211661893,3.0689767977026818],[101.50306075722429,3.0689776307407901],[101.50305938349817,3.0689784399273146],[101.50305799585902,3.0689792250157697],[101.50305659472953,3.0689799857670095],[101.50305518053651,3.0689807219493019],[101.50305375371072,3.0689814333383989],[101.50305231468678,3.0689821197176044],[101.50305086390306,3.0689827808778403],[101.50304940180146,3.0689834166177108],[101.50304792882734,3.0689840267435637],[101.50304644542942,3.0689846110695491],[101.50304495205951,3.0689851694176746],[101.50304344917255,3.068985701617863],[101.5030419372263,3.0689862075080003],[101.50304041668133,3.0689866869339877],[101.50303888800082,3.0689871397497877],[101.50303735165039,3.0689875658174675],[101.50303580809806,3.0689879650072434],[101.50303425781399,3.068988337197518],[101.50303270127043,3.0689886822749184],[101.50303113894149,3.068989000134331],[101.50302957130312,3.0689892906789331],[101.50302799883278,3.068989553820221],[101.5030264220095,3.06898978947804],[101.50302484131358,3.0689899975806063],[101.5030232572265,3.0689901780645301],[101.50302167023082,3.0689903308748336],[101.50302008080993,3.0689904559649701],[101.50301848944801,3.0689905532968353],[101.50301689662977,3.0689906228407811],[101.50301530284042,3.0689906645756238],[101.50301370856545,3.0689906784886509]]]},"properties":{"FID":484,"id":0,"NAME":" ","Height":0}},{"type":"Feature","id":485,"geometry":{"type":"Polygon","coordinates":[[[101.49476873888418,3.0682664140141096],[101.49476664562026,3.068266395746472],[101.49476455299396,3.068266340949124],[101.49476246164272,3.0682662496387572],[101.4947603722036,3.0682661218431861],[101.49475828531305,3.0682659576013376],[101.49475620160676,3.0682657569632421],[101.49475412171945,3.0682655199900157],[101.49475204628466,3.0682652467538425],[101.4947499759346,3.0682649373379531],[101.49474791129992,3.0682645918365985],[101.49474585300952,3.0682642103550219],[101.49474380169039,3.0682637930094265],[101.49474175796736,3.068263339926939],[101.49473972246298,3.0682628512455734],[101.49473769579728,3.0682623271141867],[101.4947356785876,3.0682617676924346],[101.49473367144843,3.0682611731507214],[101.49473167499112,3.0682605436701516],[101.49472968982384,3.0682598794424698],[101.49472771655127,3.0682591806700072],[101.49472575577451,3.0682584475656163],[101.49472380809082,3.0682576803526076],[101.49472187409349,3.0682568792646823],[101.49471995437162,3.0682560445458584],[101.49471804950998,3.0682551764504002],[101.49471616008884,3.068254275242738],[101.49471428668369,3.0682533411973876],[101.49471242986522,3.068252374598869],[101.49471059019901,3.0682513757416174],[101.49470876824546,3.0682503449298943],[101.49470696455954,3.0682492824776948],[101.49470517969068,3.0682481887086523],[101.49470341418257,3.0682470639559396],[101.494701668573,3.0682459085621669],[101.49469994339368,3.0682447228792786],[101.49469823917015,3.0682435072684449],[101.49469655642152,3.068242262099953],[101.49469489566034,3.068240987753093],[101.49469325739256,3.0682396846160431],[101.49469164211715,3.0682383530857522],[101.49469005032616,3.0682369935678167],[101.49468848250447,3.0682356064763594],[101.49468693912965,3.0682341922339011],[101.49468542067183,3.0682327512712346],[101.49468392759356,3.0682312840272905],[101.49468246034961,3.0682297909490055],[101.49468101938695,3.068228272491186],[101.49467960514448,3.0682267291163692],[101.49467821805302,3.0682251612946811],[101.49467685853509,3.0682235695036963],[101.4946755270048,3.0682219542282896],[101.49467422386775,3.0682203159604891],[101.49467294952089,3.0682186551993276],[101.4946717043524,3.068216972450688],[101.49467048874156,3.0682152682271533],[101.49466930305867,3.0682135430478454],[101.4946681476649,3.0682117974382712],[101.49466702291218,3.06821003193016],[101.49466592914315,3.0682082470613024],[101.49466486669094,3.0682064433753875],[101.49466383587922,3.068204621421835],[101.49466283702198,3.0682027817556299],[101.49466187042346,3.0682009249371518],[101.4946609363781,3.0681990515320061],[101.49466003517044,3.0681971621108497],[101.49465916707499,3.0681952572492195],[101.49465833235615,3.0681933375273536],[101.49465753126823,3.0681914035300188],[101.49465676405522,3.068189455846329],[101.49465603095084,3.0681874950695676],[101.49465533217837,3.0681855217970062],[101.49465466795068,3.0681835366297228],[101.49465403847012,3.0681815401724184],[101.49465344392841,3.0681795330332333],[101.49465288450665,3.068177515823562],[101.49465236037527,3.0681754891578654],[101.4946518716939,3.0681734536534857],[101.49465141861141,3.0681714099304576],[101.49465100126582,3.0681693586113186],[101.49465061978424,3.0681673003209204],[101.49465027428289,3.0681652356862386],[101.49464996486699,3.0681631653361805],[101.49464969163083,3.0681610899013947],[101.4946494546576,3.068159010014079],[101.49464925401951,3.068156926307787],[101.49464908977765,3.0681548394172364],[101.49464896198208,3.0681527499781134],[101.49464887067171,3.0681506586268821],[101.49464881587437,3.0681485660005881],[101.49464879760673,3.0681464727366654],[101.49464881587437,3.0681443794727428],[101.49464887067171,3.0681422868464487],[101.49464896198208,3.0681401954952174],[101.49464908977765,3.0681381060560944],[101.49464925401951,3.0681360191655438],[101.4946494546576,3.0681339354592518],[101.49464969163083,3.0681318555719361],[101.49464996486699,3.0681297801371503],[101.49465027428289,3.0681277097870923],[101.49465061978424,3.0681256451524104],[101.49465100126582,3.0681235868620123],[101.49465141861141,3.0681215355428733],[101.4946518716939,3.0681194918198451],[101.49465236037527,3.0681174563154654],[101.49465288450665,3.0681154296497688],[101.49465344392841,3.0681134124400975],[101.49465403847012,3.0681114053009124],[101.49465466795068,3.0681094088436081],[101.49465533217837,3.0681074236763246],[101.49465603095084,3.0681054504037633],[101.49465676405522,3.0681034896270019],[101.49465753126823,3.068101541943312],[101.49465833235615,3.0680996079459772],[101.49465916707499,3.0680976882241113],[101.49466003517044,3.0680957833624811],[101.4946609363781,3.0680938939413247],[101.49466187042346,3.068092020536179],[101.49466283702198,3.0680901637177009],[101.49466383587922,3.0680883240514958],[101.49466486669094,3.0680865020979433],[101.49466592914315,3.0680846984120285],[101.49466702291218,3.0680829135431709],[101.4946681476649,3.0680811480350596],[101.49466930305867,3.0680794024254854],[101.49467048874156,3.0680776772461775],[101.4946717043524,3.0680759730226428],[101.49467294952089,3.0680742902740032],[101.49467422386775,3.0680726295128418],[101.4946755270048,3.0680709912450412],[101.49467685853509,3.0680693759696345],[101.49467821805302,3.0680677841786497],[101.49467960514448,3.0680662163569616],[101.49468101938695,3.0680646729821448],[101.49468246034961,3.0680631545243253],[101.49468392759356,3.0680616614460403],[101.49468542067183,3.0680601942020962],[101.49468693912965,3.0680587532394297],[101.49468848250447,3.0680573389969714],[101.49469005032616,3.0680559519055142],[101.49469164211715,3.0680545923875786],[101.49469325739256,3.0680532608572877],[101.49469489566034,3.0680519577202379],[101.49469655642152,3.0680506833733778],[101.49469823917015,3.068049438204886],[101.49469994339368,3.0680482225940522],[101.494701668573,3.0680470369111639],[101.49470341418257,3.0680458815173912],[101.49470517969068,3.0680447567646785],[101.49470696455954,3.068043662995636],[101.49470876824546,3.0680426005434365],[101.49471059019901,3.0680415697317134],[101.49471242986522,3.0680405708744618],[101.49471428668369,3.0680396042759432],[101.49471616008884,3.0680386702305928],[101.49471804950998,3.0680377690229306],[101.49471995437162,3.0680369009274724],[101.49472187409349,3.0680360662086485],[101.49472380809082,3.0680352651207232],[101.49472575577451,3.0680344979077145],[101.49472771655127,3.0680337648033236],[101.49472968982384,3.068033066030861],[101.49473167499112,3.0680324018031793],[101.49473367144843,3.0680317723226094],[101.4947356785876,3.0680311777808962],[101.49473769579728,3.0680306183591441],[101.49473972246298,3.0680300942277574],[101.49474175796736,3.0680296055463918],[101.49474380169039,3.0680291524639043],[101.49474585300952,3.0680287351183089],[101.49474791129992,3.0680283536367323],[101.4947499759346,3.0680280081353777],[101.49475204628466,3.0680276987194883],[101.49475412171945,3.0680274254833151],[101.49475620160676,3.0680271885100887],[101.49475828531305,3.0680269878719932],[101.4947603722036,3.0680268236301447],[101.49476246164272,3.0680266958345737],[101.49476455299396,3.0680266045242068],[101.49476664562026,3.0680265497268588],[101.49476873888418,3.0680265314592212],[101.49477083214809,3.0680265497268588],[101.4947729247744,3.0680266045242068],[101.49477501612563,3.0680266958345737],[101.49477710556475,3.0680268236301447],[101.4947791924553,3.0680269878719932],[101.49478127616159,3.0680271885100887],[101.4947833560489,3.0680274254833151],[101.49478543148369,3.0680276987194883],[101.49478750183376,3.0680280081353777],[101.49478956646843,3.0680283536367323],[101.49479162475883,3.0680287351183089],[101.49479367607796,3.0680291524639043],[101.49479571980099,3.0680296055463918],[101.49479775530537,3.0680300942277574],[101.49479978197107,3.0680306183591441],[101.49480179918075,3.0680311777808962],[101.49480380631992,3.0680317723226094],[101.49480580277724,3.0680324018031793],[101.49480778794451,3.068033066030861],[101.49480976121708,3.0680337648033236],[101.49481172199384,3.0680344979077145],[101.49481366967753,3.0680352651207232],[101.49481560367487,3.0680360662086485],[101.49481752339673,3.0680369009274724],[101.49481942825837,3.0680377690229306],[101.49482131767951,3.0680386702305928],[101.49482319108466,3.0680396042759432],[101.49482504790313,3.0680405708744618],[101.49482688756935,3.0680415697317134],[101.49482870952289,3.0680426005434365],[101.49483051320881,3.068043662995636],[101.49483229807767,3.0680447567646785],[101.49483406358578,3.0680458815173912],[101.49483580919535,3.0680470369111639],[101.49483753437467,3.0680482225940522],[101.4948392385982,3.068049438204886],[101.49484092134684,3.0680506833733778],[101.49484258210801,3.0680519577202379],[101.4948442203758,3.0680532608572877],[101.4948458356512,3.0680545923875786],[101.4948474274422,3.0680559519055142],[101.49484899526388,3.0680573389969714],[101.4948505386387,3.0680587532394297],[101.49485205709652,3.0680601942020962],[101.4948535501748,3.0680616614460403],[101.49485501741874,3.0680631545243253],[101.49485645838141,3.0680646729821448],[101.49485787262387,3.0680662163569616],[101.49485925971533,3.0680677841786497],[101.49486061923326,3.0680693759696345],[101.49486195076355,3.0680709912450412],[101.4948632539006,3.0680726295128418],[101.49486452824746,3.0680742902740032],[101.49486577341595,3.0680759730226428],[101.49486698902679,3.0680776772461775],[101.49486817470968,3.0680794024254854],[101.49486933010346,3.0680811480350596],[101.49487045485617,3.0680829135431709],[101.4948715486252,3.0680846984120285],[101.49487261107741,3.0680865020979433],[101.49487364188913,3.0680883240514958],[101.49487464074637,3.0680901637177009],[101.49487560734489,3.068092020536179],[101.49487654139025,3.0680938939413247],[101.49487744259791,3.0680957833624811],[101.49487831069337,3.0680976882241113],[101.4948791454122,3.0680996079459772],[101.49487994650012,3.068101541943312],[101.49488071371313,3.0681034896270019],[101.49488144681752,3.0681054504037633],[101.49488214558998,3.0681074236763246],[101.49488280981767,3.0681094088436081],[101.49488343929823,3.0681114053009124],[101.49488403383994,3.0681134124400975],[101.4948845932617,3.0681154296497688],[101.49488511739308,3.0681174563154654],[101.49488560607445,3.0681194918198451],[101.49488605915694,3.0681215355428733],[101.49488647650253,3.0681235868620123],[101.49488685798411,3.0681256451524104],[101.49488720348546,3.0681277097870923],[101.49488751290136,3.0681297801371503],[101.49488778613753,3.0681318555719361],[101.49488802311075,3.0681339354592518],[101.49488822374884,3.0681360191655438],[101.4948883879907,3.0681381060560944],[101.49488851578627,3.0681401954952174],[101.49488860709664,3.0681422868464487],[101.49488866189398,3.0681443794727428],[101.49488868016162,3.0681464727366654],[101.49488866189398,3.0681485660005881],[101.49488860709664,3.0681506586268821],[101.49488851578627,3.0681527499781134],[101.4948883879907,3.0681548394172364],[101.49488822374884,3.068156926307787],[101.49488802311075,3.068159010014079],[101.49488778613753,3.0681610899013947],[101.49488751290136,3.0681631653361805],[101.49488720348546,3.0681652356862386],[101.49488685798411,3.0681673003209204],[101.49488647650253,3.0681693586113186],[101.49488605915694,3.0681714099304576],[101.49488560607445,3.0681734536534857],[101.49488511739308,3.0681754891578654],[101.4948845932617,3.068177515823562],[101.49488403383994,3.0681795330332333],[101.49488343929823,3.0681815401724184],[101.49488280981767,3.0681835366297228],[101.49488214558998,3.0681855217970062],[101.49488144681752,3.0681874950695676],[101.49488071371313,3.068189455846329],[101.49487994650012,3.0681914035300188],[101.4948791454122,3.0681933375273536],[101.49487831069337,3.0681952572492195],[101.49487744259791,3.0681971621108497],[101.49487654139025,3.0681990515320061],[101.49487560734489,3.0682009249371518],[101.49487464074637,3.0682027817556299],[101.49487364188913,3.068204621421835],[101.49487261107741,3.0682064433753875],[101.4948715486252,3.0682082470613024],[101.49487045485617,3.06821003193016],[101.49486933010346,3.0682117974382712],[101.49486817470968,3.0682135430478454],[101.49486698902679,3.0682152682271533],[101.49486577341595,3.068216972450688],[101.49486452824746,3.0682186551993276],[101.4948632539006,3.0682203159604891],[101.49486195076355,3.0682219542282896],[101.49486061923326,3.0682235695036963],[101.49485925971533,3.0682251612946811],[101.49485787262387,3.0682267291163692],[101.49485645838141,3.068228272491186],[101.49485501741874,3.0682297909490055],[101.4948535501748,3.0682312840272905],[101.49485205709652,3.0682327512712346],[101.4948505386387,3.0682341922339011],[101.49484899526388,3.0682356064763594],[101.4948474274422,3.0682369935678167],[101.4948458356512,3.0682383530857522],[101.4948442203758,3.0682396846160431],[101.49484258210801,3.068240987753093],[101.49484092134684,3.068242262099953],[101.4948392385982,3.0682435072684449],[101.49483753437467,3.0682447228792786],[101.49483580919535,3.0682459085621669],[101.49483406358578,3.0682470639559396],[101.49483229807767,3.0682481887086523],[101.49483051320881,3.0682492824776948],[101.49482870952289,3.0682503449298943],[101.49482688756935,3.0682513757416174],[101.49482504790313,3.068252374598869],[101.49482319108466,3.0682533411973876],[101.49482131767951,3.068254275242738],[101.49481942825837,3.0682551764504002],[101.49481752339673,3.0682560445458584],[101.49481560367487,3.0682568792646823],[101.49481366967753,3.0682576803526076],[101.49481172199384,3.0682584475656163],[101.49480976121708,3.0682591806700072],[101.49480778794451,3.0682598794424698],[101.49480580277724,3.0682605436701516],[101.49480380631992,3.0682611731507214],[101.49480179918075,3.0682617676924346],[101.49479978197107,3.0682623271141867],[101.49479775530537,3.0682628512455734],[101.49479571980099,3.068263339926939],[101.49479367607796,3.0682637930094265],[101.49479162475883,3.0682642103550219],[101.49478956646843,3.0682645918365985],[101.49478750183376,3.0682649373379531],[101.49478543148369,3.0682652467538425],[101.4947833560489,3.0682655199900157],[101.49478127616159,3.0682657569632421],[101.4947791924553,3.0682659576013376],[101.49477710556475,3.0682661218431861],[101.49477501612563,3.0682662496387572],[101.4947729247744,3.068266340949124],[101.49477083214809,3.068266395746472],[101.49476873888418,3.0682664140141096]]]},"properties":{"FID":485,"id":0,"NAME":" ","Height":0}},{"type":"Feature","id":486,"geometry":{"type":"Polygon","coordinates":[[[101.49445889041534,3.0687682051685581],[101.49445798513055,3.0687681972682572],[101.49445708012152,3.0687681735697621],[101.49445617566393,3.0687681340802904],[101.49445527203326,3.0687680788118716],[101.49445436950481,3.0687680077813408],[101.49445346835346,3.0687679210103349],[101.49445256885372,3.0687678185252851],[101.49445167127958,3.0687677003574092],[101.49445077590447,3.0687675665427023],[101.49444988300112,3.0687674171219257],[101.49444899284151,3.068767252140594],[101.4944481056968,3.068767071648963],[101.49444722183722,3.0687668757020115],[101.494446341532,3.0687666643594271],[101.4944454650493,3.0687664376855865],[101.49444459265608,3.0687661957495371],[101.49444372461811,3.068765938624975],[101.49444286119979,3.0687656663902225],[101.49444200266412,3.0687653791282052],[101.49444114927262,3.0687650769264261],[101.49444030128524,3.0687647598769381],[101.49443945896029,3.0687644280763182],[101.49443862255436,3.0687640816256354],[101.4944377923222,3.068763720630423],[101.49443696851674,3.0687633452006424],[101.4944361513889,3.0687629554506541],[101.49443534118758,3.0687625514991796],[101.4944345381596,3.0687621334692659],[101.49443374254953,3.0687617014882491],[101.49443295459976,3.0687612556877153],[101.49443217455028,3.0687607962034593],[101.49443140263871,3.0687603231754443],[101.49443063910019,3.0687598367477595],[101.4944298841673,3.0687593370685757],[101.49442913806999,3.0687588242900996],[101.49442840103552,3.0687582985685284],[101.49442767328843,3.0687577600640021],[101.49442695505036,3.0687572089405548],[101.49442624654013,3.0687566453660633],[101.49442554797352,3.0687560695121987],[101.49442485956335,3.0687554815543709],[101.49442418151932,3.0687548816716781],[101.49442351404795,3.06875427004685],[101.49442285735256,3.068753646866194],[101.49442221163318,3.0687530123195361],[101.49442157708653,3.0687523666001661],[101.49442095390587,3.0687517099047761],[101.49442034228105,3.0687510424334019],[101.49441974239835,3.0687503643893614],[101.49441915444052,3.0687496759791943],[101.49441857858666,3.068748977412596],[101.49441801501217,3.0687482689023571],[101.49441746388872,3.0687475506642969],[101.49441692538419,3.0687468229171975],[101.49441639966263,3.0687460858827373],[101.49441588688414,3.0687453397854245],[101.49441538720497,3.0687445848525279],[101.49441490077727,3.0687438213140066],[101.49441442774926,3.0687430494024426],[101.49441396826501,3.0687422693529673],[101.49441352246447,3.0687414814031908],[101.49441309048345,3.0687406857931312],[101.49441267245354,3.0687398827651386],[101.49441226850206,3.0687390725638233],[101.49441187875208,3.0687382554359801],[101.4944115033223,3.068737431630514],[101.49441114232708,3.0687366013983643],[101.49441079587641,3.0687357649924283],[101.49441046407578,3.0687349226674825],[101.4944101470263,3.0687340746801075],[101.49440984482452,3.0687332212886087],[101.49440955756249,3.0687323627529373],[101.49440928532775,3.0687314993346115],[101.49440902820318,3.0687306312966371],[101.49440878626713,3.0687297589034266],[101.4944085595933,3.0687288824207197],[101.49440834825072,3.0687280021155012],[101.49440815230376,3.0687271182559206],[101.49440797181212,3.0687262311112105],[101.49440780683079,3.0687253409516035],[101.49440765741002,3.068724448048251],[101.49440752359531,3.0687235526731396],[101.49440740542744,3.0687226550990099],[101.49440730294239,3.0687217555992707],[101.49440721617138,3.0687208544479194],[101.49440714514085,3.0687199519194546],[101.49440708987242,3.0687190482887958],[101.49440705038296,3.0687181438311977],[101.49440702668447,3.068717238822166],[101.49440701878416,3.0687163335373762],[101.49440702668447,3.0687154282525864],[101.49440705038296,3.0687145232435546],[101.49440708987242,3.0687136187859565],[101.49440714514085,3.0687127151552978],[101.49440721617138,3.0687118126268329],[101.49440730294239,3.0687109114754816],[101.49440740542744,3.0687100119757424],[101.49440752359531,3.0687091144016128],[101.49440765741002,3.0687082190265014],[101.49440780683079,3.0687073261231488],[101.49440797181212,3.0687064359635419],[101.49440815230376,3.0687055488188317],[101.49440834825072,3.0687046649592511],[101.4944085595933,3.0687037846540326],[101.49440878626713,3.0687029081713257],[101.49440902820318,3.0687020357781152],[101.49440928532775,3.0687011677401408],[101.49440955756249,3.0687003043218151],[101.49440984482452,3.0686994457861436],[101.4944101470263,3.0686985923946448],[101.49441046407578,3.0686977444072698],[101.49441079587641,3.068696902082324],[101.49441114232708,3.068696065676388],[101.4944115033223,3.0686952354442383],[101.49441187875208,3.0686944116387722],[101.49441226850206,3.068693594510929],[101.49441267245354,3.0686927843096137],[101.49441309048345,3.0686919812816211],[101.49441352246447,3.0686911856715615],[101.49441396826501,3.0686903977217854],[101.49441442774926,3.0686896176723097],[101.49441490077727,3.0686888457607457],[101.49441538720497,3.0686880822222244],[101.49441588688414,3.0686873272893278],[101.49441639966263,3.068686581192015],[101.49441692538419,3.0686858441575549],[101.49441746388872,3.0686851164104554],[101.49441801501217,3.0686843981723952],[101.49441857858666,3.0686836896621563],[101.49441915444052,3.068682991095558],[101.49441974239835,3.0686823026853909],[101.49442034228105,3.0686816246413504],[101.49442095390587,3.0686809571699762],[101.49442157708653,3.0686803004745862],[101.49442221163318,3.0686796547552162],[101.49442285735256,3.0686790202085583],[101.49442351404795,3.0686783970279023],[101.49442418151932,3.0686777854030742],[101.49442485956335,3.0686771855203814],[101.49442554797352,3.0686765975625536],[101.49442624654013,3.068676021708689],[101.49442695505036,3.0686754581341975],[101.49442767328843,3.0686749070107502],[101.49442840103552,3.0686743685062239],[101.49442913806999,3.0686738427846527],[101.4944298841673,3.0686733300061766],[101.49443063910019,3.0686728303269928],[101.49443140263871,3.068672343899308],[101.49443217455028,3.068671870871293],[101.49443295459976,3.068671411387037],[101.49443374254953,3.0686709655865032],[101.4944345381596,3.0686705336054865],[101.49443534118758,3.0686701155755727],[101.4944361513889,3.0686697116240982],[101.49443696851674,3.0686693218741099],[101.4944377923222,3.0686689464443293],[101.49443862255436,3.0686685854491169],[101.49443945896029,3.0686682389984341],[101.49444030128524,3.0686679071978142],[101.49444114927262,3.0686675901483262],[101.49444200266412,3.0686672879465471],[101.49444286119979,3.0686670006845298],[101.49444372461811,3.0686667284497773],[101.49444459265608,3.0686664713252152],[101.4944454650493,3.0686662293891658],[101.494446341532,3.0686660027153252],[101.49444722183722,3.0686657913727409],[101.4944481056968,3.0686655954257893],[101.49444899284151,3.0686654149341583],[101.49444988300112,3.0686652499528266],[101.49445077590447,3.06866510053205],[101.49445167127958,3.0686649667173431],[101.49445256885372,3.0686648485494672],[101.49445346835346,3.0686647460644174],[101.49445436950481,3.0686646592934115],[101.49445527203326,3.0686645882628807],[101.49445617566393,3.068664532994462],[101.49445708012152,3.0686644935049903],[101.49445798513055,3.0686644698064951],[101.49445889041534,3.0686644619061942],[101.49445979570014,3.0686644698064951],[101.49446070070917,3.0686644935049903],[101.49446160516676,3.068664532994462],[101.49446250879743,3.0686645882628807],[101.49446341132588,3.0686646592934115],[101.49446431247723,3.0686647460644174],[101.49446521197697,3.0686648485494672],[101.49446610955111,3.0686649667173431],[101.49446700492622,3.06866510053205],[101.49446789782957,3.0686652499528266],[101.49446878798918,3.0686654149341583],[101.49446967513389,3.0686655954257893],[101.49447055899347,3.0686657913727409],[101.49447143929869,3.0686660027153252],[101.49447231578139,3.0686662293891658],[101.49447318817461,3.0686664713252152],[101.49447405621258,3.0686667284497773],[101.4944749196309,3.0686670006845298],[101.49447577816657,3.0686672879465471],[101.49447663155807,3.0686675901483262],[101.49447747954545,3.0686679071978142],[101.4944783218704,3.0686682389984341],[101.49447915827633,3.0686685854491169],[101.49447998850849,3.0686689464443293],[101.49448081231395,3.0686693218741099],[101.49448162944179,3.0686697116240982],[101.49448243964311,3.0686701155755727],[101.49448324267109,3.0686705336054865],[101.49448403828116,3.0686709655865032],[101.49448482623093,3.068671411387037],[101.49448560628041,3.068671870871293],[101.49448637819198,3.068672343899308],[101.4944871417305,3.0686728303269928],[101.49448789666339,3.0686733300061766],[101.4944886427607,3.0686738427846527],[101.49448937979517,3.0686743685062239],[101.49449010754226,3.0686749070107502],[101.49449082578033,3.0686754581341975],[101.49449153429056,3.068676021708689],[101.49449223285717,3.0686765975625536],[101.49449292126734,3.0686771855203814],[101.49449359931137,3.0686777854030742],[101.49449426678274,3.0686783970279023],[101.49449492347813,3.0686790202085583],[101.49449556919751,3.0686796547552162],[101.49449620374416,3.0686803004745862],[101.49449682692482,3.0686809571699762],[101.49449743854964,3.0686816246413504],[101.49449803843234,3.0686823026853909],[101.49449862639017,3.068682991095558],[101.49449920224403,3.0686836896621563],[101.49449976581852,3.0686843981723952],[101.49450031694197,3.0686851164104554],[101.4945008554465,3.0686858441575549],[101.49450138116806,3.068686581192015],[101.49450189394655,3.0686873272893278],[101.49450239362572,3.0686880822222244],[101.49450288005342,3.0686888457607457],[101.49450335308143,3.0686896176723097],[101.49450381256568,3.0686903977217854],[101.49450425836622,3.0686911856715615],[101.49450469034724,3.0686919812816211],[101.49450510837715,3.0686927843096137],[101.49450551232863,3.068693594510929],[101.49450590207861,3.0686944116387722],[101.49450627750839,3.0686952354442383],[101.49450663850361,3.068696065676388],[101.49450698495428,3.068696902082324],[101.49450731675491,3.0686977444072698],[101.49450763380439,3.0686985923946448],[101.49450793600617,3.0686994457861436],[101.4945082232682,3.0687003043218151],[101.49450849550294,3.0687011677401408],[101.49450875262751,3.0687020357781152],[101.49450899456356,3.0687029081713257],[101.49450922123739,3.0687037846540326],[101.49450943257997,3.0687046649592511],[101.49450962852693,3.0687055488188317],[101.49450980901857,3.0687064359635419],[101.4945099739999,3.0687073261231488],[101.49451012342067,3.0687082190265014],[101.49451025723538,3.0687091144016128],[101.49451037540325,3.0687100119757424],[101.4945104778883,3.0687109114754816],[101.49451056465931,3.0687118126268329],[101.49451063568983,3.0687127151552978],[101.49451069095826,3.0687136187859565],[101.49451073044773,3.0687145232435546],[101.49451075414622,3.0687154282525864],[101.49451076204653,3.0687163335373762],[101.49451075414622,3.068717238822166],[101.49451073044773,3.0687181438311977],[101.49451069095826,3.0687190482887958],[101.49451063568983,3.0687199519194546],[101.49451056465931,3.0687208544479194],[101.4945104778883,3.0687217555992707],[101.49451037540325,3.0687226550990099],[101.49451025723538,3.0687235526731396],[101.49451012342067,3.068724448048251],[101.4945099739999,3.0687253409516035],[101.49450980901857,3.0687262311112105],[101.49450962852693,3.0687271182559206],[101.49450943257997,3.0687280021155012],[101.49450922123739,3.0687288824207197],[101.49450899456356,3.0687297589034266],[101.49450875262751,3.0687306312966371],[101.49450849550294,3.0687314993346115],[101.4945082232682,3.0687323627529373],[101.49450793600617,3.0687332212886087],[101.49450763380439,3.0687340746801075],[101.49450731675491,3.0687349226674825],[101.49450698495428,3.0687357649924283],[101.49450663850361,3.0687366013983643],[101.49450627750839,3.068737431630514],[101.49450590207861,3.0687382554359801],[101.49450551232863,3.0687390725638233],[101.49450510837715,3.0687398827651386],[101.49450469034724,3.0687406857931312],[101.49450425836622,3.0687414814031908],[101.49450381256568,3.0687422693529673],[101.49450335308143,3.0687430494024426],[101.49450288005342,3.0687438213140066],[101.49450239362572,3.0687445848525279],[101.49450189394655,3.0687453397854245],[101.49450138116806,3.0687460858827373],[101.4945008554465,3.0687468229171975],[101.49450031694197,3.0687475506642969],[101.49449976581852,3.0687482689023571],[101.49449920224403,3.068748977412596],[101.49449862639017,3.0687496759791943],[101.49449803843234,3.0687503643893614],[101.49449743854964,3.0687510424334019],[101.49449682692482,3.0687517099047761],[101.49449620374416,3.0687523666001661],[101.49449556919751,3.0687530123195361],[101.49449492347813,3.068753646866194],[101.49449426678274,3.06875427004685],[101.49449359931137,3.0687548816716781],[101.49449292126734,3.0687554815543709],[101.49449223285717,3.0687560695121987],[101.49449153429056,3.0687566453660633],[101.49449082578033,3.0687572089405548],[101.49449010754226,3.0687577600640021],[101.49448937979517,3.0687582985685284],[101.4944886427607,3.0687588242900996],[101.49448789666339,3.0687593370685757],[101.4944871417305,3.0687598367477595],[101.49448637819198,3.0687603231754443],[101.49448560628041,3.0687607962034593],[101.49448482623093,3.0687612556877153],[101.49448403828116,3.0687617014882491],[101.49448324267109,3.0687621334692659],[101.49448243964311,3.0687625514991796],[101.49448162944179,3.0687629554506541],[101.49448081231395,3.0687633452006424],[101.49447998850849,3.068763720630423],[101.49447915827633,3.0687640816256354],[101.4944783218704,3.0687644280763182],[101.49447747954545,3.0687647598769381],[101.49447663155807,3.0687650769264261],[101.49447577816657,3.0687653791282052],[101.4944749196309,3.0687656663902225],[101.49447405621258,3.068765938624975],[101.49447318817461,3.0687661957495371],[101.49447231578139,3.0687664376855865],[101.49447143929869,3.0687666643594271],[101.49447055899347,3.0687668757020115],[101.49446967513389,3.068767071648963],[101.49446878798918,3.068767252140594],[101.49446789782957,3.0687674171219257],[101.49446700492622,3.0687675665427023],[101.49446610955111,3.0687677003574092],[101.49446521197697,3.0687678185252851],[101.49446431247723,3.0687679210103349],[101.49446341132588,3.0687680077813408],[101.49446250879743,3.0687680788118716],[101.49446160516676,3.0687681340802904],[101.49446070070917,3.0687681735697621],[101.49445979570014,3.0687681972682572],[101.49445889041534,3.0687682051685581]]]},"properties":{"FID":486,"id":0,"NAME":" ","Height":0}},{"type":"Feature","id":487,"geometry":{"type":"Polygon","coordinates":[[[101.49459230226937,3.0688449134357927],[101.49459135583351,3.068844905176372],[101.49459040968594,3.0688448804006261],[101.49458946411487,3.0688448391161014],[101.49458851940832,3.0688447813353741],[101.49458757585408,3.0688447070760447],[101.49458663373954,3.068844616360733],[101.49458569335169,3.068844509217072],[101.494584754977,3.0688443856776986],[101.49458381890128,3.0688442457802441],[101.49458288540966,3.0688440895673224],[101.49458195478653,3.068843917086518],[101.49458102731532,3.06884372839037],[101.49458010327858,3.0688435235363567],[101.49457918295778,3.0688433025868793],[101.49457826663324,3.0688430656092405],[101.49457735458408,3.0688428126756264],[101.49457644708815,3.0688425438630826],[101.49457554442185,3.068842259253493],[101.49457464686016,3.0688419589335512],[101.49457375467647,3.0688416429947383],[101.49457286814257,3.068841311533292],[101.49457198752847,3.0688409646501786],[101.49457111310247,3.0688406024510626],[101.49457024513087,3.068840225046273],[101.49456938387809,3.0688398325507706],[101.49456852960648,3.0688394250841138],[101.49456768257626,3.0688390027704209],[101.49456684304542,3.0688385657383326],[101.49456601126973,3.0688381141209731],[101.4945651875025,3.0688376480559096],[101.49456437199471,3.0688371676851101],[101.49456356499476,3.0688366731548995],[101.49456276674846,3.068836164615917],[101.49456197749895,3.0688356422230689],[101.49456119748668,3.0688351061354804],[101.49456042694921,3.0688345565164492],[101.49455966612128,3.0688339935333948],[101.49455891523463,3.0688334173578071],[101.494558174518,3.0688328281651951],[101.49455744419701,3.068832226135032],[101.49455672449413,3.0688316114507024],[101.49455601562859,3.0688309842994448],[101.49455531781631,3.0688303448722962],[101.49455463126985,3.0688296933640316],[101.49455395619833,3.0688290299731071],[101.49455329280741,3.0688283549015978],[101.49455264129915,3.0688276683551368],[101.49455200187199,3.0688269705428537],[101.49455137472074,3.0688262616773079],[101.4945507600364,3.0688255419744275],[101.49455015800625,3.0688248116534402],[101.49454956881364,3.0688240709368091],[101.49454899263804,3.0688233200501642],[101.494548429655,3.0688225592222325],[101.49454788003597,3.0688217886847693],[101.49454734394837,3.0688210086724879],[101.49454682155553,3.0688202194229874],[101.49454631301654,3.0688194211766815],[101.49454581848633,3.0688186141767235],[101.49454533811553,3.0688177986689333],[101.49454487205047,3.068816974901722],[101.49454442043312,3.0688161431260177],[101.49454398340102,3.0688153035951875],[101.49454356108733,3.0688144565649598],[101.49454315362067,3.068813602293349],[101.49454276112517,3.0688127410405741],[101.49454238372037,3.0688118730689813],[101.49454202152127,3.0688109986429626],[101.49454167463814,3.0688101180288774],[101.49454134317671,3.0688092314949689],[101.49454102723789,3.0688083393112837],[101.49454072691795,3.0688074417495899],[101.49454044230836,3.0688065390832935],[101.49454017349582,3.0688056315873551],[101.4945399205622,3.0688047195382069],[101.49453968358456,3.0688038032136684],[101.49453946263509,3.0688028828928604],[101.49453925778107,3.0688019588561213],[101.49453906908492,3.0688010313849223],[101.49453889660411,3.0688001007617798],[101.49453874039119,3.0687991672701704],[101.49453860049374,3.0687982311944451],[101.49453847695438,3.0687972928197409],[101.49453836981071,3.0687963524318969],[101.49453827909539,3.0687954103173638],[101.49453820483606,3.0687944667631184],[101.49453814705534,3.0687935220565774],[101.49453810577081,3.0687925764855066],[101.49453808099507,3.068791630337937],[101.49453807273565,3.0687906839020735],[101.49453808099507,3.0687897374662101],[101.49453810577081,3.0687887913186405],[101.49453814705534,3.0687878457475697],[101.49453820483606,3.0687869010410287],[101.49453827909539,3.0687859574867833],[101.49453836981071,3.0687850153722502],[101.49453847695438,3.0687840749844062],[101.49453860049374,3.068783136609702],[101.49453874039119,3.0687822005339767],[101.49453889660411,3.0687812670423673],[101.49453906908492,3.0687803364192248],[101.49453925778107,3.0687794089480258],[101.49453946263509,3.0687784849112867],[101.49453968358456,3.0687775645904787],[101.4945399205622,3.0687766482659402],[101.49454017349582,3.068775736216792],[101.49454044230836,3.0687748287208536],[101.49454072691795,3.0687739260545572],[101.49454102723789,3.0687730284928634],[101.49454134317671,3.0687721363091782],[101.49454167463814,3.0687712497752697],[101.49454202152127,3.0687703691611845],[101.49454238372037,3.0687694947351658],[101.49454276112517,3.068768626763573],[101.49454315362067,3.0687677655107981],[101.49454356108733,3.0687669112391873],[101.49454398340102,3.0687660642089596],[101.49454442043312,3.0687652246781294],[101.49454487205047,3.0687643929024251],[101.49454533811553,3.0687635691352142],[101.49454581848633,3.0687627536274236],[101.49454631301654,3.0687619466274656],[101.49454682155553,3.0687611483811597],[101.49454734394837,3.0687603591316592],[101.49454788003597,3.0687595791193778],[101.494548429655,3.0687588085819146],[101.49454899263804,3.0687580477539829],[101.49454956881364,3.068757296867338],[101.49455015800625,3.0687565561507069],[101.4945507600364,3.0687558258297196],[101.49455137472074,3.0687551061268392],[101.49455200187199,3.0687543972612934],[101.49455264129915,3.0687536994490103],[101.49455329280741,3.0687530129025493],[101.49455395619833,3.06875233783104],[101.49455463126985,3.0687516744401155],[101.49455531781631,3.0687510229318509],[101.49455601562859,3.0687503835047023],[101.49455672449413,3.0687497563534447],[101.49455744419701,3.0687491416691151],[101.494558174518,3.068748539638952],[101.49455891523463,3.06874795044634],[101.49455966612128,3.0687473742707523],[101.49456042694921,3.0687468112876979],[101.49456119748668,3.0687462616686667],[101.49456197749895,3.0687457255810782],[101.49456276674846,3.0687452031882301],[101.49456356499476,3.0687446946492476],[101.49456437199471,3.068744200119037],[101.4945651875025,3.0687437197482375],[101.49456601126973,3.068743253683174],[101.49456684304542,3.0687428020658145],[101.49456768257626,3.0687423650337262],[101.49456852960648,3.0687419427200333],[101.49456938387809,3.0687415352533765],[101.49457024513087,3.0687411427578741],[101.49457111310247,3.0687407653530845],[101.49457198752847,3.0687404031539685],[101.49457286814257,3.0687400562708551],[101.49457375467647,3.0687397248094088],[101.49457464686016,3.0687394088705959],[101.49457554442185,3.0687391085506541],[101.49457644708815,3.0687388239410645],[101.49457735458408,3.0687385551285207],[101.49457826663324,3.0687383021949066],[101.49457918295778,3.0687380652172678],[101.49458010327858,3.0687378442677904],[101.49458102731532,3.0687376394137771],[101.49458195478653,3.068737450717629],[101.49458288540966,3.0687372782368247],[101.49458381890128,3.068737122023903],[101.494584754977,3.0687369821264485],[101.49458569335169,3.0687368585870751],[101.49458663373954,3.0687367514434141],[101.49458757585408,3.0687366607281024],[101.49458851940832,3.068736586468773],[101.49458946411487,3.0687365286880457],[101.49459040968594,3.068736487403521],[101.49459135583351,3.0687364626277751],[101.49459230226937,3.0687364543683544],[101.49459324870523,3.0687364626277751],[101.49459419485279,3.068736487403521],[101.49459514042387,3.0687365286880457],[101.49459608513041,3.068736586468773],[101.49459702868465,3.0687366607281024],[101.49459797079919,3.0687367514434141],[101.49459891118704,3.0687368585870751],[101.49459984956174,3.0687369821264485],[101.49460078563746,3.068737122023903],[101.49460171912908,3.0687372782368247],[101.49460264975221,3.068737450717629],[101.49460357722342,3.0687376394137771],[101.49460450126016,3.0687378442677904],[101.49460542158096,3.0687380652172678],[101.49460633790549,3.0687383021949066],[101.49460724995465,3.0687385551285207],[101.49460815745059,3.0687388239410645],[101.49460906011689,3.0687391085506541],[101.49460995767858,3.0687394088705959],[101.49461084986227,3.0687397248094088],[101.49461173639617,3.0687400562708551],[101.49461261701026,3.0687404031539685],[101.49461349143627,3.0687407653530845],[101.49461435940786,3.0687411427578741],[101.49461522066065,3.0687415352533765],[101.49461607493225,3.0687419427200333],[101.49461692196247,3.0687423650337262],[101.49461776149332,3.0687428020658145],[101.49461859326901,3.068743253683174],[101.49461941703623,3.0687437197482375],[101.49462023254402,3.068744200119037],[101.49462103954397,3.0687446946492476],[101.49462183779028,3.0687452031882301],[101.49462262703979,3.0687457255810782],[101.49462340705206,3.0687462616686667],[101.49462417758953,3.0687468112876979],[101.49462493841746,3.0687473742707523],[101.4946256893041,3.06874795044634],[101.49462643002073,3.068748539638952],[101.49462716034172,3.0687491416691151],[101.4946278800446,3.0687497563534447],[101.49462858891015,3.0687503835047023],[101.49462928672243,3.0687510229318509],[101.49462997326889,3.0687516744401155],[101.4946306483404,3.06875233783104],[101.49463131173133,3.0687530129025493],[101.49463196323958,3.0687536994490103],[101.49463260266674,3.0687543972612934],[101.49463322981799,3.0687551061268392],[101.49463384450233,3.0687558258297196],[101.49463444653249,3.0687565561507069],[101.4946350357251,3.068757296867338],[101.49463561190069,3.0687580477539829],[101.49463617488374,3.0687588085819146],[101.49463672450277,3.0687595791193778],[101.49463726059037,3.0687603591316592],[101.4946377829832,3.0687611483811597],[101.49463829152219,3.0687619466274656],[101.49463878605241,3.0687627536274236],[101.49463926642321,3.0687635691352142],[101.49463973248827,3.0687643929024251],[101.49464018410562,3.0687652246781294],[101.49464062113772,3.0687660642089596],[101.49464104345141,3.0687669112391873],[101.49464145091807,3.0687677655107981],[101.49464184341356,3.068768626763573],[101.49464222081836,3.0687694947351658],[101.49464258301747,3.0687703691611845],[101.49464292990059,3.0687712497752697],[101.49464326136203,3.0687721363091782],[101.49464357730085,3.0687730284928634],[101.49464387762079,3.0687739260545572],[101.49464416223037,3.0687748287208536],[101.49464443104291,3.068775736216792],[101.49464468397653,3.0687766482659402],[101.49464492095417,3.0687775645904787],[101.49464514190365,3.0687784849112867],[101.49464534675766,3.0687794089480258],[101.49464553545381,3.0687803364192248],[101.49464570793462,3.0687812670423673],[101.49464586414754,3.0687822005339767],[101.49464600404499,3.068783136609702],[101.49464612758436,3.0687840749844062],[101.49464623472802,3.0687850153722502],[101.49464632544334,3.0687859574867833],[101.49464639970267,3.0687869010410287],[101.4946464574834,3.0687878457475697],[101.49464649876792,3.0687887913186405],[101.49464652354366,3.0687897374662101],[101.49464653180308,3.0687906839020735],[101.49464652354366,3.068791630337937],[101.49464649876792,3.0687925764855066],[101.4946464574834,3.0687935220565774],[101.49464639970267,3.0687944667631184],[101.49464632544334,3.0687954103173638],[101.49464623472802,3.0687963524318969],[101.49464612758436,3.0687972928197409],[101.49464600404499,3.0687982311944451],[101.49464586414754,3.0687991672701704],[101.49464570793462,3.0688001007617798],[101.49464553545381,3.0688010313849223],[101.49464534675766,3.0688019588561213],[101.49464514190365,3.0688028828928604],[101.49464492095417,3.0688038032136684],[101.49464468397653,3.0688047195382069],[101.49464443104291,3.0688056315873551],[101.49464416223037,3.0688065390832935],[101.49464387762079,3.0688074417495899],[101.49464357730085,3.0688083393112837],[101.49464326136203,3.0688092314949689],[101.49464292990059,3.0688101180288774],[101.49464258301747,3.0688109986429626],[101.49464222081836,3.0688118730689813],[101.49464184341356,3.0688127410405741],[101.49464145091807,3.068813602293349],[101.49464104345141,3.0688144565649598],[101.49464062113772,3.0688153035951875],[101.49464018410562,3.0688161431260177],[101.49463973248827,3.068816974901722],[101.49463926642321,3.0688177986689333],[101.49463878605241,3.0688186141767235],[101.49463829152219,3.0688194211766815],[101.4946377829832,3.0688202194229874],[101.49463726059037,3.0688210086724879],[101.49463672450277,3.0688217886847693],[101.49463617488374,3.0688225592222325],[101.49463561190069,3.0688233200501642],[101.4946350357251,3.0688240709368091],[101.49463444653249,3.0688248116534402],[101.49463384450233,3.0688255419744275],[101.49463322981799,3.0688262616773079],[101.49463260266674,3.0688269705428537],[101.49463196323958,3.0688276683551368],[101.49463131173133,3.0688283549015978],[101.4946306483404,3.0688290299731071],[101.49462997326889,3.0688296933640316],[101.49462928672243,3.0688303448722962],[101.49462858891015,3.0688309842994448],[101.4946278800446,3.0688316114507024],[101.49462716034172,3.068832226135032],[101.49462643002073,3.0688328281651951],[101.4946256893041,3.0688334173578071],[101.49462493841746,3.0688339935333948],[101.49462417758953,3.0688345565164492],[101.49462340705206,3.0688351061354804],[101.49462262703979,3.0688356422230689],[101.49462183779028,3.068836164615917],[101.49462103954397,3.0688366731548995],[101.49462023254402,3.0688371676851101],[101.49461941703623,3.0688376480559096],[101.49461859326901,3.0688381141209731],[101.49461776149332,3.0688385657383326],[101.49461692196247,3.0688390027704209],[101.49461607493225,3.0688394250841138],[101.49461522066065,3.0688398325507706],[101.49461435940786,3.068840225046273],[101.49461349143627,3.0688406024510626],[101.49461261701026,3.0688409646501786],[101.49461173639617,3.068841311533292],[101.49461084986227,3.0688416429947383],[101.49460995767858,3.0688419589335512],[101.49460906011689,3.068842259253493],[101.49460815745059,3.0688425438630826],[101.49460724995465,3.0688428126756264],[101.49460633790549,3.0688430656092405],[101.49460542158096,3.0688433025868793],[101.49460450126016,3.0688435235363567],[101.49460357722342,3.06884372839037],[101.49460264975221,3.068843917086518],[101.49460171912908,3.0688440895673224],[101.49460078563746,3.0688442457802441],[101.49459984956174,3.0688443856776986],[101.49459891118704,3.068844509217072],[101.49459797079919,3.068844616360733],[101.49459702868465,3.0688447070760447],[101.49459608513041,3.0688447813353741],[101.49459514042387,3.0688448391161014],[101.49459419485279,3.0688448804006261],[101.49459324870523,3.068844905176372],[101.49459230226937,3.0688449134357927]]]},"properties":{"FID":487,"id":0,"NAME":" ","Height":0}},{"type":"Feature","id":488,"geometry":{"type":"Polygon","coordinates":[[[101.49498962698345,3.0682250459264093],[101.49500495155112,3.0681622452470867],[101.49505734381054,3.0681750299610995],[101.49504201924287,3.0682378306404221],[101.49498962698345,3.0682250459264093]]]},"properties":{"FID":488,"id":0,"NAME":" ","Height":0}},{"type":"Feature","id":489,"geometry":{"type":"Polygon","coordinates":[[[101.49501246359415,3.0681243845504627],[101.49502778816183,3.0680501655658086],[101.49510058759905,3.068065197028556],[101.49508526303137,3.0681394160132101],[101.49501246359415,3.0681243845504627]]]},"properties":{"FID":489,"id":0,"NAME":" ","Height":0}},{"type":"Feature","id":490,"geometry":{"type":"Polygon","coordinates":[[[101.49494200063097,3.068100346012923],[101.49495101508255,3.0680584288130879],[101.4949879933732,3.0680663811336601],[101.49497897892162,3.0681082983334953],[101.49494200063097,3.068100346012923]]]},"properties":{"FID":490,"id":0,"NAME":" ","Height":0}},{"type":"Feature","id":491,"geometry":{"type":"Polygon","coordinates":[[[101.49324202530434,3.0681221309375677],[101.49324246674961,3.0680991389967405],[101.49343026782414,3.0681027447773714],[101.49342982637887,3.0681257367181987],[101.49324202530434,3.0681221309375677]]]},"properties":{"FID":491,"id":0,"NAME":" ","Height":0}},{"type":"Feature","id":492,"geometry":{"type":"Polygon","coordinates":[[[101.50309812617739,3.0698588401543905],[101.503186317562,3.0698221813846418],[101.50320724282348,3.0698725220751664],[101.50311905143887,3.069909180844915],[101.50309812617739,3.0698588401543905]]]},"properties":{"FID":492,"id":0,"NAME":" ","Height":0}},{"type":"Feature","id":493,"geometry":{"type":"Polygon","coordinates":[[[101.50368953628626,3.0697949744501365],[101.50368872299651,3.0697940863438924],[101.50345630038667,3.069892268745654],[101.5034346657029,3.0698417878168205],[101.5034160358363,3.0698505017866786],[101.50339500211595,3.0698000208578451],[101.50341273053739,3.0697931097783022],[101.50339259826221,3.0697453331849434],[101.50359993064849,3.0696557896326078],[101.50359241860548,3.0696439206046975],[101.50363150064,3.0696163460581203],[101.50358933095868,3.0695554342962228],[101.50352796527677,3.0695996746715406],[101.50328277219388,3.0697066461635929],[101.50317730311045,3.0694655095838961],[101.50339725572894,3.0693669515799833],[101.50351143878225,3.0692924321136101],[101.50366889120313,3.0691133450089385],[101.50378668003708,3.0692248237267785],[101.50379419208006,3.069213104939728],[101.50384437252718,3.0692491627460377],[101.50383205277669,3.0692671916491925],[101.50386360335722,3.0692966388576788],[101.50367760517298,3.0694937548655057],[101.50364034543979,3.0695200470159394],[101.50364259905268,3.0695227513514127],[101.50362047867358,3.0695387862113686],[101.50366017004865,3.0695961181975679],[101.5037005920244,3.0695675982480086],[101.50371050792117,3.0695787160716219],[101.50386074878078,3.069412549680878],[101.50390191477632,3.0694474055603109],[101.50391122970962,3.0694383911087333],[101.50387336901299,3.0694032347475813],[101.50390161429461,3.0693722851304992],[101.50394067691811,3.069408943900247],[101.50391678862141,3.06943568677326],[101.50395389811375,3.0694685895215175],[101.50394345637403,3.0694797073451294],[101.50395314690947,3.0694887969171365],[101.50395014209228,3.0694924778181973],[101.50398049074589,3.0695221503879728],[101.50380951664765,3.0697063456818716],[101.50381012205921,3.0697074413530907],[101.50381070831106,3.0697085473943821],[101.50381127522564,3.0697096634707384],[101.50381182263123,3.069710789244112],[101.50381235036205,3.0697119243735185],[101.50381285825823,3.0697130685151404],[101.50381334616593,3.0697142213224291],[101.50381381393738,3.069715382446212],[101.5038142614309,3.0697165515347984],[101.50381468851096,3.0697177282340831],[101.50381509504818,3.0697189121876574],[101.50381548091943,3.0697201030369148],[101.50381584600783,3.0697213004211603],[101.50381619020281,3.0697225039777192],[101.50381651340011,3.0697237133420474],[101.50381681550185,3.0697249281478416],[101.50381709641651,3.0697261480271512],[101.503817356059,3.0697273726104877],[101.50381759435071,3.0697286015269385],[101.50381781121942,3.0697298344042783],[101.50381800659947,3.0697310708690821],[101.50381818043168,3.0697323105468381],[101.50381833266339,3.0697335530620617],[101.50381846324849,3.0697347980384095],[101.50381857214744,3.0697360450987907],[101.50381865932725,3.0697372938654852],[101.5038187247615,3.0697385439602547],[101.50381876843039,3.0697397950044603],[101.50381879032069,3.0697410466191735],[101.50381879042575,3.069742298425294],[101.50381876874557,3.0697435500436643],[101.50381872528669,3.0697448010951827],[101.50381866006229,3.0697460512009194],[101.50381857309212,3.0697472999822306],[101.50381846440251,3.0697485470608754],[101.50381833402641,3.0697497920591261],[101.50381818200327,3.0697510345998875],[101.50381800837917,3.0697522743068073],[101.50381781320668,3.0697535108043916],[101.50381759654493,3.0697547437181192],[101.50381735845953,3.0697559726745545],[101.50381709902261,3.0697571973014597],[101.50381681831273,3.0697584172279084],[101.50381651641493,3.0697596320843994],[101.50381619342065,3.0697608415029651],[101.50381584942771,3.0697620451172867],[101.50381548454031,3.0697632425628019],[101.50381509886897,3.0697644334768182],[101.50381469253051,3.0697656174986205],[101.50381426564799,3.0697667942695821],[101.50381381835074,3.0697679634332715],[101.50381335077419,3.0697691246355627],[101.50381286306002,3.0697702775247393],[101.50381235535592,3.069771421751605],[101.50381182781567,3.0697725569695851],[101.50381128059907,3.069773682834835],[101.50381071387184,3.0697747990063422],[101.50381012780566,3.0697759051460314],[101.50380952257804,3.0697770009188647],[101.5038088983723,3.0697780859929442],[101.50380825537748,3.0697791600396132],[101.50380759378837,3.0697802227335549],[101.50380691380533,3.0697812737528909],[101.50380621563433,3.0697823127792794],[101.50380549948684,3.0697833394980103],[101.50380476557979,3.0697843535981018],[101.50380401413543,3.0697853547723941],[101.50380324538139,3.0697863427176428],[101.50380245955053,3.0697873171346104],[101.50380165688085,3.0697882777281564],[101.50380083761547,3.0697892242073275],[101.50380000200255,3.0697901562854457],[101.50379915029518,3.0697910736801948],[101.50379828275133,3.0697919761137062],[101.50379739963377,3.0697928633126428],[101.50379650120999,3.0697937350082816],[101.50379558775211,3.0697945909365951],[101.50379465953681,3.0697954308383331],[101.50379371684524,3.069796254459098],[101.50379275996291,3.0697970615494241],[101.50379178917967,3.0697978518648528],[101.50379080478956,3.0697986251660065],[101.50378980709073,3.0697993812186604],[101.50378879638536,3.0698001197938147],[101.50378777297962,3.0698008406677628],[101.50378673718346,3.0698015436221602],[101.5037856893106,3.06980222844409],[101.50378462967848,3.0698028949261267],[101.50378355860799,3.0698035428664006],[101.50378247642358,3.0698041720686575],[101.50378138345303,3.0698047823423193],[101.50378028002737,3.0698053735025406],[101.50377916648084,3.0698059453702653],[101.5037780431507,3.069806497772281],[101.50377691037721,3.0698070305412717],[101.50377576850347,3.0698075435158669],[101.50377461787535,3.0698080365406928],[101.50377345884134,3.0698085094664163],[101.50377239752923,3.0698090784914949],[101.50377132648383,3.0698096289773198],[101.50377024602892,3.0698101607574588],[101.50376915649119,3.0698106736711348],[101.50376805820002,3.0698111675632753],[101.50376695148751,3.0698116422845576],[101.5037658366882,3.0698120976914565],[101.50376471413918,3.0698125336462851],[101.50376358417982,3.069812950017238],[101.50376244715177,3.0698133466784308],[101.50376130339876,3.0698137235099385],[101.50376015326663,3.0698140803978307],[101.50375899710306,3.0698144172342063],[101.50375783525764,3.0698147339172279],[101.50375666808164,3.0698150303511502],[101.5037554959279,3.0698153064463498],[101.50375431915086,3.0698155621193535],[101.50375313810626,3.0698157972928617],[101.50375195315119,3.0698160118957722],[101.50375076464391,3.0698162058632028],[101.50374957294375,3.0698163791365105],[101.503748378411,3.0698165316633075],[101.50374718140682,3.0698166633974795],[101.5037459822931,3.0698167742991984],[101.50374478143236,3.0698168643349346],[101.5037435791877,3.0698169334774672],[101.50374237592258,3.0698169817058911],[101.50374117200082,3.0698170090056256],[101.50373996778637,3.0698170153684172],[101.50373876364334,3.0698170007923413],[101.50373755993576,3.0698169652818055],[101.50373635702758,3.069816908847546],[101.50373515528248,3.0698168315066248],[101.50373395506378,3.0698167332824244],[101.50373275673437,3.0698166142046426],[101.50373156065652,3.0698164743092806],[101.50373036719188,3.0698163136386336],[101.50372917670126,3.0698161322412791],[101.50372798954459,3.0698159301720596],[101.50372680608081,3.0698157074920682],[101.5037256266677,3.0698154642686299],[101.50372445166185,3.0698152005752797],[101.50372328141852,3.0698149164917421],[101.50372211629151,3.0698146121039058],[101.50372095663307,3.069814287503799],[101.50371980279382,3.0698139427895605],[101.50371865512261,3.0698135780654097],[101.50371751396642,3.0698131934416168],[101.50371637967027,3.0698127890344673],[101.50371525257708,3.0698123649662294],[101.50371413302763,3.069811921365114],[101.5037130213604,3.0698114583652383],[101.50371191791149,3.0698109761065848],[101.5037108230145,3.0698104747349575],[101.50370973700048,3.0698099544019408],[101.50370866019774,3.0698094152648499],[101.50370759293187,3.0698088574866862],[101.50370653552554,3.0698082812360865],[101.50370548829844,3.0698076866872737],[101.50370445156716,3.0698070740200007],[101.50370342564517,3.0698064434195009],[101.50370241084265,3.0698057950764279],[101.50370140746638,3.0698051291867996],[101.50370041581975,3.0698044459519398],[101.50369943620257,3.0698037455784153],[101.50369846891098,3.0698030282779749],[101.50369751423747,3.0698022942674861],[101.50369657247066,3.0698015437688668],[101.50369564389527,3.069800777009021],[101.50369472879204,3.0697999942197689],[101.50369382743767,3.0697991956377764],[101.50369294010464,3.0697983815044849],[101.50369206706124,3.0697975520660368],[101.50369120857142,3.0697967075732029],[101.50369036489474,3.0697958482813039],[101.50368953628626,3.0697949744501365]]]},"properties":{"FID":493,"id":0,"NAME":" ","Height":0}},{"type":"Feature","id":494,"geometry":{"type":"Polygon","coordinates":[[[101.50481883474266,3.0701750971638995],[101.50479239235138,3.0702871768451785],[101.50471889684421,3.0702698374225785],[101.50446267709948,3.0704319236215922],[101.50445631387116,3.0704218648704624],[101.50444022777643,3.0704866967067601],[101.5043447376153,3.0704630036592495],[101.50436456940878,3.0703830755219306],[101.50444428837179,3.0704028554150189],[101.50443421814204,3.0703869367759706],[101.50468963035222,3.0702253614283186],[101.50470767609931,3.0701488720684229],[101.50481883474266,3.0701750971638995]]]},"properties":{"FID":494,"id":0,"NAME":" ","Height":0}},{"type":"Feature","id":495,"geometry":{"type":"Polygon","coordinates":[[[101.50404163877585,3.0704326099972952],[101.50398933847153,3.0704650476877395],[101.50395314690952,3.070408270978036],[101.50413133256906,3.0702946888881604],[101.50416752413106,3.0703514655978639],[101.50411561842728,3.0703849234782821],[101.50410143463797,3.0703630484792894],[101.50402646444901,3.0704103743500708],[101.50404163877585,3.0704326099972952]]]},"properties":{"FID":495,"id":0,"NAME":" ","Height":0}},{"type":"Feature","id":496,"geometry":{"type":"Polygon","coordinates":[[[101.50260383374925,3.0708116676861241],[101.50261402419473,3.0707922729672954],[101.50264061682688,3.0708062453672405],[101.5026304263814,3.0708256400860692],[101.50260383374925,3.0708116676861241]]]},"properties":{"FID":496,"id":0,"NAME":" ","Height":0}},{"type":"Feature","id":497,"geometry":{"type":"Polygon","coordinates":[[[101.50261363696532,3.0707919485732984],[101.50260153295072,3.0707839385636322],[101.5026175899426,3.0707596746648025],[101.5026296939572,3.0707676846744687],[101.50261363696532,3.0707919485732984]]]},"properties":{"FID":497,"id":0,"NAME":" ","Height":0}},{"type":"Feature","id":498,"geometry":{"type":"Polygon","coordinates":[[[101.50306163642864,3.0710197888369182],[101.50303952420512,3.0710181672738566],[101.50304117685458,3.0709956311449127],[101.5030632890781,3.0709972527079743],[101.50306163642864,3.0710197888369182]]]},"properties":{"FID":498,"id":0,"NAME":" ","Height":0}},{"type":"Feature","id":499,"geometry":{"type":"Polygon","coordinates":[[[101.50477017548434,3.0695429211868204],[101.50476434700873,3.0694994439093288],[101.50484727996323,3.0694883260857164],[101.50485310843884,3.069531803363208],[101.50477017548434,3.0695429211868204]]]},"properties":{"FID":499,"id":0,"NAME":" ","Height":0}},{"type":"Feature","id":500,"geometry":{"type":"Polygon","coordinates":[[[101.50499895475342,3.0696383616928968],[101.50493431397844,3.069644421765549],[101.50492890530749,3.0695867292754535],[101.50499354608247,3.0695806692028014],[101.50499895475342,3.0696383616928968]]]},"properties":{"FID":500,"id":0,"NAME":" ","Height":0}},{"type":"Feature","id":501,"geometry":{"type":"Polygon","coordinates":[[[101.50482270519836,3.0695403694934442],[101.50488480926025,3.0695321038449266],[101.50488551764555,3.0695320095634302],[101.50491026058928,3.0697179160057297],[101.50490955220398,3.0697180102872261],[101.5048474481421,3.0697262759357438],[101.50484494084557,3.0697074373293458],[101.50482270519836,3.0695403694934442]]]},"properties":{"FID":501,"id":0,"NAME":" ","Height":0}},{"type":"Feature","id":502,"geometry":{"type":"Polygon","coordinates":[[[101.50472315232936,3.0695292052206384],[101.50472653589983,3.0695535105351768],[101.50472657360237,3.069553745621592],[101.50481857123982,3.0695409385258916],[101.50484319254213,3.069717801547422],[101.50472998220593,3.0697335616870323],[101.50473002361471,3.0697339148796186],[101.50473132575981,3.0697450214114013],[101.50471498706622,3.0697469369823596],[101.50471368492111,3.0697358304505249],[101.50470370301214,3.0696641270710519],[101.50469640722226,3.0696652172465528],[101.50469250095991,3.0696390753369784],[101.50470005832597,3.0696379460753822],[101.50468926642276,3.0695604242373142],[101.5046794300051,3.0695620017759921],[101.50467687591049,3.0695460762448721],[101.50468704204999,3.0695444458262768],[101.50468564722711,3.0695344263485618],[101.50472315232936,3.0695292052206384]]]},"properties":{"FID":502,"id":0,"NAME":" ","Height":0}},{"type":"Feature","id":503,"geometry":{"type":"Polygon","coordinates":[[[101.50428681307886,3.0679727915231116],[101.50439168119888,3.0680232724519452],[101.5043742300689,3.0680595250969529],[101.50426936194889,3.0680090441681194],[101.50428681307886,3.0679727915231116]]]},"properties":{"FID":503,"id":0,"NAME":" ","Height":0}},{"type":"Feature","id":504,"geometry":{"type":"Polygon","coordinates":[[[101.50458206621326,3.0682488203470393],[101.50456522159418,3.0682582954452715],[101.50457257119386,3.0682723717972027],[101.50453861675959,3.0682901002186385],[101.5045318204625,3.0682770835818403],[101.50450995060064,3.068289385379138],[101.50446049151257,3.0682014581114605],[101.5045326071252,3.0681608930793618],[101.50458206621326,3.0682488203470393]]]},"properties":{"FID":504,"id":0,"NAME":" ","Height":0}},{"type":"Feature","id":505,"geometry":{"type":"Polygon","coordinates":[[[101.5047690862383,3.0684658820244017],[101.50482557680152,3.068564440028315],[101.50479082698517,3.0685843576059804],[101.50473433642195,3.0684857996020671],[101.5047690862383,3.0684658820244017]]]},"properties":{"FID":505,"id":0,"NAME":" ","Height":0}},{"type":"Feature","id":506,"geometry":{"type":"Polygon","coordinates":[[[101.50535502559096,3.0681740391545915],[101.50536787118446,3.0681490991718943],[101.5053936960378,3.0681624005270858],[101.5053808504443,3.068187340509783],[101.50535502559096,3.0681740391545915]]]},"properties":{"FID":506,"id":0,"NAME":" ","Height":0}},{"type":"Feature","id":507,"geometry":{"type":"Polygon","coordinates":[[[101.50576360560871,3.0687118263116133],[101.5057618027184,3.0686751675418655],[101.50579886467955,3.0686733448224701],[101.50580066756986,3.0687100035922179],[101.50576360560871,3.0687118263116133]]]},"properties":{"FID":507,"id":0,"NAME":" ","Height":0}},{"type":"Feature","id":508,"geometry":{"type":"Polygon","coordinates":[[[101.50589912286409,3.0687007084880014],[101.50589701949205,3.0686637492365341],[101.50593475349316,3.0686616017730506],[101.5059368568652,3.0686985610245179],[101.50589912286409,3.0687007084880014]]]},"properties":{"FID":508,"id":0,"NAME":" ","Height":0}},{"type":"Feature","id":509,"geometry":{"type":"Polygon","coordinates":[[[101.50574828104109,3.0684346319256077],[101.50580477160432,3.0684343314438887],[101.5058049756471,3.0684726914853999],[101.50574848508387,3.068472991967119],[101.50574828104109,3.0684346319256077]]]},"properties":{"FID":509,"id":0,"NAME":" ","Height":0}},{"type":"Feature","id":510,"geometry":{"type":"Polygon","coordinates":[[[101.50579936293337,3.0684613747986207],[101.50584413470953,3.0684610743169016],[101.50584438295748,3.0684980632594869],[101.50579961118132,3.068498363741206],[101.50579936293337,3.0684613747986207]]]},"properties":{"FID":510,"id":0,"NAME":" ","Height":0}},{"type":"Feature","id":511,"geometry":{"type":"Polygon","coordinates":[[[101.50608632297528,3.0687534430297285],[101.50609834224404,3.0687188876320151],[101.50613289764176,3.0687309069007829],[101.506120878373,3.0687654622984963],[101.50608632297528,3.0687534430297285]]]},"properties":{"FID":511,"id":0,"NAME":" ","Height":0}},{"type":"Feature","id":512,"geometry":{"type":"Polygon","coordinates":[[[101.50620125723292,3.0689280229086147],[101.50621267553824,3.0688952704012169],[101.50624704950017,3.0689072539842677],[101.50623563119485,3.0689400064916654],[101.50620125723292,3.0689280229086147]]]},"properties":{"FID":512,"id":0,"NAME":" ","Height":0}},{"type":"Feature","id":513,"geometry":{"type":"Polygon","coordinates":[[[101.5062961343358,3.0676390314534787],[101.50660803436038,3.0677442000552153],[101.50659485786387,3.06778327777916],[101.50628295783929,3.0676781091774235],[101.5062961343358,3.0676390314534787]]]},"properties":{"FID":513,"id":0,"NAME":" ","Height":0}},{"type":"Feature","id":514,"geometry":{"type":"Polygon","coordinates":[[[101.50656236113906,3.0677777037669105],[101.50654933124258,3.067815456017517],[101.50626943252109,3.0677188511447797],[101.50628246241757,3.0676810988941732],[101.50656236113906,3.0677777037669105]]]},"properties":{"FID":514,"id":0,"NAME":" ","Height":0}},{"type":"Feature","id":515,"geometry":{"type":"Polygon","coordinates":[[[101.50651203045115,3.0679301231190008],[101.50656431427035,3.0677765018400365],[101.50660218569128,3.0677893910864871],[101.50654990187208,3.0679430123654514],[101.50651203045115,3.0679301231190008]]]},"properties":{"FID":515,"id":0,"NAME":" ","Height":0}},{"type":"Feature","id":516,"geometry":{"type":"Polygon","coordinates":[[[101.50644953025356,3.0675822404085444],[101.50645974663202,3.06754798549255],[101.50649581778843,3.067558743556746],[101.50648560140998,3.0675929984727404],[101.50644953025356,3.0675822404085444]]]},"properties":{"FID":516,"id":0,"NAME":" ","Height":0}},{"type":"Feature","id":517,"geometry":{"type":"Polygon","coordinates":[[[101.50654913994352,3.0676109364127315],[101.50651319643335,3.0676001184630719],[101.50652251136664,3.0675691688459894],[101.50655845487681,3.067579986795649],[101.50654913994352,3.0676109364127315]]]},"properties":{"FID":517,"id":0,"NAME":" ","Height":0}},{"type":"Feature","id":518,"geometry":{"type":"Polygon","coordinates":[[[101.5062530152092,3.0678657449106557],[101.5062633818285,3.0679007510309479],[101.50623136585351,3.0679102321565859],[101.5062209992342,3.0678752260362936],[101.5062530152092,3.0678657449106557]]]},"properties":{"FID":518,"id":0,"NAME":" ","Height":0}},{"type":"Feature","id":519,"geometry":{"type":"Polygon","coordinates":[[[101.50640202534372,3.0688095288309483],[101.50639823375447,3.0688202650152467],[101.50618442191094,3.068744755256382],[101.50611892524185,3.0689316286892461],[101.50610079275479,3.0689315069947019],[101.50609665105698,3.0692776345971757],[101.50608975425092,3.0692775520712909],[101.5060882009858,3.0693901637928063],[101.50556536279431,3.0693829522315443],[101.50556690288398,3.0692712957301325],[101.50555664882444,3.0692711730319835],[101.50555677515355,3.0692606155273756],[101.505504665487,3.0692600552083733],[101.50550526645044,3.0692041656085931],[101.50555744390927,3.0692047266565448],[101.50556071374599,3.0689314617313097],[101.50554027257078,3.0689314033279524],[101.50547267477313,3.0687446386825887],[101.50525838259708,3.0688185496414606],[101.50525554689412,3.0688103280060499],[101.50514844440889,3.0688472684465582],[101.50492518649143,3.068200631786739],[101.50502254256847,3.0681666773524641],[101.50501808322296,3.0681524966337821],[101.50543966187549,3.0680070910337229],[101.50549771990573,3.0681754203563334],[101.50564547407399,3.0681230964031769],[101.50570936243597,3.0683035065445448],[101.50574359117211,3.068290959676633],[101.50577784608811,3.0683844094913191],[101.50574309773127,3.0683971468311291],[101.50572615406197,3.0683509233122708],[101.50576146001761,3.0684506214771567],[101.50565932665796,3.0684867898045165],[101.50566990516791,3.0685166617626614],[101.50562159297017,3.0685337704858924],[101.50562125603767,3.0685338898032675],[101.50562144141428,3.0685344326572204],[101.50546778301744,3.0685882389645371],[101.50545360091269,3.0685932612511686],[101.50546620382698,3.0686297196818284],[101.50563402286717,3.0685712759874342],[101.50566767681974,3.068668181341887],[101.5056705125227,3.0686764029772982],[101.50550228564094,3.0687344256749416],[101.50550289846768,3.0687361188420534],[101.50567201388358,3.0686767368350636],[101.50566790218126,3.0685995963894799],[101.50602122676678,3.068574744813128],[101.50604584298434,3.0685050420497397],[101.50589311322976,3.068450707697588],[101.50603614252813,3.068048663157235],[101.50615728844015,3.0680917614039651],[101.50619179205867,3.0679951774112091],[101.50663590403971,3.0681538317589716],[101.5066324123415,3.0681636058687456],[101.50673746686084,3.0682007069071751],[101.50650910075422,3.0688473435669956],[101.50640202534372,3.0688095288309469],[101.50640202534372,3.0688095288309483]],[[101.50609492919558,3.0689036598717738],[101.50615434590713,3.0687341336193494],[101.50598594083675,3.0686746597097345],[101.50600931645174,3.0686084698104459],[101.50570095746431,3.0686301586688884],[101.505705612637,3.0686949242149093],[101.50551252752363,3.0687627227741983],[101.50556242769848,3.0689005910003968],[101.50557201567483,3.0689006183946148],[101.50557351861039,3.0687916555665358],[101.50609635680188,3.0687988671277977],[101.50609491138636,3.0689036597522485],[101.50609492919558,3.0689036598717738]],[[101.5052198088172,3.0687188125115856],[101.50544096336257,3.0686418891914582],[101.5053623427782,3.0684158550113918],[101.50514118823283,3.0684927783315192],[101.5052198088172,3.0687188125115856]],[[101.50512305370363,3.0684549895620865],[101.5053490159565,3.0683792681688362],[101.50528186221018,3.0681788728623896],[101.50505589995731,3.0682545942556398],[101.50512305370363,3.0684549895620865]],[[101.5053258788641,3.0682335345350005],[101.50547221346137,3.0681833540878864],[101.50544989424998,3.0681182675253051],[101.5053035596527,3.0681684479724192],[101.5053258788641,3.0682335345350005]],[[101.50567363378465,3.0692793430717575],[101.50580356967738,3.0692776333889569],[101.50579876196987,3.0689122476183526],[101.50566882607714,3.0689139573011532],[101.50567363378465,3.0692793430717575]],[[101.50583362059623,3.0692761201703322],[101.50598746448956,3.0692776333889564],[101.5059910702702,3.068911045691475],[101.50583722637687,3.0689095324728508],[101.50583362059623,3.0692761201703322]],[[101.50652030118921,3.0684905370602715],[101.5062991391529,3.0684142742891338],[101.5062210139059,3.0686408375054461],[101.50644217594221,3.0687171002765838],[101.50652030118921,3.0684905370602715]],[[101.50660028850243,3.0682502192870098],[101.50638147114401,3.0681774946943672],[101.50631356227547,3.0683818222634551],[101.50653237963388,3.0684545468560978],[101.50660028850243,3.0682502192870098]]]},"properties":{"FID":519,"id":0,"NAME":" ","Height":0}},{"type":"Feature","id":520,"geometry":{"type":"Polygon","coordinates":[[[101.50264297068379,3.0685632206702498],[101.50263674981537,3.0685658939351974],[101.50260310166436,3.0684875924108654],[101.50260932253279,3.0684849191459187],[101.50259638219593,3.0684548061063963],[101.50263157924184,3.0684396810430474],[101.50261581545767,3.0684040954708642],[101.50262816123943,3.0683986265061409],[101.50246497363453,3.0680188779067894],[101.50283697000295,3.0678590216321506],[101.50284458246523,3.067876736347003],[101.50287907500399,3.0677822109926685],[101.50298033734337,3.067825179878521],[101.50299265709387,3.0678621391299883],[101.50302931586361,3.0678828723686165],[101.50302000093032,3.0679279446265038],[101.50305996499897,3.0679501802737277],[101.50305095054739,3.0679904448241064],[101.5030891117257,3.0679740685704084],[101.50308595666768,3.0679671574908656],[101.50330470735928,3.0678758110482143],[101.50339725572881,3.0680933598129494],[101.50317700262853,3.0681857579416172],[101.50317399781133,3.0681788468620748],[101.5031373390416,3.0681932699845986],[101.50317039203073,3.0682185104490154],[101.50315656987163,3.0682629817434637],[101.50319623345857,3.0682849169089685],[101.50318443955111,3.0683264585066548],[101.5032008158048,3.0683587602914741],[101.50315934932755,3.0684597221491412],[101.50306139228705,3.0684167532632873],[101.50305434624164,3.0683974844860882],[101.50300478538088,3.0684187820449971],[101.50302112773669,3.0684562666093682],[101.50302051082036,3.068456535569839],[101.50303017365258,3.0684796687924565],[101.5031960832178,3.0684765491254189],[101.50320990537688,3.0684846621318385],[101.50321275995321,3.0684786524974537],[101.50327075292503,3.0685011886263971],[101.50325212305843,3.0685435565488111],[101.50319413008663,3.0685201189747109],[101.50319856219198,3.068512606931729],[101.50318754918165,3.0685128603038545],[101.50318917213825,3.0685564772627378],[101.50304433994958,3.0685591815982112],[101.50304232810815,3.0685162013496678],[101.50296020506821,3.0685180907231056],[101.50295509687898,3.0685051700091779],[101.50295466288668,3.0685054309044704],[101.5029542244804,3.0685056843124672],[101.50295378178933,3.068505930158512],[101.50295333494387,3.0685061683701758],[101.50295288407565,3.0685063988772789],[101.50295242931753,3.0685066216119115],[101.50295197080347,3.0685068365084538],[101.50295150866854,3.0685070435035948],[101.50295104304892,3.0685072425363522],[101.50295057408178,3.068507433548088],[101.50295010190527,3.0685076164825289],[101.50294962665849,3.0685077912857799],[101.50294914848148,3.068507957906343],[101.5029486675151,3.0685081162951291],[101.50294818390104,3.0685082664054755],[101.50294769778179,3.0685084081931584],[101.50294720930057,3.0685085416164055],[101.50294671860128,3.0685086666359092],[101.5029462258285,3.068508783214837],[101.50294573112738,3.0685088913188436],[101.50294523464368,3.0685089909160808],[101.50294473652367,3.0685090819772061],[101.5029442369141,3.0685091644753917],[101.50294373596218,3.0685092383863326],[101.50294323381546,3.0685093036882547],[101.50294273062188,3.0685093603619182],[101.50294222652973,3.0685094083906277],[101.50294172168746,3.0685094477602326],[101.50294121624385,3.0685094784591347],[101.50294071034779,3.0685095004782892],[101.50294020414832,3.0685095138112097],[101.50293969779457,3.0685095184539675],[101.50293919143573,3.0685095144051955],[101.50293868522097,3.0685095016660857],[101.50293817929942,3.0685094802403921],[101.50293767382014,3.0685094501344263],[101.50293716893206,3.0685094113570579],[101.5029366647839,3.0685093639197114],[101.50293616152419,3.0685093078363619],[101.50293565930122,3.0685092431235326],[101.50293515826293,3.0685091698002882],[101.50293465855692,3.0685090878882306],[101.50293416033044,3.0685089974114925],[101.50293366373026,3.0685088983967281],[101.50293316890267,3.0685087908731092],[101.50293267599346,3.0685086748723132],[101.50293218514786,3.0685085504285197],[101.50293190391719,3.0685084079916805],[101.50293162517529,3.0685082607439309],[101.50293134900447,3.0685081087287416],[101.50293107548625,3.0685079519909912],[101.50293080470136,3.0685077905769522],[101.50293053672978,3.0685076245342771],[101.5029302716506,3.0685074539119861],[101.50293000954207,3.0685072787604497],[101.50292975048157,3.0685070991313776],[101.5029294945456,3.0685069150777995],[101.5029292418097,3.0685067266540527],[101.5029289923485,3.0685065339157633],[101.50292874623563,3.0685063369198327],[101.50292850354374,3.0685061357244181],[101.50292826434452,3.0685059303889166],[101.50292802870854,3.0685057209739481],[101.50292779670538,3.068505507541337],[101.50292756840355,3.0685052901540923],[101.50292734387043,3.0685050688763922],[101.50292712317231,3.0685048437735629],[101.50292690637436,3.0685046149120594],[101.50292669354056,3.0685043823594467],[101.50292648473376,3.0685041461843792],[101.5029262800156,3.068503906456582],[101.50292607944652,3.068503663246827],[101.50292588308572,3.0685034166269158],[101.50292569099119,3.0685031666696561],[101.50292550321963,3.0685029134488402],[101.50292531982647,3.0685026570392244],[101.50292514086586,3.0685023975165078],[101.50292496639062,3.0685021349573058],[101.50292479645228,3.0685018694391326],[101.50292463110098,3.0685016010403747],[101.50292447038557,3.0685013298402692],[101.50292431435348,3.068501055918881],[101.50292416305076,3.0685007793570773],[101.5029240165221,3.0685005002365053],[101.50292387481075,3.0685002186395676],[101.50292373795855,3.0684999346493975],[101.50292360600589,3.0684996483498361],[101.50292347899175,3.0684993598254047],[101.5029233569536,3.0684990691612821],[101.50292329673628,3.0684989185394205],[101.50292256973277,3.0684992354952203],[101.50290600118741,3.0684612321184432],[101.50269418015445,3.0685522569888302],[101.50264697618107,3.0685725417334493],[101.50264297068379,3.0685632206702498]]]},"properties":{"FID":520,"id":0,"NAME":" ","Height":0}},{"type":"Feature","id":521,"geometry":{"type":"Polygon","coordinates":[[[101.50715701446157,3.0687832658403762],[101.50723754356231,3.0685494910628019],[101.50736333208799,3.068592821814569],[101.50728280298725,3.0688265965921433],[101.50715701446157,3.0687832658403762]]]},"properties":{"FID":521,"id":0,"NAME":" ","Height":0}},{"type":"Feature","id":522,"geometry":{"type":"Polygon","coordinates":[[[101.50709060800158,3.0683145143583523],[101.50724475512355,3.0683508726463811],[101.50723966686874,3.0683724451646901],[101.50708551974677,3.0683360868766614],[101.50709060800158,3.0683145143583523]]]},"properties":{"FID":522,"id":0,"NAME":" ","Height":0}},{"type":"Feature","id":523,"geometry":{"type":"Polygon","coordinates":[[[101.50725977920952,3.0683532765001358],[101.50744006824107,3.0683965458677074],[101.50743464912472,3.0684191255191702],[101.50725436009317,3.0683758561515986],[101.50725977920952,3.0683532765001358]]]},"properties":{"FID":523,"id":0,"NAME":" ","Height":0}},{"type":"Feature","id":524,"geometry":{"type":"Polygon","coordinates":[[[101.5076287707607,3.0679169770437897],[101.50768405939705,3.0677402937928724],[101.50778240404091,3.067771068307279],[101.50772711540456,3.0679477515581963],[101.5076287707607,3.0679169770437897]]]},"properties":{"FID":524,"id":0,"NAME":" ","Height":0}},{"type":"Feature","id":525,"geometry":{"type":"Polygon","coordinates":[[[101.50711975472829,3.0673211217945222],[101.50715220675397,3.0672108450035585],[101.50718921300452,3.0672217351263349],[101.50715676097884,3.0673320119172987],[101.50711975472829,3.0673211217945222]]]},"properties":{"FID":525,"id":0,"NAME":" ","Height":0}},{"type":"Feature","id":526,"geometry":{"type":"Polygon","coordinates":[[[101.50749265254188,3.0668213455749864],[101.50748093616667,3.0667718438896951],[101.50753171757722,3.0667598246209251],[101.50754343395243,3.0668093263062164],[101.50749265254188,3.0668213455749864]]]},"properties":{"FID":526,"id":0,"NAME":" ","Height":0}},{"type":"Feature","id":527,"geometry":{"type":"Polygon","coordinates":[[[101.50717783717727,3.067179067195958],[101.50716662987651,3.0671763647262735],[101.50717079322786,3.0671590990633248],[101.50716632939478,3.0671580353413992],[101.50717474288292,3.0671227287393878],[101.50717930143389,3.0671238150323856],[101.50718706263341,3.0670916288814456],[101.50726616007128,3.0671107020224841],[101.50725660862319,3.0671503124395474],[101.50725975588311,3.0671511658180481],[101.50724595705036,3.06720205591327],[101.50717669601407,3.0671832758058173],[101.50717783717727,3.067179067195958]]]},"properties":{"FID":527,"id":0,"NAME":" ","Height":0}},{"type":"Feature","id":528,"geometry":{"type":"Polygon","coordinates":[[[101.50778982896222,3.0666104074080738],[101.50783069447604,3.0666104074080738],[101.50792083899181,3.0666104074080738],[101.50792083899181,3.0666587849648725],[101.50792083899181,3.0667005644430501],[101.50783069447604,3.0667005644430501],[101.50783069447604,3.0666587849648725],[101.50778982896222,3.0666587849648725],[101.50778982896222,3.0666104074080738]]]},"properties":{"FID":528,"id":0,"NAME":" ","Height":0}},{"type":"Feature","id":529,"geometry":{"type":"Polygon","coordinates":[[[101.50771109025374,3.0674982819420316],[101.5077127859131,3.0674919602605084],[101.50768279816397,3.0674838299866769],[101.50766527379247,3.0675476870867291],[101.507708661338,3.0675590281957499],[101.50767590883061,3.0676843290726761],[101.50763099670425,3.0676725894521208],[101.50762756883398,3.0676850802769677],[101.50756420293708,3.0676676907068665],[101.50756206095549,3.0676758586245803],[101.50761269498884,3.067689136780178],[101.50760396774881,3.0677224166554815],[101.5075858002136,3.0677176524417042],[101.50754163106221,3.067888957123476],[101.50742243269806,3.0678582230504916],[101.50741198829309,3.0678968673488862],[101.50752119830524,3.0679253154115047],[101.50747642652905,3.0680971909549131],[101.50728314987059,3.0680479365806566],[101.50728306737248,3.0680482553696495],[101.50728294222439,3.0680482229830837],[101.50726845972375,3.0681052909320812],[101.50717023565717,3.0680803639786349],[101.50718577500894,3.0680191315329934],[101.50718534103142,3.0680190670519623],[101.50718480934006,3.0680189785945906],[101.50718427926412,3.0680188809222138],[101.50718375096329,3.0680187740642575],[101.50718322459672,3.0680186580529161],[101.507182700323,3.0680185329231398],[101.50718217830007,3.0680183987126273],[101.50718165868521,3.0680182554618125],[101.50718114163497,3.0680181032138529],[101.50718062730512,3.0680179420146163],[101.50718011585059,3.0680177719126682],[101.5071796074255,3.0680175929592552],[101.50717910218302,3.0680174052082911],[101.50717860027535,3.0680172087163404],[101.50717810185371,3.0680170035426011],[101.50717760706826,3.0680167897488855],[101.50717711606805,3.0680165673996043],[101.50717662900104,3.0680163365617457],[101.50717614601395,3.068016097304854],[101.50717566725227,3.0680158497010113],[101.50717519286027,3.0680155938248137],[101.50717472298086,3.0680153297533495],[101.50717425775561,3.0680150575661767],[101.50717379732467,3.0680147773452977],[101.50717334182674,3.0680144891751353],[101.50717289139908,3.0680141931425071],[101.50717244617738,3.0680138893366005],[101.50717200629576,3.0680135778489426],[101.50717157188676,3.068013258773377],[101.50717114308125,3.0680129322060323],[101.50717072000842,3.0680125982452942],[101.50717030279573,3.0680122569917758],[101.50716989156886,3.068011908548288],[101.50716948645173,3.0680115530198071],[101.50716908756637,3.0680111905134435],[101.50716869503295,3.0680108211384112],[101.50716830896974,3.0680104450059926],[101.50716792949305,3.0680100622295061],[101.50716755671721,3.0680096729242718],[101.50716719075452,3.0680092772075769],[101.50716683171522,3.0680088751986392],[101.50716647970751,3.0680084670185743],[101.50716613483742,3.0680080527903546],[101.50716579720886,3.0680076326387766],[101.50716546692354,3.0680072066904196],[101.50716514408096,3.0680067750736111],[101.5071648287784,3.0680063379183848],[101.50716452111085,3.068005895356444],[101.50716422117098,3.0680054475211205],[101.50716392904918,3.0680049945473344],[101.50716364483345,3.0680045365715549],[101.50716336860943,3.0680040737317573],[101.5071631004603,3.0680036061673825],[101.50716284046688,3.0680031340192953],[101.50716258870747,3.0680026574297408],[101.50716234525797,3.068002176542302],[101.50716211019167,3.0680016915018578],[101.50716188357941,3.0680012024545369],[101.50716166548946,3.0680007095476767],[101.50716145598754,3.0680002129297756],[101.50716125513675,3.0679997127504524],[101.5071610629976,3.067999209160396],[101.50716087962799,3.0679987023113253],[101.50716070508315,3.0679981923559394],[101.50716053941566,3.0679976794478749],[101.50716038267547,3.0679971637416559],[101.50716023490975,3.0679966453926513],[101.50716009616305,3.0679961245570251],[101.50715996647716,3.0679956013916909],[101.50715984589115,3.0679950760542645],[101.50715973444137,3.0679945487030151],[101.50715963216136,3.0679940194968198],[101.50715953908197,3.0679934885951137],[101.5071594552312,3.067992956157843],[101.50715938063436,3.0679924223454162],[101.5071593153139,3.0679918873186569],[101.50715925928949,3.0679913512387542],[101.50715921257803,3.0679908142672137],[101.50715917519358,3.0679902765658102],[101.50715914714739,3.0679897382965393],[101.50715912844794,3.0679891996215662],[101.50715911910085,3.067988660703179],[101.50715911910893,3.0679881217037388],[101.50715912847218,3.0679875827856322],[101.50715914718778,3.0679870441112196],[101.5071591752501,3.0679865058427898],[101.50715921265068,3.0679859681425077],[101.50715925937824,3.0679854311723678],[101.50715931541872,3.0679848950941446],[101.50715938075521,3.0679843600693433],[101.50716173344715,3.0679723837972581],[101.50716426253021,3.0679604435296213],[101.50716696745417,3.0679485418642414],[101.50716984763049,3.0679366813905289],[101.50717122022341,3.0679313718744274],[101.50711434605739,3.0679160004782071],[101.50716242313247,3.0677381153004126],[101.50717432799358,3.0677413328304417],[101.50717899018549,3.0677232510861057],[101.50715881735192,3.0677176825435049],[101.50720659394527,3.067544605073218],[101.50736059860185,3.067587116775282],[101.50736266840522,3.0675793177561745],[101.50727004947522,3.0675546193748446],[101.50727133217066,3.0675498092669802],[101.50721801225063,3.0675355906216408],[101.50723890077926,3.0674572586393012],[101.50720913008524,3.0674485888012168],[101.50721035004263,3.0674443996828509],[101.50715761542507,3.0674290698521687],[101.50721771176892,3.0672223384293265],[101.5072705460458,3.0672376972307465],[101.50727269992349,3.0672303011948867],[101.50729643752962,3.0672372140737596],[101.50729760234611,3.067232554807787],[101.50731412884066,3.0672367615518565],[101.50731833558474,3.0672229393927712],[101.50733305918898,3.0672265451734022],[101.50733771665563,3.0672107698831419],[101.50735319146418,3.0672143756637729],[101.50735709772653,3.0671989008552316],[101.50737227205335,3.0672026568767219],[101.50737948361461,3.0671799705069196],[101.50739631059088,3.067182674842392],[101.50740697769191,3.0671413586059955],[101.50741621045626,3.0671432051588625],[101.50741854623803,3.0671338465630114],[101.50754762480834,3.0671660628673387],[101.50755842047838,3.0671273862060477],[101.50761121856364,3.0671421235356879],[101.50759788109367,3.0671899064715302],[101.50771569180395,3.0672222373893403],[101.5077266902412,3.0671810221929356],[101.50775422843381,3.0671883708679331],[101.50774317811424,3.0672297804865396],[101.50775186314631,3.0672321639290763],[101.50775076633886,3.0672361605884131],[101.50774765298242,3.0672475053555295],[101.50774591093385,3.0672538532105658],[101.5076970485454,3.0674319029870438],[101.50772673608114,3.0674399518670681],[101.50772845714279,3.0674335354818836],[101.50776959173544,3.0674445689793903],[101.50777010084408,3.0674426886080024],[101.50784431982873,3.0674627833229779],[101.50784203766106,3.0674712124132948],[101.50782647523393,3.0675292315591141],[101.50782633893449,3.0675291949996337],[101.50782523749588,3.067533263116851],[101.50775101851123,3.0675131684018755],[101.50775207274305,3.067509274640988],[101.50771109025374,3.0674982819420316]],[[101.5072178742152,3.067943981061398],[101.50719419986734,3.067937582589003],[101.50719307246449,3.0679413179940034],[101.50719170873531,3.0679461249014168],[101.50719042538699,3.0679509538902643],[101.50718922277676,3.0679558036165209],[101.50718810123929,3.0679606727303903],[101.50718706108675,3.0679655598766806],[101.50718610260864,3.0679704636951808],[101.50718522607174,3.0679753828210385],[101.50718443171998,3.0679803158851424],[101.50718371977447,3.0679852615145013],[101.50718377318444,3.0679855311968725],[101.50718383125839,3.0679857999134916],[101.5071838939789,3.0679860675837061],[101.50718396132714,3.0679863341271747],[101.50718403328288,3.0679865994638966],[101.50718410982455,3.0679868635142307],[101.50718419092917,3.0679871261989242],[101.50718427657237,3.0679873874391328],[101.50718436672847,3.0679876471564462],[101.50718446137041,3.0679879052729113],[101.50718456046977,3.0679881617110558],[101.50718466399682,3.0679884163939097],[101.50718477192048,3.067988669245032],[101.50718488420834,3.06798892018853],[101.50718500082674,3.0679891691490835],[101.50718512174063,3.0679894160519683],[101.50718524691376,3.0679896608230774],[101.50718537630853,3.0679899033889435],[101.50718550988611,3.0679901436767612],[101.50718564760641,3.0679903816144094],[101.50718578942809,3.0679906171304716],[101.5071859353086,3.067990850154259],[101.50718608520413,3.0679910806158301],[101.5071862390697,3.0679913084460124],[101.50718639685913,3.0679915335764241],[101.50718655852505,3.0679917559394925],[101.50718672401895,3.0679919754684768],[101.50718689329115,3.0679921920974853],[101.50718706629084,3.0679924057614989],[101.50718724296611,3.0679926163963858],[101.50718742326391,3.0679928239389254],[101.50718760713015,3.0679930283268244],[101.50718779450963,3.0679932294987369],[101.50718798534611,3.0679934273942813],[101.5071881795823,3.0679936219540602],[101.50718837715991,3.0679938131196773],[101.50718857801964,3.067994000833755],[101.5071887821012,3.0679941850399515],[101.50718898934333,3.0679943656829778],[101.50718919968384,3.0679945427086146],[101.50718941305959,3.0679947160637289],[101.50718962940653,3.067994885696288],[101.50718984865973,3.0679950515553776],[101.5071900707534,3.0679952135912161],[101.50719029562084,3.0679953717551682],[101.50719052319459,3.0679955259997627],[101.50719075340633,3.0679956762787022],[101.50719098618697,3.0679958225468824],[101.50719122146664,3.0679959647604007],[101.50719145917471,3.0679961028765725],[101.5071915992942,3.0679961810755221],[101.50719547612158,3.0679809045295641],[101.50720767571349,3.0679840004985071],[101.5072178742152,3.067943981061398]],[[101.50747577154519,3.0676648519504215],[101.50746979780143,3.0676864926825331],[101.50751826373609,3.0676989891256135],[101.50752390560854,3.0676774747853579],[101.50747577154519,3.0676648519504215]]]},"properties":{"FID":529,"id":0,"NAME":" ","Height":0}}]}